"county","FIPS","rcp","model","centralDecade","aveWetDays","fiveYrAveTotWetDaysCentYr_.10","fiveYrAveTotWetDaysCentYr_.9","fiveYrAveTotWetDaysCentYr_.8","fiveYrAveTotWetDaysCentYr_.7","fiveYrAveTotWetDaysCentYr_.6","fiveYrAveTotWetDaysCentYr_.5","fiveYrAveTotWetDaysCentYr_.4","fiveYrAveTotWetDaysCentYr_.3","fiveYrAveTotWetDaysCentYr_.2","fiveYrAveTotWetDaysCentYr_.1","fiveYrAveTotWetDaysCentYr_0","fiveYrAveTotWetDaysCentYr_1","fiveYrAveTotWetDaysCentYr_2","fiveYrAveTotWetDaysCentYr_3","fiveYrAveTotWetDaysCentYr_4","fiveYrAveTotWetDaysCentYr_5","fiveYrAveTotWetDaysCentYr_6","fiveYrAveTotWetDaysCentYr_7","fiveYrAveTotWetDaysCentYr_8","fiveYrAveTotWetDaysCentYr_9","fiveYrAveTotWetDaysCentYr_10","fiveYrAveTotWetDaysCentYr_11","fiveYrAveTotWetDaysCentYr_12","fiveYrAveTotWetDaysCentYr_13","fiveYrAveTotWetDaysCentYr_14","fiveYrAveTotWetDaysCentYr_15","fiveYrAveTotWetDaysCentYr_16","fiveYrAveTotWetDaysCentYr_17","fiveYrAveTotWetDaysCentYr_18","fiveYrAveTotWetDaysCentYr_19"
"wascoCA_100km_shp","shp","rcp45","BNU-ESM",1970,208.803855037535,225.94425672364,206.086540026767,201.678820931179,186.834112416654,186.426898680622,172.825654114276,208.129706088331,216.292702097182,205.97738522515,227.157022857847,239.253748721767,231.806916359147,249.657253311198,265.082997602736,237.131676353469,227.057209487696,206.681246942462,184.699096217069,159.90259100556,189.01314929208,194.080586595618,214.808776517699,215.187778829625,215.734835442068,196.399032770594,208.303551538675,184.600377568853,185.307478838958,209.357311030731,238.939307985332
"wascoCA_100km_shp","shp","rcp45","BNU-ESM",2000,220.673879054773,238.295391797538,245.973677804986,224.404033376733,185.485071530216,219.966722201438,205.395940645004,204.931050229755,247.625544507676,277.097190860255,208.324577196881,205.282109859756,221.148228360487,197.282640407924,216.895620304717,245.255464359767,266.766347967796,251.170820864182,291.073616329799,259.703980695218,268.405667549964,232.302487864157,228.255052001498,197.934286151269,191.498365394315,155.707091423603,164.365384916199,157.503397418779,165.723153555238,195.80199387209,205.490124811583
"wascoCA_100km_shp","shp","rcp45","BNU-ESM",2030,223.51333473949,245.85356384155,243.323467690651,204.821442968581,205.549390940534,228.75251120634,264.334777940624,257.515040274311,271.682293476932,256.580665201711,257.63473364196,207.417646415145,210.734900246837,223.676670941078,249.003520798523,211.679430858856,241.662876562338,274.920612212303,247.052863765104,221.936920139896,216.63539571445,171.632525262819,141.057197428542,160.790703237127,133.193559502773,154.270970914731,212.575433186168,229.318175247803,233.056034048117,277.252211705312,285.36011276508
"wascoCA_100km_shp","shp","rcp45","BNU-ESM",2060,234.360120230105,224.072071784695,236.034220336573,221.410258644297,204.861851821945,203.763784910197,195.522130984555,175.926551969239,223.01887255739,232.063442603732,235.367581500248,292.175461288845,335.602088641639,304.335475740218,295.937863950306,296.724293987629,284.533642931147,243.185417239804,223.50096582084,233.008695184663,219.179270963195,170.443970135818,179.619686519638,216.213523572372,188.983701126323,188.386695243624,213.914855241765,229.060915738324,217.68162504551,220.375001748082,268.899099551307
"wascoCA_100km_shp","shp","rcp85","BNU-ESM",1970,208.803855037535,225.94425672364,206.086540026767,201.678820931179,186.834112416654,186.426898680622,172.825654114276,208.129706088331,216.292702097182,205.97738522515,227.157022857847,239.253748721767,231.806916359147,249.657253311198,265.082997602736,237.131676353469,227.057209487696,206.681246942462,184.699096217069,159.90259100556,189.01314929208,194.080586595618,214.808776517699,215.187778829625,215.734835442068,196.399032770594,208.303551538675,184.600377568853,185.307478838958,209.357311030731,238.939307985332
"wascoCA_100km_shp","shp","rcp85","BNU-ESM",2000,228.213811179199,238.295391797538,245.973677804986,224.404033376733,185.485071530216,219.966722201438,205.395940645004,204.931050229755,247.625544507676,277.097190860255,208.324577196881,205.282109859756,221.148228360487,197.282640407924,216.895620304717,257.479642703467,256.613488487252,244.171355178902,292.317795960921,292.415677436775,264.493258654429,271.533548749276,267.827700876116,210.834616573732,179.256369200971,197.673872957466,210.363865712074,206.562709824806,196.81823624821,198.990944587643,204.101166826707
"wascoCA_100km_shp","shp","rcp85","BNU-ESM",2030,231.683581431307,206.75693443833,227.88807748797,247.142418459088,258.013480134925,258.602329188314,263.818208722565,277.791026120063,275.161351949117,288.387447120937,283.362813891124,255.44926765542,237.00135697886,295.675804000942,272.083462123668,238.110786695292,257.474430985433,225.618368798595,161.112691186273,195.59304376363,211.664006693787,213.734100907349,211.055762984827,208.36719991925,169.828431644544,176.464319693209,192.423560468085,200.420612777293,202.642023073172,253.718060609849,276.108638419898
"wascoCA_100km_shp","shp","rcp85","BNU-ESM",2060,235.304755704478,293.378791105215,293.918544400491,311.382727725949,260.462003715703,218.240859474889,187.96608516899,207.049647183591,177.744052552183,185.809768740958,214.291575617642,210.869018858982,214.893103095969,279.438139113824,280.619793141149,251.59035740572,257.294002304294,261.132184211453,211.691129096911,241.790862129854,238.640764268671,234.656259345627,201.85356280604,218.056360785327,182.790146922222,228.016315453151,199.44136073209,194.098292416966,213.516124952672,239.902637421964,219.508296719314
"wascoCA_100km_shp","shp","rcp45","CCSM4",1970,216.98560774828,239.510055319849,231.525580175346,239.938134613598,250.52173578259,208.552293682505,194.440214187082,204.00755908847,217.144431830968,187.594826529674,230.307595700748,235.088392239744,248.586341888871,256.846008831007,250.140039199365,232.340643622553,217.679062948233,208.957817079011,183.271035046329,200.334532795024,183.234215109953,183.728141179606,187.909458315357,210.685706127337,189.076153386683,189.379653222483,208.164058743503,229.784952139794,194.02833004044,192.948938128011,217.193791379682
"wascoCA_100km_shp","shp","rcp45","CCSM4",2000,226.453790475864,231.094013853757,198.012154668128,206.82640434053,216.716284834867,206.360407655056,215.604442973801,254.038453271714,272.952184655971,273.583966124991,293.111641125205,257.254491667595,216.69559390289,208.09883688472,201.49695871214,178.923595798532,184.073686063465,238.148817263604,227.917569352782,235.358946021609,216.990430418048,197.500765154709,167.340550202653,200.467295313082,207.578749586767,236.07266975563,265.060072947542,246.898817255581,242.460452308097,241.927987005634,220.416741260425
"wascoCA_100km_shp","shp","rcp45","CCSM4",2030,201.211451449887,197.484561516139,205.468075472307,149.36378301203,143.923362587964,143.618046522276,160.774107971863,158.009323601605,220.624672684726,229.797934471006,254.371586613784,268.308615573684,258.595106644557,210.868630157391,208.51550339499,176.96668117079,139.42843330649,159.945349830148,225.227128858337,217.328599504359,239.25644715606,289.976157662975,276.776123096295,204.809256602016,213.637317017283,204.117888189145,159.607964495356,159.977739738635,196.37523738482,181.419663207318,176.059293212493
"wascoCA_100km_shp","shp","rcp45","CCSM4",2060,210.598855851703,202.086586191678,206.575264155483,171.568791266433,191.366479371854,202.037252408748,196.98692584981,200.455878419517,240.924264923149,255.48623801242,265.751951717427,259.871150976409,248.515227625517,215.569552086319,159.096224910553,162.965193664927,181.55934823335,200.255313554848,191.270083983528,220.557922516056,219.043210058331,188.857145566571,185.03453260914,190.880990956277,207.351604108287,207.579538759288,243.840674958175,234.378705520411,253.379451894509,238.460709460667,226.847049471917
"wascoCA_100km_shp","shp","rcp85","CCSM4",1970,216.98560774828,239.510055319849,231.525580175346,239.938134613598,250.52173578259,208.552293682505,194.440214187082,204.00755908847,217.144431830968,187.594826529674,230.307595700748,235.088392239744,248.586341888871,256.846008831007,250.140039199365,232.340643622553,217.679062948233,208.957817079011,183.271035046329,200.334532795024,183.234215109953,183.728141179606,187.909458315357,210.685706127337,189.076153386683,189.379653222483,208.164058743503,229.784952139794,194.02833004044,192.948938128011,217.193791379682
"wascoCA_100km_shp","shp","rcp85","CCSM4",2000,216.557922126597,231.094013853757,198.012154668128,206.82640434053,216.716284834867,206.360407655056,215.604442973801,254.038453271714,272.952184655971,273.583966124991,293.111641125205,257.254491667595,216.69559390289,208.09883688472,201.49695871214,199.96396683146,199.331071874163,188.271862132285,170.677422429536,177.699706025898,171.458642855869,175.259811026159,184.010295544389,179.325520049121,197.354296211321,185.508763279352,188.816761329976,237.834276143494,261.467164399703,249.507755539549,246.107873636926
"wascoCA_100km_shp","shp","rcp85","CCSM4",2030,201.309593436798,231.956698938602,192.851155335704,170.655409039733,206.733920401977,226.478166948174,229.816287762609,228.340976835301,237.750400229114,196.054889989481,187.211368740287,193.698778879512,202.837453706477,183.076951035827,173.766872382987,177.416654148076,188.855491540749,169.635750525648,185.39384368355,215.999948023686,183.568310483568,173.336337199908,180.457926480778,190.74773090697,187.152944759854,229.689912542084,250.528909903258,235.048896124974,240.233225725596,214.888144936244,202.09689318622
"wascoCA_100km_shp","shp","rcp85","CCSM4",2060,235.686302766836,216.334597317588,218.297612685387,230.665197903871,243.448194264071,247.808260430571,212.460739818707,294.772800966515,283.988735980157,271.671313042693,255.642738044051,280.549489064379,234.478346767931,217.409110706984,209.44514051443,241.582968281144,202.696537309975,161.462868852005,167.666412263266,218.902255205845,206.464229416456,240.004123697759,257.120549515612,275.933193011196,228.110781445638,219.419247547414,221.81525578244,235.664639323087,238.455166735543,246.980576568049,267.299961444384
"wascoCA_100km_shp","shp","rcp45","CNRM-CM5",1970,215.387515517953,157.897835995503,213.725941863797,230.121408513409,218.522313355195,228.307795460868,243.096740255362,199.067490755594,207.580720625135,205.737254585075,202.17447874665,227.230893586385,222.822312612285,229.275066308482,254.961471281901,274.849349152921,267.115888957514,250.2839225698,237.638212885881,220.623855365858,205.996549618304,187.826347790914,201.827961389796,178.272814353427,212.219575462177,193.571620017702,209.533557612968,196.274736156036,209.436870421384,182.101167116151,206.283044203604
"wascoCA_100km_shp","shp","rcp45","CNRM-CM5",2000,252.182423428965,211.900054064754,226.579082599583,248.863079382715,272.245632473828,279.001824663504,279.50271618579,290.839150455975,251.010216268305,216.868724431855,199.156276036884,186.846019081245,164.429216364839,172.086126239161,164.909954874423,154.315927162024,161.337834254981,193.347297989228,236.474301782873,238.886453512411,292.230826915926,291.602218065609,283.774785240863,312.31510600832,319.067039097399,288.422962918346,315.698357063221,356.272971274937,292.345710892418,312.697649071142,298.635014180232
"wascoCA_100km_shp","shp","rcp45","CNRM-CM5",2030,278.461087569227,256.709451325353,197.637418603225,226.484876811479,228.495021624542,245.567906359927,283.271714329032,275.160785954152,244.610800860787,249.518674897566,246.639103481394,236.718281164234,256.996265605604,289.831667889469,301.418816569508,311.941626104723,321.871384295721,346.699910231451,352.508442579395,307.33112703032,278.665375633101,263.186018340124,235.60915247804,271.955695578346,316.375468795829,320.157229419921,342.829576176124,341.210412604399,285.375041695887,288.602738124875,292.123420651001
"wascoCA_100km_shp","shp","rcp45","CNRM-CM5",2060,261.298467926302,232.455709596254,235.284235972798,255.768891266159,259.869832835494,264.87628665146,284.19801702964,285.957243927179,288.775571005092,300.990931278828,308.506575893603,309.187549067025,327.222296601333,294.223114772382,228.607908463744,210.268004260315,218.585903297666,183.774695847803,175.879398719776,214.817956012352,198.243495819038,203.752197844563,228.782346546474,283.700529404215,260.358732164774,275.427493293593,299.642892313686,300.676205707309,269.44330239019,265.577446229911,274.276348820539
"wascoCA_100km_shp","shp","rcp85","CNRM-CM5",1970,215.387515517953,157.897835995503,213.725941863797,230.121408513409,218.522313355195,228.307795460868,243.096740255362,199.067490755594,207.580720625135,205.737254585075,202.17447874665,227.230893586385,222.822312612285,229.275066308482,254.961471281901,274.849349152921,267.115888957514,250.2839225698,237.638212885881,220.623855365858,205.996549618304,187.826347790914,201.827961389796,178.272814353427,212.219575462177,193.571620017702,209.533557612968,196.274736156036,209.436870421384,182.101167116151,206.283044203604
"wascoCA_100km_shp","shp","rcp85","CNRM-CM5",2000,238.661843634908,211.900054064754,226.579082599583,248.863079382715,272.245632473828,279.001824663504,279.50271618579,290.839150455975,251.010216268305,216.868724431855,199.156276036884,186.846019081245,164.429216364839,172.086126239161,164.909954874423,152.61829423482,156.528323953812,163.136338557378,179.132381665978,213.144201633123,219.503818620797,223.623771767725,246.087415968579,270.782776891142,272.599711557741,299.466936993759,315.946469982004,303.405239780483,310.096481362146,294.507786311164,257.737771824012
"wascoCA_100km_shp","shp","rcp85","CNRM-CM5",2030,259.172355919242,256.916573594877,268.220365232681,235.314639709559,219.842029011646,252.711211015706,252.458555138066,233.976419415894,233.21385588954,247.383701423092,267.962036441593,281.743343953332,285.179665946649,303.458886067544,291.115864752037,277.327674551845,248.754574915957,268.720868405338,252.796293120091,259.451480608717,233.601458511047,239.384874149856,268.388330657113,273.997635570058,272.622408944097,299.027993077672,292.137893705757,236.560834180892,256.252825158659,288.683655811726,291.653512493935
"wascoCA_100km_shp","shp","rcp85","CNRM-CM5",2060,263.09170221333,273.832213246065,266.816273073175,245.245663330039,232.652676280319,223.423553225017,256.761990957479,282.431867964501,323.132699610358,313.908823933344,300.338419189598,261.467029464435,275.931800544724,221.821419372201,218.325538412048,218.738054466348,239.899333210846,216.299251559276,241.357378047253,262.367648667107,253.138225521674,269.712451310832,278.425687523071,288.062212421918,275.521599215751,263.391055389908,260.500907268388,239.766487043394,258.930840498209,262.803748616155,286.850266629046
"wascoCA_100km_shp","shp","rcp45","CSIRO-Mk3-6",1970,210.169226981466,228.465498092811,219.03826601141,238.84906647235,242.457497794906,207.781262366032,217.361592935738,214.802825463696,201.138144607315,195.067289459535,229.902859744169,230.961716566644,227.509432143013,207.811293687393,215.094365162651,228.415779814385,211.16930017388,201.145417432221,199.179408219437,197.004709586461,170.285963119511,171.568258732668,205.662482986577,208.588028471789,200.704751089958,208.71338014704,239.463309483376,191.453226782236,205.449420430514,210.352406510209,232.729271006233
"wascoCA_100km_shp","shp","rcp45","CSIRO-Mk3-6",2000,203.224546721536,218.987708949998,236.261671853231,219.84718032844,217.813473352233,178.674185229728,199.776674894341,187.463343759277,200.313824277093,188.354834174708,189.218487928191,164.504325687002,175.433724883289,178.03639095977,206.697738286015,208.970381927545,173.821129405835,154.450695689414,159.132408365387,156.24811482003,163.965635337502,228.035222781708,262.126610126228,243.960224892435,232.240966165618,244.92794600392,204.828133358478,235.534880353957,218.057251506091,230.004167658933,227.710481672225
"wascoCA_100km_shp","shp","rcp45","CSIRO-Mk3-6",2030,192.415308138957,227.957067405917,185.394079913134,204.654450901038,190.24503882134,162.351764882484,173.554329353942,177.270864813767,166.60684246476,157.930882368435,156.694033813848,128.765126552194,108.347171324652,120.990573373005,171.552628040284,222.666021023043,261.85127517862,295.549573758154,292.037829696349,250.03715888332,217.415082171921,210.350100038911,173.390993331227,192.065828823331,178.47673901755,169.953151438503,157.63990823481,176.359612328567,178.136323575259,171.739605224915,177.163704750504
"wascoCA_100km_shp","shp","rcp45","CSIRO-Mk3-6",2060,205.890319954254,174.915010523656,180.378677027836,181.881364825809,191.454223025126,190.441224700514,227.197928723934,218.194858273523,226.011688232171,236.482759677631,234.8345084026,205.680259430128,210.109004873268,184.600240005969,179.626845595241,199.34927045729,174.954170036898,162.610151397811,189.401499122742,197.411486815764,184.276924375683,206.597599833682,220.437551296831,214.309807628624,210.036070856713,220.495996990067,221.604090409006,237.293411806487,239.137319910205,261.883136836838,247.569898832045
"wascoCA_100km_shp","shp","rcp85","CSIRO-Mk3-6",1970,210.169226981466,228.465498092811,219.03826601141,238.84906647235,242.457497794906,207.781262366032,217.361592935738,214.802825463696,201.138144607315,195.067289459535,229.902859744169,230.961716566644,227.509432143013,207.811293687393,215.094365162651,228.415779814385,211.16930017388,201.145417432221,199.179408219437,197.004709586461,170.285963119511,171.568258732668,205.662482986577,208.588028471789,200.704751089958,208.71338014704,239.463309483376,191.453226782236,205.449420430514,210.352406510209,232.729271006233
"wascoCA_100km_shp","shp","rcp85","CSIRO-Mk3-6",2000,215.08353621765,218.987708949998,236.261671853231,219.84718032844,217.813473352233,178.674185229728,199.776674894341,187.463343759277,200.313824277093,188.354834174708,189.218487928191,164.504325687002,175.433724883289,178.03639095977,206.697738286015,230.598169597888,222.895359033943,255.066857329989,240.325819553901,208.669321781778,220.904033310626,251.031867015934,225.71878294425,246.022325015018,280.576214900884,245.111871507814,230.40972550103,234.613139447088,205.955677171679,209.471407973345,234.357148276405
"wascoCA_100km_shp","shp","rcp85","CSIRO-Mk3-6",2030,231.811333624668,208.31638110571,170.18090397552,184.11101286924,195.194121797538,185.717064695266,218.559824866097,263.715528754413,305.708648511657,270.976886791864,250.929817822576,214.505490263253,203.438849200434,184.608929060264,198.614051732451,221.858318539636,247.433202097417,226.16738369344,211.737503898982,214.556306583758,213.835649309114,202.303710718016,197.040831006898,238.739274721645,213.206802499746,239.546336936991,301.412536603804,314.985886409618,265.962632686221,256.387519902041,225.389295630955
"wascoCA_100km_shp","shp","rcp85","CSIRO-Mk3-6",2060,216.136119322666,197.347219662112,222.310751248018,230.389640165038,256.502722382977,253.641659859154,231.09074129968,202.258020657361,189.104672734665,193.019207500749,225.374258081178,226.321759912141,221.848582062266,233.066995522731,211.06816407711,186.766973708093,196.708996777693,193.457789801608,211.653463426252,270.744479643064,253.250458420437,253.649417774033,279.873636612216,245.351218323685,176.580315491186,164.869371455085,158.921262293412,152.914047992239,187.250725763625,209.457014074525,221.6212028746
"wascoCA_100km_shp","shp","rcp45","CanESM2",1970,222.44755936944,200.001957471037,182.700768254938,216.077677594426,260.235280192892,256.847288822596,238.944191916633,253.058200179266,278.044632246559,237.713829890395,222.231075364602,210.320206736093,224.199913806104,209.116877622717,203.144167038206,217.135554428213,241.377715953412,221.357054375268,177.89519470306,173.71864257943,180.743541582039,174.55195503724,191.065374057477,198.94488714369,263.479781568331,252.59199350412,247.28151584367,233.36686918876,254.606086906189,209.961424667556,220.408182006803
"wascoCA_100km_shp","shp","rcp45","CanESM2",2000,201.785993786155,214.515336069525,225.226528134029,219.42546624172,206.603613944818,198.141139860376,236.314185062191,224.035349522105,200.982759276665,195.369732053914,184.793130453478,132.992041844511,155.089100845845,167.412769876656,200.995454796416,214.903333087612,202.331603902097,188.476154848426,195.132224699188,165.014239742012,189.960518131769,200.329068522838,190.979113329912,175.0705482916,225.211472370609,246.036331286896,256.743472608031,250.969562454497,252.692194331104,210.072007861984,157.46145693726
"wascoCA_100km_shp","shp","rcp45","CanESM2",2030,240.571158323279,230.730180326516,268.039364597583,289.443027533887,281.151947228375,304.853634599443,251.447780879379,242.918755377904,247.34012508866,252.731861873187,230.781377302005,233.044397044975,228.238480081863,196.900414086201,211.369088231895,225.671742242805,230.928999564925,213.629129337171,215.083182637569,217.820758480064,194.323375841955,199.62602230487,210.680303160871,214.376218793177,226.492321067747,272.747170940272,259.114167493572,276.777439940387,280.28398180018,246.13599170906,202.097082857622
"wascoCA_100km_shp","shp","rcp45","CanESM2",2060,227.597632187421,210.972696114434,190.681779520585,191.102166605683,193.059310752279,212.220945680799,194.005954070485,199.487616748019,237.758160337434,276.82567540065,258.311766495719,269.51216648806,246.777915512,205.808325343225,171.307583478429,199.993660249538,204.200341276313,242.816726573725,269.346607142536,280.579100817552,287.220267894553,244.909781500612,249.554866887027,232.456808165794,218.509610700111,191.055508898093,230.750938564945,220.906834892367,229.113725529852,273.749241793733,291.977356452844
"wascoCA_100km_shp","shp","rcp85","CanESM2",1970,222.44755936944,200.001957471037,182.700768254938,216.077677594426,260.235280192892,256.847288822596,238.944191916633,253.058200179266,278.044632246559,237.713829890395,222.231075364602,210.320206736093,224.199913806104,209.116877622717,203.144167038206,217.135554428213,241.377715953412,221.357054375268,177.89519470306,173.71864257943,180.743541582039,174.55195503724,191.065374057477,198.94488714369,263.479781568331,252.59199350412,247.28151584367,233.36686918876,254.606086906189,209.961424667556,220.408182006803
"wascoCA_100km_shp","shp","rcp85","CanESM2",2000,211.766961418719,214.515336069525,225.226528134029,219.42546624172,206.603613944818,198.141139860376,236.314185062191,224.035349522105,200.982759276665,195.369732053914,184.793130453478,132.992041844511,155.089100845845,167.412769876656,200.995454796416,213.221018068839,210.933919702847,201.37763676548,206.229204415151,223.80460480854,211.409960003483,242.961984886094,230.718764430535,239.06345478208,201.649993223434,264.454999625753,265.404363285452,272.709394199639,237.488113920044,235.160296601529,174.98519510679
"wascoCA_100km_shp","shp","rcp85","CanESM2",2030,235.942680347924,158.374743166857,161.334432822998,167.845098251129,178.428401069343,225.118122200106,260.385197587462,247.25660661915,235.063719231543,242.190072106914,266.001966096998,263.787261536577,298.818357778679,305.791981076572,289.019179956078,215.233153169073,172.536576660334,172.890058296979,188.153831487744,189.495054547353,209.730213743127,237.832914909771,197.30529314405,204.251959477716,247.108684163398,252.239783346788,233.73779250142,321.774669856209,314.549492562841,296.196710693706,283.071253724572
"wascoCA_100km_shp","shp","rcp85","CanESM2",2060,287.187908564276,287.843205627378,210.202050746621,199.181961823242,194.642583078066,196.380858596146,196.327265731915,237.945798351588,292.544345496118,300.336571430508,336.746298895761,370.603459667768,441.683087960056,473.775308603389,425.709903322326,383.524881502294,359.509788192984,326.093117674583,248.168763364234,247.619836759367,301.327060526027,308.514132174458,254.205879447386,281.727114146165,274.988022091182,224.638029645599,198.55174146129,184.88795936809,227.729957952503,279.521322904005,279.541043484116
"wascoCA_100km_shp","shp","rcp45","GFDL-ESM2G",1970,207.970280875535,205.966802375596,212.413629389271,193.845151643791,224.087039707124,263.637615545099,236.962032976185,210.430286200922,216.248244892497,230.80624992423,197.474677103758,229.155482575297,241.343817009007,259.773877826173,229.173510628798,230.27017305393,225.174647469753,225.837836146114,198.538413042041,193.235564701214,184.239980297107,168.911091521703,139.536770385484,156.05093658124,189.422697578145,213.283626931063,185.292140780465,215.256306890586,223.365061267468,193.410174713703,195.485373629012
"wascoCA_100km_shp","shp","rcp45","GFDL-ESM2G",2000,217.097104430971,215.506051095066,236.456957873291,240.920461376578,251.206712403883,218.764443430565,237.897706691735,235.972153897127,227.096089279752,224.6227256921,232.986922419412,225.936963314561,230.621842209127,225.384299909356,211.464969566304,211.156148608917,208.362184973207,174.472052490169,212.663726318575,244.410721398845,262.996407410201,251.642305347614,243.925074182857,206.545113118098,163.568630148847,145.846643526456,143.38755007894,184.047592800755,189.972936583468,235.215415134695,235.889431505924
"wascoCA_100km_shp","shp","rcp45","GFDL-ESM2G",2030,198.961449667091,231.662497906512,199.904301371408,219.660351821339,210.769799743728,192.306155615694,199.161390466742,225.925627401702,246.329376548428,232.51331120884,226.850643605496,235.212209062083,213.8144158671,175.344897915839,196.216512392336,217.723652293505,209.150151228252,217.471471839712,214.83481238666,202.72514082096,184.197788115714,189.455894861569,168.983988758741,149.699561400114,146.11920054587,147.532490446873,172.102898648451,180.944822601236,187.899697930163,162.337534417358,172.338710924963
"wascoCA_100km_shp","shp","rcp45","GFDL-ESM2G",2060,217.556317001813,147.768777870615,141.027400024386,142.837415945505,169.37208002172,204.975111070611,205.426716182258,252.692719576555,231.003474966655,244.881099506219,240.141444399451,253.755134276148,221.763919122402,251.522095881869,283.229385710104,279.053012060698,283.303050401696,276.124105308303,271.375642931853,223.462055041955,217.796654823703,215.447339985266,200.101298708577,174.606619015446,183.681999611353,168.197547124592,167.735829601244,201.015826003961,233.992653269549,225.365229624991,225.249713311392
"wascoCA_100km_shp","shp","rcp85","GFDL-ESM2G",1970,207.970280875535,205.966802375596,212.413629389271,193.845151643791,224.087039707124,263.637615545099,236.962032976185,210.430286200922,216.248244892497,230.80624992423,197.474677103758,229.155482575297,241.343817009007,259.773877826173,229.173510628798,230.27017305393,225.174647469753,225.837836146114,198.538413042041,193.235564701214,184.239980297107,168.911091521703,139.536770385484,156.05093658124,189.422697578145,213.283626931063,185.292140780465,215.256306890586,223.365061267468,193.410174713703,195.485373629012
"wascoCA_100km_shp","shp","rcp85","GFDL-ESM2G",2000,206.85655156306,215.506051095066,236.456957873291,240.920461376578,251.206712403883,218.764443430565,237.897706691735,235.972153897127,227.096089279752,224.6227256921,232.986922419412,225.936963314561,230.621842209127,225.384299909356,211.464969566304,185.431258410807,171.341918222782,130.822990586119,123.445221722838,130.591197008978,151.462905371962,153.240933739025,150.138777021677,147.855504669796,144.120016864053,238.323911664577,247.744765657111,250.139070395423,276.437732420039,312.924028598776,229.334815842967
"wascoCA_100km_shp","shp","rcp85","GFDL-ESM2G",2030,234.003851468571,257.400792477448,275.113099362965,259.992185175238,228.020283748064,203.423723424785,190.153519450936,213.3221609246,227.336673488124,225.316457974745,252.809076948063,262.248943002803,253.238056517741,271.579295552389,268.44946516377,289.602871107905,261.238790026969,265.233273357253,235.562954108472,263.0304068954,225.560638076719,206.824006710921,188.651337159503,189.701058987164,173.386182359523,173.536217147644,192.809860384725,184.519216349831,219.850941500038,264.972082084056,264.160984140434
"wascoCA_100km_shp","shp","rcp85","GFDL-ESM2G",2060,194.460344665239,262.851926698187,278.574194557448,242.192247618338,212.06514732341,213.327586202469,211.768262009789,205.5090395424,188.89703852451,173.93156042392,171.615870189145,177.567123426071,162.704108534929,182.574405210518,185.524432897016,212.453570315884,193.786366629279,191.782701116028,201.796958298183,196.871086486211,174.225821403151,196.627033716149,225.887689875994,197.607787878766,168.550582422572,150.116348054333,137.972537806329,131.549706197357,153.693630461119,172.13182465714,192.243761625174
"wascoCA_100km_shp","shp","rcp45","GFDL-ESM2M",1970,218.695857744814,242.832518141915,222.825513837118,241.459287819848,232.302247942583,232.613845941068,199.626956585888,189.901084909149,158.460067506491,162.001099461146,158.339166395472,193.519084713937,213.493342051,227.141985508418,229.615242487523,214.303715025476,200.039057700221,204.704433868279,208.500735552363,217.97352097912,216.404898100334,211.171647665943,227.302061391725,259.450956157939,231.475154707378,232.576427694272,277.419244854248,258.307406776782,217.162113923828,208.663054616443,218.766525293641
"wascoCA_100km_shp","shp","rcp45","GFDL-ESM2M",2000,201.377563808103,189.530213063143,187.77356437533,178.924906421912,191.467468953745,194.306344458069,194.095109733718,199.425284778179,205.091341696875,203.69587524733,203.7562708279,215.711810615277,208.420127338482,203.741773464277,205.893581699437,219.817416442389,203.746644832826,194.66709665767,206.067796597136,197.523406776696,189.133288805623,191.335709935166,205.023412294109,212.905101512909,221.008133236407,202.375967495309,215.653317019193,204.587547452422,201.53446315551,232.746349255264,224.612679161508
"wascoCA_100km_shp","shp","rcp45","GFDL-ESM2M",2030,220.254706309479,192.153900028248,215.311915583091,230.333931216031,248.355333443538,261.19137688675,251.619251123276,229.69191245967,201.32834386091,149.859527231788,158.443474636054,160.599222405541,161.05580301923,176.960855603359,182.510337617411,210.059632332016,236.20763516684,251.518024392852,246.087809974547,241.168388240556,203.269897203082,204.214196428456,204.06234244051,224.749743380059,232.069903176933,251.646439183089,279.659849531653,258.998466416822,242.067553821969,236.452208495552,233.851247882973
"wascoCA_100km_shp","shp","rcp45","GFDL-ESM2M",2060,187.731647574295,194.997522690983,207.486421089883,204.731502017399,208.983288795388,183.746160899705,206.930154984131,204.998157152207,214.785584667651,209.30446951448,216.161973597365,181.488085253251,160.809483684103,140.687035861049,137.253126501024,152.848926511768,157.41077474735,169.036663965555,167.896974476881,183.868382698799,151.536274593005,172.248436480409,192.098550717979,204.245008111893,185.306096973905,200.378564608298,183.093822790236,193.447918314213,194.043780310899,214.111977433912,206.713437769675
"wascoCA_100km_shp","shp","rcp85","GFDL-ESM2M",1970,218.695857744814,242.832518141915,222.825513837118,241.459287819848,232.302247942583,232.613845941068,199.626956585888,189.901084909149,158.460067506491,162.001099461146,158.339166395472,193.519084713937,213.493342051,227.141985508418,229.615242487523,214.303715025476,200.039057700221,204.704433868279,208.500735552363,217.97352097912,216.404898100334,211.171647665943,227.302061391725,259.450956157939,231.475154707378,232.576427694272,277.419244854248,258.307406776782,217.162113923828,208.663054616443,218.766525293641
"wascoCA_100km_shp","shp","rcp85","GFDL-ESM2M",2000,191.169808074068,189.530213063143,187.77356437533,178.924906421912,191.467468953745,194.306344458069,194.095109733718,199.425284778179,205.091341696875,203.69587524733,203.7562708279,215.711810615277,208.420127338482,203.741773464277,205.893581699437,215.529896533143,209.348562456677,199.329790554213,208.837990240422,211.03296619875,189.274214808081,160.535206307832,169.697408039783,165.21381552679,178.053312779667,185.283136719079,199.537302088592,185.264311980524,185.209021094135,150.981841874579,156.421814823672
"wascoCA_100km_shp","shp","rcp85","GFDL-ESM2M",2030,216.474889722258,194.664871739067,256.786568430708,278.478781993958,321.064008504067,325.500587909536,287.685089721528,251.748013823346,243.197682312131,216.715819550594,189.963302371879,182.753248148815,171.427665161655,140.851110280493,135.976733313145,142.489602784426,136.327314701135,128.107074027662,183.906821584039,175.065740187511,165.496396946656,161.951863074995,172.594029085203,178.474557013785,214.335048761432,268.55644664936,284.00651331848,303.797426271308,273.940385149143,260.812562347622,253.940900364207
"wascoCA_100km_shp","shp","rcp85","GFDL-ESM2M",2060,195.011903156882,256.819277951136,217.964911545552,224.748811753746,198.001216101461,160.126183790927,163.696244519317,188.553725843498,169.563370899851,184.110051646477,196.68969775943,190.678887430566,181.689122043956,183.076005933893,182.660548053898,189.492004247597,190.185057861767,181.440918159696,182.888936566333,211.122237889163,198.461260816355,198.159358529857,194.255765861198,203.593984099023,187.935046982911,174.816220804161,192.555159795495,192.796571827888,206.200309688445,235.894592267576,267.562317751494
"wascoCA_100km_shp","shp","rcp45","HadGEM2-CC365",1970,212.169609327269,212.19288767659,222.431674415872,252.908280670036,263.604245355033,249.159859276701,254.501701493225,260.869311240335,250.403994096901,256.720802078042,276.220949268893,255.309996386505,218.454168730327,195.509375229021,198.137958490161,146.801111784342,152.057102122512,173.740452778048,169.844911907628,138.644264219355,150.555127238144,162.596681335809,153.825541588413,160.030186597792,202.61191036501,219.524483679636,213.698171876541,210.750423037559,244.320907462235,213.228464691647,210.006221055483
"wascoCA_100km_shp","shp","rcp45","HadGEM2-CC365",2000,196.22514793908,209.208715486055,234.00786450126,223.089999277112,245.95668564786,262.934480503041,250.016245580743,228.509384105141,229.583421700681,235.620460587364,210.533325853919,244.194497719994,229.60573616814,227.335688710599,214.13917399967,217.084156284659,216.427132763074,238.690369944631,202.585363658651,179.086758582911,178.73855549957,142.678443291728,127.192239061575,134.092099615324,134.825262780357,148.316066205747,160.671809718163,158.189545356194,160.66431467211,168.112615912089,209.963391656647
"wascoCA_100km_shp","shp","rcp45","HadGEM2-CC365",2030,206.069790264414,220.59608564414,215.612389695123,223.40323241052,234.527499712437,170.190289628094,166.324392714023,178.926828134602,216.538664088315,200.462543471945,183.680829959466,193.274328565929,198.903691021039,182.95974162824,187.754392227651,217.039114116007,215.331088765723,235.549351221644,224.584052146826,233.237138105954,242.482312161493,236.129729225198,211.961390690149,213.503781351578,197.644213289123,173.443836069599,158.278928702227,174.653224824655,175.429269961004,162.305704943349,191.724338676201
"wascoCA_100km_shp","shp","rcp45","HadGEM2-CC365",2060,237.137226687527,222.409727230768,232.775672106651,207.943346641752,249.414121029162,262.811211948493,279.028465600297,288.196860746041,298.9361844353,276.925546235142,264.809476822138,232.255110566438,218.123231778487,218.239235278507,226.364927784803,218.72491907362,247.144538684234,221.961221254544,238.131510596675,247.181023748645,232.350324976324,191.023274366522,200.315634745099,195.873477330673,158.820287407548,175.097852349708,231.19401436552,265.484285025289,263.699605842256,274.046396072279,242.007380038289
"wascoCA_100km_shp","shp","rcp85","HadGEM2-CC365",1970,212.169609327269,212.19288767659,222.431674415872,252.908280670036,263.604245355033,249.159859276701,254.501701493225,260.869311240335,250.403994096901,256.720802078042,276.220949268893,255.309996386505,218.454168730327,195.509375229021,198.137958490161,146.801111784342,152.057102122512,173.740452778048,169.844911907628,138.644264219355,150.555127238144,162.596681335809,153.825541588413,160.030186597792,202.61191036501,219.524483679636,213.698171876541,210.750423037559,244.320907462235,213.228464691647,210.006221055483
"wascoCA_100km_shp","shp","rcp85","HadGEM2-CC365",2000,205.590950567268,209.208715486055,234.00786450126,223.089999277112,245.95668564786,262.934480503041,250.016245580743,228.509384105141,229.583421700681,235.620460587364,210.533325853919,244.194497719994,229.60573616814,227.335688710599,214.13917399967,192.463559029389,167.149527569923,179.24917202771,177.472538329561,166.794066005198,182.652796654062,195.182227252584,208.8231105529,202.196114254339,211.688755932541,217.150584416377,211.450098536121,191.516505935216,173.867941131315,153.944036411175,131.884531855372
"wascoCA_100km_shp","shp","rcp85","HadGEM2-CC365",2030,217.795912809933,132.876443610147,187.471114605826,205.446186060918,250.841944141169,292.390130788278,289.672135059541,232.811797709818,230.255234091521,181.789801245255,176.49355533423,181.467255176749,224.832786990236,212.660816149318,217.454685299334,201.536199749971,198.347032362704,192.163560025941,216.84449950289,244.506829199054,261.955599141733,285.976397878875,259.507711417225,255.068449934033,226.292725480847,206.827690880557,189.786841613285,182.460915864061,186.500291120921,197.120870728108,184.509214419162
"wascoCA_100km_shp","shp","rcp85","HadGEM2-CC365",2060,227.515094962796,182.624342217364,228.457920796713,224.353098891701,198.875658641008,234.399473613862,216.819880192699,192.609646919982,182.083271267488,190.158988904687,200.739633232772,224.143883745603,274.389450033892,306.805425933079,329.301615116402,329.077606654278,311.480393977097,241.312051916564,194.115242837766,183.972899975329,154.03604279027,171.870541932431,246.781348926857,275.451157446135,299.679876125516,305.90849040694,303.670500037054,223.635287508238,182.282373400609,149.447617946635,165.406094522784
"wascoCA_100km_shp","shp","rcp45","HadGEM2-ES365",1970,200.497231471784,201.813548348508,175.510119823585,188.568382954608,185.453107677315,156.97672412829,163.844721254124,191.233382549641,188.384414637641,221.614952099614,242.800758815825,209.757316368788,201.483437564969,167.864504720818,138.742873619391,160.183421485818,181.566220027444,192.432438301323,232.082034386644,263.739159832694,264.802174000286,237.97333657284,215.003401947824,193.065611977815,159.737410188198,133.624395600518,168.370401340608,204.10629182345,233.018440153181,271.401342925128,259.555048170746
"wascoCA_100km_shp","shp","rcp45","HadGEM2-ES365",2000,247.325260208196,258.546301747502,256.569234474159,241.389026399915,234.208527841933,290.799893286955,296.48754843044,311.617889012993,292.71239777402,298.898233025147,250.964944214587,224.913289837479,189.737833234312,173.762132184794,142.378301755351,133.50316547491,160.255217926957,153.992396501575,188.196813097225,197.456061536054,232.742943578507,214.399825703927,228.564628651668,247.248626077687,270.103132165522,279.4022929223,326.553876163331,336.52987314269,340.642565715534,326.892125428205,283.79139105796
"wascoCA_100km_shp","shp","rcp45","HadGEM2-ES365",2030,226.99780146949,238.804424771907,254.218265794052,230.643175887369,212.070156590495,211.942481716062,192.11178888236,173.733413103474,169.445638587138,185.609332882475,218.263953978415,241.023868493475,255.461049540642,223.004971904049,234.119740373533,232.976444221411,228.283262904806,226.054576047693,236.532042196774,214.318029414985,213.480106561613,254.142778817933,237.452683443022,257.448469726385,278.237415079286,291.597382450605,250.456505220506,223.539584595667,244.912510515223,282.741574768928,249.383666380558
"wascoCA_100km_shp","shp","rcp45","HadGEM2-ES365",2060,225.179555475428,273.978690283969,319.248663450251,300.688429895485,244.951457746613,245.452584239745,226.67711176958,177.328854282541,155.89218350532,155.700342399599,154.806843795941,145.423877654232,158.488818390793,196.933107900068,224.6489591654,218.784065302303,241.765332814499,247.587257968998,223.076179208489,204.51188916851,238.006257637583,196.981461690421,212.101879245735,237.462207894193,242.131921871624,251.090244824918,280.966558737004,271.346912700951,237.025224449016,231.905935597671,187.406415955878
"wascoCA_100km_shp","shp","rcp85","HadGEM2-ES365",1970,200.497231471784,201.813548348508,175.510119823585,188.568382954608,185.453107677315,156.97672412829,163.844721254124,191.233382549641,188.384414637641,221.614952099614,242.800758815825,209.757316368788,201.483437564969,167.864504720818,138.742873619391,160.183421485818,181.566220027444,192.432438301323,232.082034386644,263.739159832694,264.802174000286,237.97333657284,215.003401947824,193.065611977815,159.737410188198,133.624395600518,168.370401340608,204.10629182345,233.018440153181,271.401342925128,259.555048170746
"wascoCA_100km_shp","shp","rcp85","HadGEM2-ES365",2000,224.337254848011,258.546301747502,256.569234474159,241.389026399915,234.208527841933,290.799893286955,296.48754843044,311.617889012993,292.71239777402,298.898233025147,250.964944214587,224.913289837479,189.737833234312,173.762132184794,142.378301755351,136.145569949203,121.331387409161,115.850408955541,148.245096032025,199.006398507331,210.15637360732,254.836685753802,259.325169241218,242.619884275828,241.65432965337,269.970102924239,254.586592061823,262.903788744169,247.294992421482,213.279880939123,191.365487114232
"wascoCA_100km_shp","shp","rcp85","HadGEM2-ES365",2030,226.206210352204,175.85459712663,202.050491793644,255.891374857844,237.336010338933,233.675852591401,235.269821285529,201.959208763208,162.249014984628,175.839794771539,175.121390828119,173.187642225653,191.090875923824,224.889229806515,255.750755839396,299.467753803479,303.497542211574,305.749252888219,314.86760273942,287.59349548323,244.720002467945,241.422914787545,222.728996592228,185.663416515948,186.17108298793,175.704857861223,170.908496139959,213.739343015804,213.676623208866,226.521811462864,230.489579461972
"wascoCA_100km_shp","shp","rcp85","HadGEM2-ES365",2060,205.148342870455,225.274037665435,184.071232268039,169.267921870631,159.816104980536,166.305516716733,206.958425158433,211.82660309575,267.015964326644,253.87326329506,243.959767531937,207.779557022974,172.827811526309,146.789859772612,155.974186222642,150.924763206781,144.885689447835,165.321001589228,160.313002522616,143.638992450625,179.015603676749,207.338135898108,241.341160715856,238.943194420706,232.709138718172,250.597195597575,262.288047553865,239.319919292814,248.560114309523,278.055800520882,282.540762486592
"wascoCA_100km_shp","shp","rcp45","IPSL-CM5A-LR",1970,197.618500630285,218.361413967258,209.945285356406,170.123537482095,171.831758464808,169.605966004428,186.798749160476,203.048942803855,232.309875232493,208.74736263754,209.272267414755,178.667181305512,167.233316490104,194.273149225076,202.993348928885,226.123120419626,258.775422042307,259.51048782219,224.028283559965,204.13295639643,177.675419017412,159.158763450765,173.884408184495,165.899798969844,171.959318514138,188.277935897918,214.150232197043,194.917372431508,199.076359312236,218.623196751577,208.487517216195
"wascoCA_100km_shp","shp","rcp45","IPSL-CM5A-LR",2000,243.420233723324,182.296357789039,210.238273272962,213.5094009774,211.900644724829,184.513655546287,187.830657416542,203.938078359472,250.391989499933,266.737401246683,293.321043158862,280.696255997927,278.752495326328,271.806564528663,240.470826428476,242.532577032222,296.907451426421,306.635324620147,281.152188960209,283.385844814286,271.671657513177,217.54958628693,224.02984750907,224.883250528995,242.351503015438,261.633429405555,262.06209451485,208.096086845394,218.778007844743,188.723179976075,155.331930420094
"wascoCA_100km_shp","shp","rcp45","IPSL-CM5A-LR",2030,219.424699400354,167.500392624053,252.097569871752,227.05456001578,255.159645448279,254.059433285365,235.113943532481,162.842335244512,208.484938656742,189.729000469832,219.401998725032,256.937034738465,275.024398283314,234.759617973267,245.983469522481,216.332635957259,186.087208900844,187.540287998033,215.182741232758,217.559897644396,216.503924137976,222.962478535294,229.879468848549,199.460792558603,212.629407022046,226.839965286118,239.425696625683,224.518639084647,231.605545964978,223.188005919368,229.662259370139
"wascoCA_100km_shp","shp","rcp45","IPSL-CM5A-LR",2060,202.455623947458,233.710321008677,217.376348838601,199.695522205135,185.3146638568,205.234170287506,167.347171628706,177.847795479476,187.319205198756,178.180865522356,140.297424647172,198.796412972258,251.707984944716,245.011610282325,255.377857480943,267.756923896099,214.596750260869,149.411831928579,160.376303872386,176.576575508232,171.310825544214,182.587266935809,198.131306467388,189.532792352391,163.113334176672,191.807678458476,196.730115713761,197.184967671154,232.798309773754,253.800301757681,262.189086328462
"wascoCA_100km_shp","shp","rcp85","IPSL-CM5A-LR",1970,197.618500630285,218.361413967258,209.945285356406,170.123537482095,171.831758464808,169.605966004428,186.798749160476,203.048942803855,232.309875232493,208.74736263754,209.272267414755,178.667181305512,167.233316490104,194.273149225076,202.993348928885,226.123120419626,258.775422042307,259.51048782219,224.028283559965,204.13295639643,177.675419017412,159.158763450765,173.884408184495,165.899798969844,171.959318514138,188.277935897918,214.150232197043,194.917372431508,199.076359312236,218.623196751577,208.487517216195
"wascoCA_100km_shp","shp","rcp85","IPSL-CM5A-LR",2000,243.571238031186,182.296357789039,210.238273272962,213.5094009774,211.900644724829,184.513655546287,187.830657416542,203.938078359472,250.391989499933,266.737401246683,293.321043158862,280.696255997927,278.752495326328,271.806564528663,240.470826428476,223.324915796378,216.829568959497,217.639175743577,204.992039660793,218.942915863511,223.066349588952,250.526638754304,231.905422892379,201.386753846163,196.026984107499,239.148229499036,269.7365505814,298.714597737604,319.340679674162,354.00358808001,323.344186378539
"wascoCA_100km_shp","shp","rcp85","IPSL-CM5A-LR",2030,223.923268005398,289.058826231936,280.937368823452,275.776536609237,250.434583781775,278.135086136494,267.077867051076,234.684372035416,226.773637774843,214.643050907793,207.534445369971,236.074938823614,223.672647285401,215.234124189294,230.179532003302,214.95033235571,169.7060155744,221.349854097312,260.007447678603,233.181070868345,202.816184402706,217.998996785765,206.870910208063,185.668740214071,196.585650677472,195.539961029123,180.990874886964,158.744741662644,180.079121566341,208.282200588813,265.165264939278
"wascoCA_100km_shp","shp","rcp85","IPSL-CM5A-LR",2060,208.305830021384,296.83710653221,336.09674930708,346.05025909535,366.628334427733,345.922353573103,315.488747359662,265.722964963262,225.121876109213,168.291738298701,145.694710448083,161.787506160842,160.361659911526,142.863377824004,149.671437478838,143.717229188903,115.509722794005,143.657329688259,162.244776703864,166.949795103204,160.430355044527,165.280588088423,188.925665804071,226.319956913972,221.349851631747,207.855859098982,228.554082955295,192.742372817253,147.234733481901,145.505060057508,161.321260675738
"wascoCA_100km_shp","shp","rcp45","IPSL-CM5A-MR",1970,225.036987796989,238.895252208688,204.207165489825,210.503253873892,239.913327504489,244.0513568681,249.987291810338,235.739092463506,230.610606615331,191.889721325652,203.244838178971,251.860233413882,247.327838040181,227.072918333028,224.0957297695,204.776508112718,189.641047919218,196.865127935604,202.523293768547,242.493378536438,235.122100572644,227.721806180156,263.459784228051,252.192653461809,228.024919438131,236.027749512533,242.830922194653,213.108812394563,227.319200729325,212.719900479416,201.198104476061
"wascoCA_100km_shp","shp","rcp45","IPSL-CM5A-MR",2000,208.041676512591,176.127731876115,210.042411776344,183.760564311917,212.10168702485,234.35832169645,251.141185121283,219.19372071099,242.988633226706,223.828543924392,195.556352953417,164.31596939334,163.65161683452,146.709306531046,128.797415695673,148.311419878168,154.444421132491,142.960998936309,139.910193408178,155.233471338215,192.235243478367,210.65558258568,222.264350213296,267.935598927194,312.554221664836,293.723995124531,290.591440390708,287.366960365323,266.945762670502,238.812210371087,203.21561885725
"wascoCA_100km_shp","shp","rcp45","IPSL-CM5A-MR",2030,210.506798114517,209.804563107043,237.869310057284,220.489601246526,225.464193234068,275.912501690073,266.008929119257,241.272868236488,253.455979010112,239.800875307434,224.356604078502,230.410973390385,247.332188153407,263.462807693215,262.516155727484,234.802349115983,231.886309339412,198.334242579913,198.736994930851,200.016407464369,184.738075518608,181.910718080341,185.725986187004,158.352881320187,166.427352384616,170.828885426134,154.690674309829,165.796722939987,168.542524486213,167.789266466829,191.388310774122
"wascoCA_100km_shp","shp","rcp45","IPSL-CM5A-MR",2060,231.943769579921,268.741134407228,275.250872664179,268.978668021644,245.927571841703,213.691665816407,163.791981461333,161.742808382268,176.093445702946,209.20354324804,292.554112079127,271.133262863213,254.810220891849,246.311947188233,247.375729117931,205.801176678954,212.314905823762,242.057212304637,240.183518874154,209.243049756877,181.840896426698,173.402759485539,153.37873428633,132.899260229128,154.390308844757,240.941039044503,278.830577961624,304.737445409611,327.195777463421,303.641688976173,279.291029908782
"wascoCA_100km_shp","shp","rcp85","IPSL-CM5A-MR",1970,225.036987796989,238.895252208688,204.207165489825,210.503253873892,239.913327504489,244.0513568681,249.987291810338,235.739092463506,230.610606615331,191.889721325652,203.244838178971,251.860233413882,247.327838040181,227.072918333028,224.0957297695,204.776508112718,189.641047919218,196.865127935604,202.523293768547,242.493378536438,235.122100572644,227.721806180156,263.459784228051,252.192653461809,228.024919438131,236.027749512533,242.830922194653,213.108812394563,227.319200729325,212.719900479416,201.198104476061
"wascoCA_100km_shp","shp","rcp85","IPSL-CM5A-MR",2000,212.717439382305,176.127731876115,210.042411776344,183.760564311917,212.10168702485,234.35832169645,251.141185121283,219.19372071099,242.988633226706,223.828543924392,195.556352953417,164.31596939334,163.65161683452,146.709306531046,128.797415695673,158.580442964323,173.61429111952,222.785080683944,249.516160853819,254.845403231961,239.519247765418,245.822608195526,185.842642797555,151.624385844929,150.937353563429,144.659069465317,220.069081120389,268.548176257227,301.705585525413,309.2794450267,317.869460879622
"wascoCA_100km_shp","shp","rcp85","IPSL-CM5A-MR",2030,225.003152951565,253.669423313223,222.015250335067,209.058162589627,258.731315270969,270.033525233789,263.84103738801,250.524121241899,250.551057509421,219.359469443028,213.861910965537,233.131044599936,227.856022980428,233.930186348662,233.011916341003,223.020572331889,227.743125228248,245.68957652283,244.585348100112,222.802093798745,231.293310143179,210.069351973016,216.156643795204,210.107946523522,204.80172001862,185.169195088834,195.803055568476,190.432659801761,201.786216638044,217.908717378502,285.826473660842
"wascoCA_100km_shp","shp","rcp85","IPSL-CM5A-MR",2060,230.330453889957,250.160602877598,216.940454541483,193.223068922006,213.663894133746,181.996621160279,191.645441250172,215.495064957189,232.220285536379,215.152624764672,176.024377619769,193.696820613491,221.621973048457,199.199594702599,175.929735298796,172.38831164712,154.582859916694,149.087211691776,194.217568657595,193.928685837844,201.708293153943,295.359851705647,315.247854123453,307.411832988995,334.547588436792,364.314674890995,287.441470499011,250.972007335246,255.710372532167,311.358729808961,272.773025389041
"wascoCA_100km_shp","shp","rcp45","IPSL-CM5B-LR",1970,215.475387224981,181.092787187087,181.551623713147,203.242121268969,229.667633915223,241.701268287756,247.386258428862,247.012491717829,241.352875445638,239.619296543626,248.926990783004,253.130078489501,258.666990240917,267.215721509443,268.144196279533,230.01893981937,217.381297077525,209.912887511841,177.775788962841,156.923279076052,170.838438055732,184.145672075265,182.726537420724,225.427053770022,228.814668644859,227.226397125037,219.46056507572,212.13062831628,177.838762392972,204.888936791898,210.905359545671
"wascoCA_100km_shp","shp","rcp45","IPSL-CM5B-LR",2000,211.024933318425,208.653165573193,210.725666619401,210.533004915102,184.670661648606,178.961725704477,202.327037183765,206.298845436447,215.724925967379,258.670221225431,265.495081433985,230.611434733838,233.070848428491,232.215444801843,200.155962488627,202.526339145441,199.439099145608,190.174064998725,189.530454847638,170.7189981062,165.926218302142,204.506284399662,237.896183753731,235.302062895979,234.494019324465,244.248967786173,244.528170736721,203.162948766672,182.843706482609,191.655517852457,176.643567230876
"wascoCA_100km_shp","shp","rcp45","IPSL-CM5B-LR",2030,221.409858485706,196.67614749365,219.194532651532,239.280001698259,233.672594301187,234.312788724588,212.430483285385,221.977903891372,225.580275233888,221.008588862349,218.568551692106,218.567344937516,179.746918401649,158.581221501589,172.264211650634,209.274210557979,213.51826039062,216.92416401365,227.394651236679,257.741049844709,243.222005356903,224.004545719716,245.080416195591,267.520015271344,264.697774953172,240.350600827021,236.969476619553,218.723720476242,210.102985972477,174.253160239721,190.553751679713
"wascoCA_100km_shp","shp","rcp45","IPSL-CM5B-LR",2060,225.093626250368,190.874356534214,224.3383200458,203.343795455857,202.629991255134,208.320102381345,201.069127742369,215.34807929209,211.983801386673,255.878583983972,248.436184669956,246.612260569988,240.971101435216,253.213552903206,226.201123513979,212.924877933561,228.424197298619,195.616614362994,190.304342805371,188.505218637486,210.733420176212,196.943537315511,227.249337146629,231.800960658626,220.042249633869,206.288983477868,237.597020831534,220.414451086019,259.915304292473,263.606950007745,272.981101047561
"wascoCA_100km_shp","shp","rcp85","IPSL-CM5B-LR",1970,215.475387224981,181.092787187087,181.551623713147,203.242121268969,229.667633915223,241.701268287756,247.386258428862,247.012491717829,241.352875445638,239.619296543626,248.926990783004,253.130078489501,258.666990240917,267.215721509443,268.144196279533,230.01893981937,217.381297077525,209.912887511841,177.775788962841,156.923279076052,170.838438055732,184.145672075265,182.726537420724,225.427053770022,228.814668644859,227.226397125037,219.46056507572,212.13062831628,177.838762392972,204.888936791898,210.905359545671
"wascoCA_100km_shp","shp","rcp85","IPSL-CM5B-LR",2000,223.357012501932,208.653165573193,210.725666619401,210.533004915102,184.670661648606,178.961725704477,202.327037183765,206.298845436447,215.724925967379,258.670221225431,265.495081433985,230.611434733838,233.070848428491,232.215444801843,200.155962488627,186.468894589509,210.521002236199,205.212308271535,196.944566437783,183.737565602357,195.005648699132,188.38308572424,206.826108932937,216.826556155126,250.358146069909,272.124319286263,281.947131424686,263.852478513658,267.897576734358,251.44591851837,225.676336109759
"wascoCA_100km_shp","shp","rcp85","IPSL-CM5B-LR",2030,223.715693659113,219.315820887865,243.016192019026,226.477857409944,211.877628869782,228.385094302271,249.12873334127,249.992072486175,266.7751035484,288.47368774107,263.876214239844,247.440100224763,206.174320000189,196.726746060682,195.268281347232,217.105188036858,231.050764917454,252.742013539861,269.731121567835,238.738813913887,240.824076452435,203.241824014605,212.074174930537,204.765499641583,202.696479421362,187.272586899053,206.203214729926,194.336696284307,177.817833726234,197.472082419096,229.19414959861
"wascoCA_100km_shp","shp","rcp85","IPSL-CM5B-LR",2060,226.900160150314,245.372624992732,260.623077026421,245.490771010036,240.040450763291,219.220637795289,215.332191349491,206.107775415405,221.398002204751,243.716489962325,245.044538095664,245.168803026249,228.072434861652,258.55569357564,255.952328120408,262.764022455603,248.062655883024,247.574751076955,199.614204603534,189.51815069361,181.593691681943,173.746136475232,187.886805476615,221.587850065715,205.884114592846,205.553578518853,243.054943282772,234.612579169895,214.754439442211,241.994113032299,247.635368976117
"wascoCA_100km_shp","shp","rcp45","MIROC-ESM-CHEM",1970,228.631798287258,190.688882940446,222.778901319512,238.374716527524,260.760900362704,296.000109470302,294.795800552866,272.389880741827,270.078524569981,254.748622272342,232.233206442771,213.414617205108,200.110960406868,189.242538133575,184.108043771159,183.07268685266,216.844465239923,231.125006064793,251.532851650619,271.140519229661,241.43329934825,202.82377544221,185.965500724416,210.111481678044,191.677503596452,225.376426057442,231.702029549303,241.074683968597,212.450677163804,216.758819971442,204.580853596641
"wascoCA_100km_shp","shp","rcp45","MIROC-ESM-CHEM",2000,200.420502539103,237.575015545403,227.701996546221,207.998518618951,192.326245623707,190.789779431385,158.327711426133,152.764834093992,151.487502822445,183.888515288877,194.892467032388,205.302113937238,204.750048810304,226.45631046989,215.916483866361,233.085919976139,215.418387864731,226.710814409199,240.307673548578,248.807296382538,213.779465513538,223.734211764402,224.724916780145,191.212315183878,201.069003127129,213.851963737878,193.096730093422,185.566232268347,185.060694590873,158.837349241611,158.373317961611
"wascoCA_100km_shp","shp","rcp45","MIROC-ESM-CHEM",2030,198.159902095365,198.797999310293,188.322697453537,185.022440425705,176.412953831411,183.866549136131,162.57015596585,180.725356147566,178.908674175139,206.975790171862,205.947938932293,219.112333081086,214.423641082755,238.379726998664,213.122564790726,215.69702411009,204.082320731537,206.512015616262,198.863832997031,203.390221368664,200.278802131784,190.78936060935,194.378150676688,209.556961567173,207.448496598246,194.956111213605,190.996088648575,210.278629426603,178.227776408476,179.272349368573,179.013071837399
"wascoCA_100km_shp","shp","rcp45","MIROC-ESM-CHEM",2060,199.810615645411,217.038875862595,202.533559730258,202.115724076888,188.65431086421,196.963149033371,156.95107462948,171.433382932797,183.200974543628,202.912751163276,189.919138065402,240.298829822428,217.415161115282,221.551597318786,217.695101078803,227.520096222238,192.997911581829,177.703913785833,167.363434153906,162.911843390938,161.381425688273,162.886930137,158.769848429926,161.453315092508,209.085177695781,217.21710753481,235.8482258333,266.423477135674,263.17864868675,220.49513219618,211.058183714416
"wascoCA_100km_shp","shp","rcp85","MIROC-ESM-CHEM",1970,228.631798287258,190.688882940446,222.778901319512,238.374716527524,260.760900362704,296.000109470302,294.795800552866,272.389880741827,270.078524569981,254.748622272342,232.233206442771,213.414617205108,200.110960406868,189.242538133575,184.108043771159,183.07268685266,216.844465239923,231.125006064793,251.532851650619,271.140519229661,241.43329934825,202.82377544221,185.965500724416,210.111481678044,191.677503596452,225.376426057442,231.702029549303,241.074683968597,212.450677163804,216.758819971442,204.580853596641
"wascoCA_100km_shp","shp","rcp85","MIROC-ESM-CHEM",2000,212.623707954728,237.575015545403,227.701996546221,207.998518618951,192.326245623707,190.789779431385,158.327711426133,152.764834093992,151.487502822445,183.888515288877,194.892467032388,205.302113937238,204.750048810304,226.45631046989,215.916483866361,207.213669984073,200.371235227961,220.641012324262,217.72068847761,210.747655622746,233.254321307496,251.562507679456,232.920271800895,218.189720460732,210.48043704949,201.906599881422,202.760583280082,216.787219543499,253.889506878736,259.902461724119,258.618690716357
"wascoCA_100km_shp","shp","rcp85","MIROC-ESM-CHEM",2030,204.412563947315,255.37009346154,240.792527299106,213.137789211018,230.912328209821,226.882955488522,201.243826707415,209.01059596381,188.801712317479,194.015557882681,184.046716144892,193.873592003854,210.540281272582,220.164704745361,203.179042457506,186.993479759565,190.101693143954,184.540013461477,167.680515456767,187.329311858529,204.258797875819,245.454921811056,222.576004205388,268.948616004271,228.517935747199,234.669732875876,173.470041113189,196.466327542207,167.742045948993,167.653591076774,162.228614704326
"wascoCA_100km_shp","shp","rcp85","MIROC-ESM-CHEM",2060,170.613199979605,173.340982708706,148.905049015557,144.200316534691,171.562050628512,179.623554259699,176.121374725232,185.962731576869,188.462721265577,155.496007216689,154.690399180077,164.201331257248,151.852382877469,151.156771527968,188.251734648881,168.815024558242,160.356218769233,159.13640448438,151.766624674592,120.882005541443,116.140132074485,127.178860778921,158.467203132372,205.112433676778,230.355366117063,242.619342644498,250.578605418665,227.988215944763,182.980332198027,162.037834243712,146.593836743533
"wascoCA_100km_shp","shp","rcp45","MIROC-ESM",1970,220.493220035871,199.400319910802,196.416253006619,193.158745860602,197.771949249195,224.023842214484,213.59491418289,216.011912988834,209.743049971995,264.187165335212,249.884735111195,243.066752992967,260.881410665976,266.171839604113,223.823346760698,216.898655313404,263.646135045964,267.882683107006,280.492829755169,254.457066386236,254.918923879573,204.972323728892,186.36941978796,175.623827718053,187.375959190636,178.841709689149,188.419490658976,192.349111512233,197.769027305292,194.103488372673,230.997498110258
"wascoCA_100km_shp","shp","rcp45","MIROC-ESM",2000,219.828966874767,246.111427809855,238.202936638355,278.503423689963,289.225735979811,274.892766405682,255.746949093275,254.289866410106,203.299809715889,203.365605148994,183.989527578622,177.606934517306,166.407402934967,184.032434329596,168.782072679683,183.401925338368,199.640185974182,220.441310052227,222.105009085853,232.287864338057,232.255810176564,229.54001402001,220.649971966139,218.171945362892,224.012843732842,219.528787342938,236.737090890054,226.581382047458,212.86117906441,225.56862887131,234.333567775751
"wascoCA_100km_shp","shp","rcp45","MIROC-ESM",2030,220.367640818425,225.37959553196,232.402638665895,253.001950729425,248.356200785679,224.613422069345,213.528488045891,223.592731999157,200.586938050891,186.54600464817,195.656981047546,197.828592345139,221.592393734299,203.324253590149,203.370024248777,208.227324303212,215.246524875443,175.335651317439,208.226153199269,214.72299543273,205.01461335815,198.060417253712,238.180368007544,206.656523538459,220.493189406987,220.841431202361,227.748621224454,223.063682872679,250.410025802355,232.336733673066,230.472375000958
"wascoCA_100km_shp","shp","rcp45","MIROC-ESM",2060,180.452103882106,214.57189587732,212.474902013707,195.756336293839,182.324026517836,166.457331515698,158.905397543958,108.8537189864,119.830051396657,119.311731562836,138.561232529204,144.933627528143,152.53820764896,135.267028603138,170.853584422367,158.194482467753,188.727607162402,222.187010774779,237.812346469894,209.748627692612,229.493981889051,196.244399657173,200.940366497315,191.345083557395,190.977853450631,186.552147393034,194.985869194111,192.985134655277,202.701776971711,200.681984895317,187.483516755078
"wascoCA_100km_shp","shp","rcp85","MIROC-ESM",1970,220.493220035871,199.400319910802,196.416253006619,193.158745860602,197.771949249195,224.023842214484,213.59491418289,216.011912988834,209.743049971995,264.187165335212,249.884735111195,243.066752992967,260.881410665976,266.171839604113,223.823346760698,216.898655313404,263.646135045964,267.882683107006,280.492829755169,254.457066386236,254.918923879573,204.972323728892,186.36941978796,175.623827718053,187.375959190636,178.841709689149,188.419490658976,192.349111512233,197.769027305292,194.103488372673,230.997498110258
"wascoCA_100km_shp","shp","rcp85","MIROC-ESM",2000,218.03224050046,246.111427809855,238.202936638355,278.503423689963,289.225735979811,274.892766405682,255.746949093275,254.289866410106,203.299809715889,203.365605148994,183.989527578622,177.606934517306,166.407402934967,184.032434329596,168.782072679683,160.745672320457,205.291799491604,243.17911993792,222.309977715264,229.919759774419,238.24507420631,206.269317614596,182.755902100899,197.927991883156,207.056703729707,222.993154674121,222.389817572162,219.71192604477,222.119805668891,215.035263610187,192.453703718956
"wascoCA_100km_shp","shp","rcp85","MIROC-ESM",2030,200.090761769693,201.149127357446,173.201452030046,195.303667142325,201.081842543752,202.552411121772,207.217214308443,242.893067735474,226.70420237895,224.094192793745,230.5834026986,215.867594328824,209.077964447554,200.206717303345,200.482580530393,205.695118414207,219.251474125984,226.779788876147,218.223741949804,221.114980691395,223.429984288755,213.723576478234,187.183013824311,196.458850736936,194.712354105977,172.695037020903,160.705765178072,174.458929768621,163.647391106795,147.376863889893,146.82575643194
"wascoCA_100km_shp","shp","rcp85","MIROC-ESM",2060,175.49104726738,170.056525657288,160.820311363001,146.882526282806,151.884218845118,184.316755941977,164.477627199196,167.634910129156,182.19344929822,204.286687943229,181.272653213595,185.67892168093,181.02393739365,169.945346444303,154.075301727492,151.098311982061,142.428307602973,159.27497384342,185.888370327742,181.511883058708,196.62780757284,205.745584929677,210.410455366819,180.325163915212,185.445817421432,179.443152521796,188.946454885763,178.387344511189,187.711427335998,190.518168229457,172.688018929186
"wascoCA_100km_shp","shp","rcp45","MIROC5",1970,215.709640553742,224.615375082511,188.732191801182,169.985128881715,192.058727240332,194.264964393403,204.343852184266,207.274506610502,220.173571615408,160.810818191379,164.620275120412,159.452325455328,181.311835036876,190.775616265126,229.569891149689,247.833924488206,249.657068002174,231.594040289983,228.672590652369,211.239536504111,208.549633663632,212.326392367613,230.217149927199,220.999308025686,245.262696704108,246.067555232492,274.792542619065,259.32201977336,263.651627882151,208.626254658326,174.60911076986
"wascoCA_100km_shp","shp","rcp45","MIROC5",2000,213.581937787107,180.848547297746,251.839360904523,237.805969856775,245.744152317465,253.399361601271,222.673120732871,166.529750495256,180.040770290737,179.681314005033,153.543774439741,160.644001589951,181.089728564927,192.59355712249,228.682492852813,227.193259092031,214.092722565337,183.545738177624,218.887205264088,218.252953853797,255.991019800842,250.633509812065,265.396038743783,225.617984975027,259.182748313333,259.752542273214,259.800542384456,235.610447600945,226.546139213523,186.725868429218,194.28736887231
"wascoCA_100km_shp","shp","rcp45","MIROC5",2030,217.85554763156,203.797353045477,201.561825866721,190.918230704477,191.398286828489,183.804259097676,211.75908216816,234.590360258073,236.501648446516,199.474926721377,215.629575455269,212.357211065041,230.124322001952,233.550024433369,254.077220890107,234.686056075764,226.660576851541,241.962302742944,234.575018246407,217.912349511236,186.385298022818,183.394858141971,177.231669975732,198.599193695669,190.953492989775,204.856097822107,224.77551069066,226.866514914245,212.98917026292,232.215038925269,216.032976990186
"wascoCA_100km_shp","shp","rcp45","MIROC5",2060,177.651039082416,181.855118237662,152.041688574003,198.594498419701,210.148836721465,219.370084992111,209.175663444821,185.498393637935,150.663332605813,153.275514847582,162.276165238113,160.114551165038,167.932415521175,159.374836403443,148.342887719783,172.737067208286,184.440296228566,192.959165804449,188.441143665495,192.959467442886,198.96569398922,211.192876327846,218.184667854839,239.508416706073,213.749792050252,173.928804683339,168.609416748182,154.458174474949,129.324006693968,146.159425917494,143.431312275404
"wascoCA_100km_shp","shp","rcp85","MIROC5",1970,215.709640553742,224.615375082511,188.732191801182,169.985128881715,192.058727240332,194.264964393403,204.343852184266,207.274506610502,220.173571615408,160.810818191379,164.620275120412,159.452325455328,181.311835036876,190.775616265126,229.569891149689,247.833924488206,249.657068002174,231.594040289983,228.672590652369,211.239536504111,208.549633663632,212.326392367613,230.217149927199,220.999308025686,245.262696704108,246.067555232492,274.792542619065,259.32201977336,263.651627882151,208.626254658326,174.60911076986
"wascoCA_100km_shp","shp","rcp85","MIROC5",2000,216.613731641204,180.848547297746,251.839360904523,237.805969856775,245.744152317465,253.399361601271,222.673120732871,166.529750495256,180.040770290737,179.681314005033,153.543774439741,160.644001589951,181.089728564927,192.59355712249,228.682492852813,258.609181514362,240.98235484169,212.232298907477,238.335743273178,218.010158047843,216.731903006653,262.160143277491,309.965926235553,285.382908425237,264.079478214194,248.816746330005,218.124105130818,170.190446758576,165.523440878806,167.781307754929,185.258388618478
"wascoCA_100km_shp","shp","rcp85","MIROC5",2030,212.471905446916,173.277623928978,200.324532342449,217.442422567494,237.460354879378,238.512698651293,243.101903415659,216.57580082274,228.98780129305,220.224408091218,215.196026463902,241.386872238473,274.154238140673,252.683642937178,248.105486254379,252.743069325734,224.610628108123,193.30708635906,192.466074954661,208.975984287789,201.483725858272,210.967169630151,217.156773899345,187.423188263208,162.78787169166,167.424949171522,175.519291014397,201.534368654258,195.828302665903,196.908759311514,191.216120723362
"wascoCA_100km_shp","shp","rcp85","MIROC5",2060,179.349076004705,169.472629950143,132.369884305109,154.603529203249,160.218236904875,146.41698338268,144.929655756593,147.507893928775,176.567132435694,212.593062534386,207.337230414814,196.273578499453,175.914920214471,153.584968746341,130.337734117351,186.549571649073,204.280218274013,228.636403682602,196.329150448107,188.357381082008,186.989483467231,190.216996742504,183.968049417301,195.406787205876,187.364038746987,206.698743702466,213.967088551503,195.162163885113,199.602887988964,217.017980589168,166.768591375724
"wascoCA_100km_shp","shp","rcp45","MRI-CGCM3",1970,205.323403265096,203.019194755149,225.725014142396,207.020232297781,220.171114625599,219.884571919171,204.771837747955,179.028847593305,207.381402926453,204.988728500386,222.277166788094,240.620883480738,242.653265444227,234.504217156788,249.450226284358,254.420639504382,238.179375747142,258.801313377255,228.969416198471,211.725504810722,214.992069344473,201.731855581881,164.900275841451,176.696074662681,181.851046879605,161.34507701112,167.207812407733,176.424911144225,177.369076348405,196.288124987202,236.010243394319
"wascoCA_100km_shp","shp","rcp45","MRI-CGCM3",2000,211.865146087419,243.835991929722,269.931899562473,269.746143122509,236.049623134135,194.40712804253,181.920590340048,169.899368598134,188.229699816949,199.828381019791,210.283067346442,226.139359805761,229.892140724342,214.69573447308,225.106104335791,209.566610554844,204.141866107671,203.617082373843,195.299281628917,190.214345383183,226.807344235816,216.661099583673,222.202711110705,224.538490899976,212.651921038294,187.479682780536,202.005277239684,190.009164160239,178.681526583082,195.074049433183,195.171481219155
"wascoCA_100km_shp","shp","rcp45","MRI-CGCM3",2030,215.889483820757,199.577381652644,194.704787596338,227.393408858375,249.405392934226,252.882070096334,266.548487434253,298.147730482889,283.765457934673,251.490975696992,264.364056962126,268.408203379012,229.395862054855,245.0182899972,258.271860129173,224.463521769302,212.279173903774,221.665051836528,202.461807634774,181.952099825256,206.037338909657,184.64288234509,168.720264297764,166.221824463831,165.279403279857,163.506061852139,175.962791001395,182.655150213481,170.476114035691,194.854347557416,231.676988065157
"wascoCA_100km_shp","shp","rcp45","MRI-CGCM3",2060,236.341509250618,251.30967499525,281.787449917147,304.059056405076,308.347651807808,262.224195107396,231.563954473796,204.859544725019,193.560417149976,193.568546076034,193.765363227719,207.032275614574,216.893742524795,247.037493941509,232.982246160136,220.487864428167,222.173621170509,204.937708578402,194.700593832612,190.860065767094,209.537183516831,203.122155314278,227.75729666853,238.828320887504,233.638500142619,218.864704529635,236.440682264279,228.620495124327,239.863173287033,247.658933345768,291.902024868171
"wascoCA_100km_shp","shp","rcp85","MRI-CGCM3",1970,205.323403265096,203.019194755149,225.725014142396,207.020232297781,220.171114625599,219.884571919171,204.771837747955,179.028847593305,207.381402926453,204.988728500386,222.277166788094,240.620883480738,242.653265444227,234.504217156788,249.450226284358,254.420639504382,238.179375747142,258.801313377255,228.969416198471,211.725504810722,214.992069344473,201.731855581881,164.900275841451,176.696074662681,181.851046879605,161.34507701112,167.207812407733,176.424911144225,177.369076348405,196.288124987202,236.010243394319
"wascoCA_100km_shp","shp","rcp85","MRI-CGCM3",2000,215.891540738018,243.835991929722,269.931899562473,269.746143122509,236.049623134135,194.40712804253,181.920590340048,169.899368598134,188.229699816949,199.828381019791,210.283067346442,226.139359805761,229.892140724342,214.69573447308,225.106104335791,211.795817368209,210.923556329606,222.292304811584,210.337277178481,187.541046873367,190.707765070537,183.144667975559,176.759787520736,215.765632586126,221.641770438654,218.249055128788,217.666820611004,210.85310858159,196.574757250963,223.162462821242,243.252912306786
"wascoCA_100km_shp","shp","rcp85","MRI-CGCM3",2030,241.28507813794,237.767587254535,225.80560285437,205.556866940299,164.211614744034,150.758967156508,196.780597750782,194.356750587306,203.168797855345,238.550419170598,246.49978108676,225.876423470009,241.422294341173,266.317626902772,265.850493120806,270.763185585167,238.773171707175,248.943970768149,238.633253919125,249.958194333024,235.93928656856,277.925242643435,264.56732994014,271.662837384165,249.562772426551,277.072774155373,265.600606672983,294.035330734289,262.371085825934,290.318856716266,254.400665525575
"wascoCA_100km_shp","shp","rcp85","MRI-CGCM3",2060,257.581128672866,280.284141068447,251.176480523394,267.367331311147,258.519585167418,288.991388541039,287.986613991204,293.374237120091,298.47804757457,298.602187223697,285.208348591882,245.54721866243,262.735262151037,263.797030404882,235.636430883959,230.167362679867,227.666510821202,204.335554208539,189.60401951188,233.009999137495,263.736258094951,272.421441837272,256.07878499298,286.238521128943,244.633476438657,218.53013645258,243.526334491462,259.513302184406,240.001822105773,244.388801735339,241.867610076782
"wascoCA_100km_shp","shp","rcp45","NorESM1-M",1970,231.426756105462,227.872043077733,241.093982547692,227.06120380967,208.87161865123,232.59009730563,227.61717151574,235.904606960729,228.913341716604,259.467715958202,284.894881796365,293.216810338204,257.665609791313,263.044218628876,257.185246713454,218.705153808675,205.107437944477,238.02865651152,230.412697053342,220.097731410975,216.13825827414,224.395107247758,217.381763914303,218.194720726904,214.052334293547,196.740523118037,203.129851455555,205.742026984526,220.934354697374,217.689777677388,217.970603966863
"wascoCA_100km_shp","shp","rcp45","NorESM1-M",2000,201.34725740916,201.633101601713,203.817903304933,174.98997369233,163.501541073686,174.697025108598,201.787023262845,190.192982035323,194.381938066316,202.427169717071,214.258741451303,187.179891985284,197.825833550999,217.231709872934,229.637355208246,224.668833912924,241.600948530215,218.252502248634,194.807185599368,201.713055021143,194.715320800992,212.304533314158,205.75762057928,215.671944808694,204.263911391524,190.290761351736,171.828833610065,197.077274257833,211.00079241532,199.328089281435,211.960887726494
"wascoCA_100km_shp","shp","rcp45","NorESM1-M",2030,186.478982097666,202.261957418492,211.713703632912,177.196829673653,201.233849814093,181.832410459516,163.029057382534,140.825454140141,141.783392384147,143.065367656966,157.175192773864,181.186839814188,161.103161659636,174.05382834982,160.866339128628,172.629625919732,152.361679181186,185.905410478663,194.730649876213,225.927716183763,214.09964303585,236.476801140782,229.723954060503,254.166806428922,233.477851377693,235.197950210937,224.745543119632,219.789555361486,176.942385873239,156.365653673567,176.498201978347
"wascoCA_100km_shp","shp","rcp45","NorESM1-M",2060,195.973070278459,184.043788170323,176.876966900757,203.655365690739,212.845893546738,197.006946204593,200.807624731777,181.957065882943,183.310068811777,194.988120120528,216.516214308976,214.691420888911,236.607729161689,246.30945787499,253.234075308428,227.690521663929,223.154836278211,203.847433885265,162.250706107383,149.032438690509,164.977933216371,162.305518383876,183.065134850385,204.363581166153,192.183149098106,161.786589793364,157.441903329738,178.500730234766,175.949242019714,187.944848497869,204.937396910596
"wascoCA_100km_shp","shp","rcp85","NorESM1-M",1970,231.426756105462,227.872043077733,241.093982547692,227.06120380967,208.87161865123,232.59009730563,227.61717151574,235.904606960729,228.913341716604,259.467715958202,284.894881796365,293.216810338204,257.665609791313,263.044218628876,257.185246713454,218.705153808675,205.107437944477,238.02865651152,230.412697053342,220.097731410975,216.13825827414,224.395107247758,217.381763914303,218.194720726904,214.052334293547,196.740523118037,203.129851455555,205.742026984526,220.934354697374,217.689777677388,217.970603966863
"wascoCA_100km_shp","shp","rcp85","NorESM1-M",2000,201.818102974275,201.633101601713,203.817903304933,174.98997369233,163.501541073686,174.697025108598,201.787023262845,190.192982035323,194.381938066316,202.427169717071,214.258741451303,187.179891985284,197.825833550999,217.231709872934,229.637355208246,233.485425322676,243.135669808506,215.923598455118,199.719794852124,201.296545467503,185.235117767847,161.769934912593,183.565522952784,232.994725919994,214.269925132705,243.431102756459,266.708558377905,263.613625002228,191.590475441952,210.017663795197,220.026791464068
"wascoCA_100km_shp","shp","rcp85","NorESM1-M",2030,193.767846647545,223.209864598402,218.052770998492,235.186941802958,219.404071686961,180.277394656014,181.989917339776,212.578649578938,209.494737058958,196.602238342818,195.58175054336,218.830954586898,174.783254710572,188.853173148512,237.601767436533,268.186822715572,230.469411338208,231.333664830466,218.597462569794,201.213573148957,158.367019909711,146.831440155334,163.603903629443,185.354150423699,157.316926663311,164.013583461102,169.186048058739,149.133933225811,125.120614881352,169.341549449733,188.79518858834
"wascoCA_100km_shp","shp","rcp85","NorESM1-M",2060,186.837456347226,193.817952460407,207.897449789214,226.12528292916,199.742451653858,177.921381834405,185.629058419339,168.111355941078,160.760957632758,153.308046720982,188.572929184896,192.064663505103,197.338290049311,176.658950135027,194.466529139982,184.384868919393,185.896563655063,185.354226847846,226.669468107328,223.935177728895,212.60748187442,196.850967459491,203.034543427108,173.870973692122,166.491219037877,158.349381473916,153.933410641029,160.627556011322,156.939105586963,142.822984512933,160.137180631204
"wascoCA_100km_shp","shp","rcp45","bcc-csm1-1-m",1970,208.496789118923,195.874604362872,197.28728306748,221.329885767375,218.991719997632,217.673119242906,200.079209695721,186.955437282521,159.117230030413,144.182667767058,139.471085747896,163.887287825682,194.143976168967,193.861148543847,221.018622021056,248.551546858753,220.41479656892,200.078530368179,203.613627062522,204.51377428174,199.448865936671,221.477753255303,234.125951068871,263.202733376341,262.962077178979,250.587817711391,240.958362454768,237.840108282889,209.856109933038,204.597423750804,211.02195278644
"wascoCA_100km_shp","shp","rcp45","bcc-csm1-1-m",2000,211.414608325068,197.316689208622,180.010426640169,202.740820797395,170.831408061985,159.961818583264,181.810808463309,200.487168241611,177.271110361784,220.86234880874,215.64105104364,233.290453395995,251.246605153944,271.255582957978,292.919977147335,288.637586652324,251.516368885258,258.494383745227,229.023466708965,178.685665618942,200.792366463558,224.110786534189,215.862341839175,222.801367495096,217.656073145844,206.117623523741,192.8875406453,154.589646231476,165.395301629186,200.755732561803,211.289358685805
"wascoCA_100km_shp","shp","rcp45","bcc-csm1-1-m",2030,218.970191430132,226.62965526057,253.562254997646,244.424289456853,205.982147924135,228.468774101861,230.420262282495,221.780681220951,246.458821842255,288.027662780399,257.433936179617,245.679179093964,274.729372519285,267.883524106899,224.348738087097,224.353339804925,207.865979230715,169.709639838328,148.032779433992,152.407329800223,167.521383888212,172.111838507261,186.399872562741,212.235894142106,222.24962057398,221.009635145395,219.792706297845,203.502907695403,194.785839598689,198.507176138827,203.876570423635
"wascoCA_100km_shp","shp","rcp45","bcc-csm1-1-m",2060,215.096158304767,234.249239519023,260.225728653281,247.519253633234,265.749522070446,246.249768999405,220.09708938404,185.47020762052,222.941887046181,196.88969542638,184.630346107724,221.500118088491,254.410379039489,206.297494983778,219.816945987865,235.09775759221,179.5828639173,167.133901365101,190.449697232116,184.040148559183,186.62199125022,205.569738427778,215.476023153313,200.627045730308,180.680465970086,181.42590504086,195.604636003784,209.0667913615,222.741571202985,253.190491843364,248.516678568199
"wascoCA_100km_shp","shp","rcp85","bcc-csm1-1-m",1970,208.496789118923,195.874604362872,197.28728306748,221.329885767375,218.991719997632,217.673119242906,200.079209695721,186.955437282521,159.117230030413,144.182667767058,139.471085747896,163.887287825682,194.143976168967,193.861148543847,221.018622021056,248.551546858753,220.41479656892,200.078530368179,203.613627062522,204.51377428174,199.448865936671,221.477753255303,234.125951068871,263.202733376341,262.962077178979,250.587817711391,240.958362454768,237.840108282889,209.856109933038,204.597423750804,211.02195278644
"wascoCA_100km_shp","shp","rcp85","bcc-csm1-1-m",2000,221.304379372599,197.316689208622,180.010426640169,202.740820797395,170.831408061985,159.961818583264,181.810808463309,200.487168241611,177.271110361784,220.86234880874,215.64105104364,233.290453395995,251.246605153944,271.255582957978,292.919977147335,299.496887775628,260.934135668903,249.169124025959,236.951787880008,177.681742180844,185.312112184902,186.473738368939,179.651386258438,217.705125085874,232.051376704726,263.830235672007,269.332126184836,254.003023229314,221.901849152554,222.683363935552,199.668932050487
"wascoCA_100km_shp","shp","rcp85","bcc-csm1-1-m",2030,235.448307634486,215.080604967365,225.628990908213,223.755499193674,240.124033821763,224.567026067462,219.474209311163,231.269281552928,233.606551378925,243.55066757164,298.688875321326,300.13170414579,305.038959704064,284.241239402802,251.933916285714,213.434964706104,190.088690558894,193.345379708848,215.672947996338,234.631830424748,225.134224445962,232.396118312181,201.995151200158,209.733835964241,185.477700031305,194.637860623965,187.916855147842,228.60757378107,245.679771870937,266.70962186256,263.551165268066
"wascoCA_100km_shp","shp","rcp85","bcc-csm1-1-m",2060,230.716626003416,304.08573194105,260.328854536328,223.264006979056,240.253502744406,228.243364641517,216.400330420942,242.645661908774,263.928731179192,231.755987553439,251.539412584279,254.994474919446,252.018116115671,228.456104736657,229.833147229841,217.959936838068,219.058438738007,249.027015455012,239.608960492111,244.840500774949,252.517961067844,204.759387536984,156.536466805532,192.559108755705,221.182019249297,209.545956789935,258.610808052288,259.956040511599,236.482843877772,212.534630091885,204.509471169706
"wascoCA_100km_shp","shp","rcp45","bcc-csm1-1",1970,218.284867293855,229.514112252654,215.598386607201,242.670047716556,193.25625761648,221.815831427161,212.902149783311,198.471018562468,194.671659188645,190.726812907115,165.202913451481,166.666108148693,210.793979401841,215.834979900246,263.565506042294,266.69344068586,264.305370378193,242.031144649252,239.913532065181,203.355092165968,197.881489077802,199.316936388943,200.630093352592,189.023268976145,183.906926803507,180.754729910451,194.002930349744,203.37563300204,227.595715916357,222.144864958575,241.310531142565
"wascoCA_100km_shp","shp","rcp45","bcc-csm1-1",2000,213.797582495803,232.663891411329,246.243471217657,219.95720908394,241.046010418863,267.117346319712,263.126223769006,251.007008162046,260.206434178408,226.888608424275,188.703465745004,180.422937759486,182.596592305154,200.469854472121,202.531346614453,211.244776444453,222.943690224127,232.977606439897,216.047012648302,212.657896839875,212.462566847447,223.515584017948,193.048102539366,179.866806420573,198.704488633598,229.214018631634,219.364857615696,211.646654371571,206.238178171473,206.014857336909,168.860108645025
"wascoCA_100km_shp","shp","rcp45","bcc-csm1-1",2030,207.488115529662,161.183465043894,180.525441599183,193.379788679617,209.272027241712,204.741013422739,214.439661504725,201.860376967309,202.908710781748,186.963842006048,181.881499928251,160.578249928109,211.874628410466,205.491489601426,188.135377450864,254.116976760554,258.912927724456,213.99508650624,229.444992439243,270.289552630308,222.999345795183,239.343594900627,241.872887324735,246.635034375951,211.074778321566,210.817912833277,179.787558252763,165.293563526919,167.068677299984,171.168520379709,152.20809172995
"wascoCA_100km_shp","shp","rcp45","bcc-csm1-1",2060,222.144354875318,175.08562680221,212.910533245013,216.673253896531,249.874088045844,278.111792733608,318.556709769905,309.551634471861,307.700296717145,280.262233361306,269.7930372569,225.163971712453,202.359358843388,199.357151764812,213.703941250199,188.718028607092,185.821811251297,193.780641302908,180.608281631923,164.064058439218,185.556026775849,214.322127490383,223.496503196461,207.021094694894,207.391744249497,202.953496973382,176.433178070418,194.788893034743,221.506050546603,231.787585553125,250.206983767636
"wascoCA_100km_shp","shp","rcp85","bcc-csm1-1",1970,218.284867293855,229.514112252654,215.598386607201,242.670047716556,193.25625761648,221.815831427161,212.902149783311,198.471018562468,194.671659188645,190.726812907115,165.202913451481,166.666108148693,210.793979401841,215.834979900246,263.565506042294,266.69344068586,264.305370378193,242.031144649252,239.913532065181,203.355092165968,197.881489077802,199.316936388943,200.630093352592,189.023268976145,183.906926803507,180.754729910451,194.002930349744,203.37563300204,227.595715916357,222.144864958575,241.310531142565
"wascoCA_100km_shp","shp","rcp85","bcc-csm1-1",2000,211.670844598321,232.663891411329,246.243471217657,219.95720908394,241.046010418863,267.117346319712,263.126223769006,251.007008162046,260.206434178408,226.888608424275,188.703465745004,180.422937759486,182.596592305154,200.469854472121,202.531346614453,190.091315928804,201.452843346359,190.724171584524,153.507593558603,187.089484329778,205.058051533721,193.748699192567,189.672231121798,192.00930750354,197.114429551855,179.560910371879,182.980842363774,231.855798733345,243.874668793315,237.128882492873,254.804025408897
"wascoCA_100km_shp","shp","rcp85","bcc-csm1-1",2030,221.575340298854,262.570375624941,208.355890093026,207.781775342043,199.883110750795,198.355202401487,194.777818000026,202.850286710302,217.358715305465,215.972283481097,199.365529466328,190.285452383877,205.467136907537,210.029607247644,245.377098042315,257.886013207562,276.810138063529,287.507787606261,261.457077397863,211.818045357853,228.339366114581,221.417529826303,219.458398601754,232.025209383817,249.458543180551,231.424932154978,225.489177474254,212.996490060837,200.799657116294,190.692409696693,231.913921191345
"wascoCA_100km_shp","shp","rcp85","bcc-csm1-1",2060,234.827704374221,227.829331610921,215.142361938612,231.750051069982,212.877192180295,166.982029418943,180.131831978678,199.317762494328,213.259538278666,245.597999121675,255.277363286105,257.452866883019,301.45808032152,267.011841301635,255.34408800621,247.423879152235,247.302793461074,212.320048237178,252.009053602152,266.933116033051,277.13337272801,256.044605327315,210.128221357079,218.371025919332,189.107055422443,219.470572379242,237.250700369738,258.491202270172,226.56471607356,225.898611731747,213.421256354095
"wascoCA_100km_shp","shp","rcp45","inmcm4",1970,227.621659305106,219.956121477936,228.327714331272,218.176759190973,233.235173421717,231.974021079554,219.462225064796,249.597496679475,260.020317523899,239.693393344721,223.293055888077,221.017470566206,200.015969141179,173.481758632478,166.877759531075,164.123898944941,140.0961546917,140.877090922244,146.927563508688,142.14848084383,149.863433475005,209.988951283954,289.255387079866,319.135459164608,353.992086195715,368.583380434619,336.313598902388,280.933316214749,247.988097809993,217.107577881729,217.458023277096
"wascoCA_100km_shp","shp","rcp45","inmcm4",2000,214.158558075628,206.296783547981,172.888118946623,173.428043705707,176.113687708703,153.957272386129,135.479297934447,110.150881663908,129.632895987915,147.300227734326,183.166304407678,218.101267665474,272.258740375229,263.458275329645,260.721144916283,265.334009304512,260.942086107472,259.367424490049,287.145083440981,308.975899665178,276.044649797984,269.244355860834,241.540044628194,201.579343643027,176.623327850428,174.474082821863,166.621776968562,213.90087395192,229.707706346496,216.147371561429,205.138527472914
"wascoCA_100km_shp","shp","rcp45","inmcm4",2030,218.382976706664,204.916061225152,177.06262352575,173.616943414845,206.635681897241,240.763455373039,276.354634408497,281.383776493255,262.960286492952,231.30762428845,219.250571283618,176.06987311239,138.331688387115,175.177845773944,230.539373800339,230.018069827296,246.0721455826,316.392012049433,310.77273305218,270.369323010146,262.866795343231,248.409844539984,187.740726799525,209.570584458785,191.260581335415,169.845095872729,197.655817108774,208.855210744171,178.199467047276,237.684134449602,261.217655991735
"wascoCA_100km_shp","shp","rcp45","inmcm4",2060,249.959627656251,229.335283798712,226.924783753044,291.204445058338,244.682562068145,265.231974283051,274.340361319226,283.080082732499,216.627215924397,240.468066350147,259.682299140648,264.460706503554,281.64931028682,319.43591894402,302.533638694902,252.315067453306,258.702080930072,261.218033261758,222.252991606606,219.504528548837,238.238522716639,238.176963373281,197.427768130555,196.03200947254,192.616727612095,186.245981538376,198.49075077162,264.67396872458,254.205184931607,273.246167732188,290.609128570988
"wascoCA_100km_shp","shp","rcp85","inmcm4",1970,227.621659305106,219.956121477936,228.327714331272,218.176759190973,233.235173421717,231.974021079554,219.462225064796,249.597496679475,260.020317523899,239.693393344721,223.293055888077,221.017470566206,200.015969141179,173.481758632478,166.877759531075,164.123898944941,140.0961546917,140.877090922244,146.927563508688,142.14848084383,149.863433475005,209.988951283954,289.255387079866,319.135459164608,353.992086195715,368.583380434619,336.313598902388,280.933316214749,247.988097809993,217.107577881729,217.458023277096
"wascoCA_100km_shp","shp","rcp85","inmcm4",2000,213.855732243384,206.296783547981,172.888118946623,173.428043705707,176.113687708703,153.957272386129,135.479297934447,110.150881663908,129.632895987915,147.300227734326,183.166304407678,218.101267665474,272.258740375229,263.458275329645,260.721144916283,256.40103777062,253.60090366895,227.871320335718,283.847292094735,294.001775925393,269.286758486013,251.035517620182,258.326667677955,200.979269884692,195.485421891566,229.11621486084,248.558461350885,236.371833418114,231.788616457612,214.21362568133,167.940181138168
"wascoCA_100km_shp","shp","rcp85","inmcm4",2030,199.081856007892,150.584402783812,160.649960012428,167.970506115514,190.684244676582,208.64295825589,254.22492795113,256.780670733203,237.933583886916,210.459802376421,216.926193523477,191.105560927098,188.279826578638,211.599826518564,215.229304396725,215.697660472839,193.095086773287,207.749898227287,187.308352921738,183.654302142616,209.408012072476,228.329582921794,210.669810298336,226.664998821101,262.288546692026,220.402896516567,190.582496470027,178.268665178501,163.013867783516,121.894303614975,138.531046215994
"wascoCA_100km_shp","shp","rcp85","inmcm4",2060,265.435702248539,172.904135708471,220.015606804543,263.394310170658,267.51939510254,256.507016122998,280.284312477818,243.955264521649,231.855345514256,243.681524069321,270.185670714296,231.997904701145,268.931408771792,242.632006322796,230.693352861637,200.90958712105,201.532273539941,177.564656074516,176.050011854496,205.782763032164,238.511067043646,312.16723840191,311.163207535561,318.865863804705,367.509289563926,383.173685285745,353.746903696491,350.314981261182,359.816675824323,314.456126796105,267.302739952033
