"county","FIPS","rcp","model","centralDecade","aveWetDays","fiveYrAveWetDaysCentYr_.10","fiveYrAveWetDaysCentYr_.9","fiveYrAveWetDaysCentYr_.8","fiveYrAveWetDaysCentYr_.7","fiveYrAveWetDaysCentYr_.6","fiveYrAveWetDaysCentYr_.5","fiveYrAveWetDaysCentYr_.4","fiveYrAveWetDaysCentYr_.3","fiveYrAveWetDaysCentYr_.2","fiveYrAveWetDaysCentYr_.1","fiveYrAveWetDaysCentYr_0","fiveYrAveWetDaysCentYr_1","fiveYrAveWetDaysCentYr_2","fiveYrAveWetDaysCentYr_3","fiveYrAveWetDaysCentYr_4","fiveYrAveWetDaysCentYr_5","fiveYrAveWetDaysCentYr_6","fiveYrAveWetDaysCentYr_7","fiveYrAveWetDaysCentYr_8","fiveYrAveWetDaysCentYr_9","fiveYrAveWetDaysCentYr_10","fiveYrAveWetDaysCentYr_11","fiveYrAveWetDaysCentYr_12","fiveYrAveWetDaysCentYr_13","fiveYrAveWetDaysCentYr_14","fiveYrAveWetDaysCentYr_15","fiveYrAveWetDaysCentYr_16","fiveYrAveWetDaysCentYr_17","fiveYrAveWetDaysCentYr_18","fiveYrAveWetDaysCentYr_19"
"wascoCA_100km_shp","shp","rcp45","BNU-ESM",1970,0.329517396184063,0.353872053872054,0.313468013468013,0.301683501683502,0.306060606060606,0.490909090909091,0.284175084175084,0.331313131313131,0.34949494949495,0.294612794612795,0.271717171717172,0.324579124579125,0.339393939393939,0.395286195286195,0.493939393939394,0.333670033670034,0.282491582491582,0.432996632996633,0.407744107744108,0.320538720538721,0.386195286195286,0.375757575757576,0.273400673400673,0.251515151515152,0.237373737373737,0.176430976430976,0.332659932659933,0.265993265993266,0.271380471380471,0.328956228956229,0.39023569023569
"wascoCA_100km_shp","shp","rcp45","BNU-ESM",2000,0.481425364758698,0.252188552188552,0.208754208754209,0.169360269360269,0.110774410774411,0.301683501683502,0.394949494949495,0.493939393939394,0.700673400673401,0.762962962962963,0.503030303030303,0.478451178451178,0.458249158249158,0.3003367003367,0.586195286195286,0.752525252525252,0.71010101010101,0.756565656565657,0.960942760942761,0.638383838383838,0.618855218855219,0.568350168350168,0.474747474747475,0.476094276094276,0.467340067340067,0.359259259259259,0.373400673400673,0.38047138047138,0.281144781144781,0.343771043771044,0.330639730639731
"wascoCA_100km_shp","shp","rcp45","BNU-ESM",2030,0.542143658810325,0.464646464646465,0.418518518518519,0.263299663299663,0.226936026936027,0.349494949494949,0.738047138047138,0.754208754208754,0.991582491582492,1.05925925925926,1.15319865319865,0.834680134680135,0.884511784511784,0.675757575757576,0.622222222222222,0.373063973063973,0.598989898989899,0.545791245791246,0.52020202020202,0.474074074074074,0.473400673400673,0.0437710437710438,0.127946127946128,0.136026936026936,0.124915824915825,0.149158249158249,0.542424242424242,0.64983164983165,0.665993265993266,0.756902356902357,0.767003367003367
"wascoCA_100km_shp","shp","rcp45","BNU-ESM",2060,0.57300785634119,0.438383838383838,0.437710437710438,0.416835016835017,0.365993265993266,0.366666666666667,0.306060606060606,0.135690235690236,0.461616161616162,0.534343434343434,0.537710437710438,0.704377104377104,0.916835016835017,0.731986531986532,0.757912457912458,0.928282828282828,1.04511784511785,0.871380471380471,0.750841750841751,0.86026936026936,0.67037037037037,0.373737373737374,0.37037037037037,0.381481481481481,0.133670033670034,0.243097643097643,0.370707070707071,0.636700336700337,0.695286195286195,0.696969696969697,0.948484848484848
"wascoCA_100km_shp","shp","rcp85","BNU-ESM",1970,0.329517396184063,0.353872053872054,0.313468013468013,0.301683501683502,0.306060606060606,0.490909090909091,0.284175084175084,0.331313131313131,0.34949494949495,0.294612794612795,0.271717171717172,0.324579124579125,0.339393939393939,0.395286195286195,0.493939393939394,0.333670033670034,0.282491582491582,0.432996632996633,0.407744107744108,0.320538720538721,0.386195286195286,0.375757575757576,0.273400673400673,0.251515151515152,0.237373737373737,0.176430976430976,0.332659932659933,0.265993265993266,0.271380471380471,0.328956228956229,0.39023569023569
"wascoCA_100km_shp","shp","rcp85","BNU-ESM",2000,0.461167227833895,0.252188552188552,0.208754208754209,0.169360269360269,0.110774410774411,0.301683501683502,0.394949494949495,0.493939393939394,0.700673400673401,0.762962962962963,0.503030303030303,0.478451178451178,0.458249158249158,0.3003367003367,0.586195286195286,0.817508417508418,0.878787878787879,0.935016835016835,1.14781144781145,0.884175084175084,0.664983164983165,0.516498316498316,0.426599326599327,0.188552188552189,0.237373737373737,0.279461279461279,0.307744107744108,0.284175084175084,0.26026936026936,0.144107744107744,0.304040404040404
"wascoCA_100km_shp","shp","rcp85","BNU-ESM",2030,0.45016835016835,0.457575757575758,0.55959595959596,0.58013468013468,0.617171717171717,0.45016835016835,0.324242424242424,0.666666666666667,0.674074074074074,0.820538720538721,0.864309764309764,0.816498316498317,0.446464646464646,0.702020202020202,0.508417508417508,0.448148148148148,0.488888888888889,0.403703703703704,0.127946127946128,0.208080808080808,0.182154882154882,0.173400673400673,0.283501683501683,0.293602693602694,0.221212121212121,0.261279461279461,0.343771043771044,0.263636363636364,0.323232323232323,0.798653198653199,1.1040404040404
"wascoCA_100km_shp","shp","rcp85","BNU-ESM",2060,0.555050505050505,1.09023569023569,1.05353535353535,1.01582491582492,0.547138047138047,0.202020202020202,0.155218855218855,0.202693602693603,0.162962962962963,0.154545454545455,0.151178451178451,0.171717171717172,0.334680134680135,0.418181818181818,0.563973063973064,0.563636363636364,0.803030303030303,0.942424242424242,0.891582491582492,1.14410774410774,1.15050505050505,0.906060606060606,0.551178451178451,0.584175084175084,0.206397306397306,0.237710437710438,0.227609427609428,0.22020202020202,0.257575757575758,0.417508417508417,0.391245791245791
"wascoCA_100km_shp","shp","rcp45","CCSM4",1970,0.351234567901235,0.573063973063973,0.388888888888889,0.475420875420875,0.497643097643098,0.437710437710438,0.352188552188552,0.375084175084175,0.393265993265993,0.257239057239057,0.279461279461279,0.258585858585859,0.27037037037037,0.20976430976431,0.183164983164983,0.282491582491583,0.260942760942761,0.223905723905724,0.184175084175084,0.325925925925926,0.225589225589226,0.209090909090909,0.25959595959596,0.323232323232323,0.184848484848485,0.179461279461279,0.317171717171717,0.595959595959596,0.521548821548822,0.51010101010101,0.520538720538721
"wascoCA_100km_shp","shp","rcp45","CCSM4",2000,0.416329966329966,0.464646464646465,0.193939393939394,0.18956228956229,0.195622895622896,0.171717171717172,0.355555555555556,0.441750841750842,0.598989898989899,0.608417508417508,0.778787878787879,0.53030303030303,0.392929292929293,0.612121212121212,0.598316498316498,0.451515151515152,0.509090909090909,0.731649831649832,0.394276094276094,0.507070707070707,0.475084175084175,0.415824915824916,0.244781144781145,0.307070707070707,0.268686868686869,0.310774410774411,0.360606060606061,0.386531986531987,0.395959595959596,0.521548821548822,0.486868686868687
"wascoCA_100km_shp","shp","rcp45","CCSM4",2030,0.453591470258137,0.556565656565656,0.632659932659933,0.514141414141414,0.329292929292929,0.330976430976431,0.222222222222222,0.146127946127946,0.246464646464646,0.321212121212121,0.365319865319865,0.473737373737374,0.388888888888889,0.301346801346801,0.263636363636364,0.222222222222222,0.0936026936026936,0.343097643097643,0.742087542087542,0.74040404040404,0.756228956228956,0.894949494949495,0.781481481481481,0.399326599326599,0.632323232323232,0.708754208754209,0.574410774410774,0.494949494949495,0.518181818181818,0.275420875420875,0.170707070707071
"wascoCA_100km_shp","shp","rcp45","CCSM4",2060,0.49371492704826,0.444107744107744,0.651178451178451,0.616835016835017,0.655555555555556,0.734343434343434,0.542087542087542,0.344444444444444,0.497306397306397,0.51010101010101,0.478787878787879,0.436026936026936,0.472390572390572,0.309427609427609,0.211447811447811,0.327609427609428,0.475420875420875,0.571380471380471,0.594276094276094,0.638720538720539,0.647138047138047,0.455218855218855,0.41952861952862,0.388552188552189,0.404040404040404,0.258585858585859,0.41986531986532,0.362626262626263,0.555892255892256,0.692255892255892,0.679461279461279
"wascoCA_100km_shp","shp","rcp85","CCSM4",1970,0.351234567901235,0.573063973063973,0.388888888888889,0.475420875420875,0.497643097643098,0.437710437710438,0.352188552188552,0.375084175084175,0.393265993265993,0.257239057239057,0.279461279461279,0.258585858585859,0.27037037037037,0.20976430976431,0.183164983164983,0.282491582491583,0.260942760942761,0.223905723905724,0.184175084175084,0.325925925925926,0.225589225589226,0.209090909090909,0.25959595959596,0.323232323232323,0.184848484848485,0.179461279461279,0.317171717171717,0.595959595959596,0.521548821548822,0.51010101010101,0.520538720538721
"wascoCA_100km_shp","shp","rcp85","CCSM4",2000,0.480527497194164,0.464646464646465,0.193939393939394,0.18956228956229,0.195622895622896,0.171717171717172,0.355555555555556,0.441750841750842,0.598989898989899,0.608417508417508,0.778787878787879,0.53030303030303,0.392929292929293,0.612121212121212,0.598316498316498,0.463299663299663,0.593265993265993,0.613804713804714,0.233333333333333,0.263973063973064,0.253872053872054,0.286868686868687,0.493602693602694,0.4996632996633,0.571043771043771,0.576094276094276,0.498653198653199,0.549158249158249,0.74949494949495,0.665656565656566,0.671380471380471
"wascoCA_100km_shp","shp","rcp85","CCSM4",2030,0.388945005611672,0.601683501683502,0.356228956228956,0.163299663299663,0.414141414141414,0.405050505050505,0.432323232323232,0.585185185185185,0.578787878787879,0.358585858585859,0.414478114478115,0.404377104377104,0.221548821548822,0.21010101010101,0.191919191919192,0.187878787878788,0.382491582491582,0.378114478114478,0.415824915824916,0.461616161616162,0.374074074074074,0.15993265993266,0.179461279461279,0.186868686868687,0.168686868686869,0.273400673400673,0.672053872053872,0.671043771043771,0.778787878787879,0.755218855218855,0.713804713804714
"wascoCA_100km_shp","shp","rcp85","CCSM4",2060,0.666161616161616,0.398653198653199,0.422222222222222,0.436700336700337,0.454882154882155,0.481481481481482,0.423905723905724,1.13030303030303,1.06060606060606,1.02424242424242,1.03939393939394,1.14882154882155,0.615151515151515,0.575084175084175,0.568350168350168,0.843434343434343,0.704377104377104,0.490909090909091,0.508417508417508,0.778787878787879,0.608080808080808,0.957912457912458,0.969023569023569,0.931313131313131,0.673063973063973,0.545117845117845,0.276430976430976,0.324579124579125,0.484848484848485,0.508754208754209,0.877441077441077
"wascoCA_100km_shp","shp","rcp45","CNRM-CM5",1970,0.364814814814815,0.130639730639731,0.17979797979798,0.213131313131313,0.216498316498316,0.317508417508418,0.32996632996633,0.293265993265993,0.301346801346801,0.282154882154882,0.194612794612795,0.243434343434343,0.213468013468013,0.253872053872054,0.303367003367003,0.402356902356902,0.379461279461279,0.287205387205387,0.443771043771044,0.422558922558923,0.476767676767677,0.436363636363636,0.734680134680135,0.502356902356902,0.697979797979798,0.648821548821549,0.744781144781145,0.456228956228956,0.474410774410774,0.338720538720539,0.276094276094276
"wascoCA_100km_shp","shp","rcp45","CNRM-CM5",2000,0.765881032547699,0.253535353535354,0.25993265993266,0.291919191919192,0.475084175084175,0.683501683501683,0.743434343434343,0.892592592592593,0.836363636363636,0.595622895622896,0.442760942760943,0.356902356902357,0.196296296296296,0.222222222222222,0.192592592592593,0.10976430976431,0.112457912457912,0.206734006734007,0.6,0.793602693602694,1.12087542087542,1.27171717171717,1.31885521885522,1.37542087542088,1.37643097643098,1.34579124579125,1.50875420875421,1.58888888888889,1.26936026936027,1.37542087542088,1.11750841750842
"wascoCA_100km_shp","shp","rcp45","CNRM-CM5",2030,0.951234567901235,0.952861952861953,0.785521885521886,0.894612794612795,0.692592592592593,0.68989898989899,0.924242424242424,0.942760942760943,0.702356902356902,0.935016835016835,1.07878787878788,0.833670033670034,1.02592592592593,1.14006734006734,0.944781144781145,0.822558922558923,0.889225589225589,0.907407407407407,0.893602693602694,0.799326599326599,0.769360269360269,0.623905723905724,0.548484848484848,0.722222222222222,1.29326599326599,1.28451178451178,1.74781144781145,1.59124579124579,1.35454545454545,1,0.993939393939394
"wascoCA_100km_shp","shp","rcp45","CNRM-CM5",2060,0.878338945005612,0.445791245791246,0.514141414141414,0.861616161616162,0.872390572390572,1.03367003367003,1.06734006734007,1.03333333333333,0.767003367003367,1.06296296296296,1.04309764309764,1.01414141414141,1.21144781144781,1.09225589225589,0.538047138047138,0.362962962962963,0.426599326599327,0.16969696969697,0.150841750841751,0.614814814814815,0.611447811447811,0.676094276094276,1.01144781144781,1.67306397306397,1.2020202020202,1.27003367003367,1.57003367003367,1.28148148148148,0.725252525252525,0.850505050505051,0.83973063973064
"wascoCA_100km_shp","shp","rcp85","CNRM-CM5",1970,0.364814814814815,0.130639730639731,0.17979797979798,0.213131313131313,0.216498316498316,0.317508417508418,0.32996632996633,0.293265993265993,0.301346801346801,0.282154882154882,0.194612794612795,0.243434343434343,0.213468013468013,0.253872053872054,0.303367003367003,0.402356902356902,0.379461279461279,0.287205387205387,0.443771043771044,0.422558922558923,0.476767676767677,0.436363636363636,0.734680134680135,0.502356902356902,0.697979797979798,0.648821548821549,0.744781144781145,0.456228956228956,0.474410774410774,0.338720538720539,0.276094276094276
"wascoCA_100km_shp","shp","rcp85","CNRM-CM5",2000,0.541750841750842,0.253535353535354,0.25993265993266,0.291919191919192,0.475084175084175,0.683501683501683,0.743434343434343,0.892592592592593,0.836363636363636,0.595622895622896,0.442760942760943,0.356902356902357,0.196296296296296,0.222222222222222,0.192592592592593,0.181144781144781,0.247811447811448,0.263299663299663,0.291245791245791,0.461952861952862,0.419191919191919,0.371043771043771,0.690572390572391,0.751178451178451,0.794276094276094,1.0969696969697,1.19225589225589,0.887878787878788,0.857575757575758,0.743771043771044,0.517171717171717
"wascoCA_100km_shp","shp","rcp85","CNRM-CM5",2030,0.862850729517396,0.607070707070707,1.03905723905724,0.957912457912458,0.931986531986532,1.0020202020202,1.02895622895623,0.591919191919192,0.756902356902357,0.758922558922559,0.704040404040404,0.687542087542088,0.77979797979798,0.705387205387205,0.647474747474747,1.01212121212121,0.76969696969697,0.873400673400673,0.881144781144781,0.898316498316498,0.626262626262626,0.796296296296296,1.07037037037037,1.06195286195286,1.0973063973064,1.28585858585859,1.13400673400673,0.664309764309764,0.813804713804714,1.02121212121212,0.87037037037037
"wascoCA_100km_shp","shp","rcp85","CNRM-CM5",2060,0.707239057239057,0.894949494949495,0.889225589225589,0.723569023569024,0.512457912457913,0.308080808080808,0.344781144781145,0.427946127946128,0.669023569023569,0.682828282828283,1.03569023569024,0.963973063973064,1.19057239057239,0.883164983164983,0.891245791245791,0.537037037037037,0.554208754208754,0.292255892255892,0.351851851851852,0.552861952861953,0.627609427609428,0.694276094276094,0.779124579124579,1.07205387205387,0.936026936026936,0.906060606060606,0.908080808080808,0.798653198653199,0.543771043771044,0.731649831649832,1.04276094276094
"wascoCA_100km_shp","shp","rcp45","CSIRO-Mk3-6",1970,0.346969696969697,0.481481481481482,0.364309764309764,0.657575757575758,0.656902356902357,0.588888888888889,0.568013468013468,0.531986531986532,0.267340067340067,0.201346801346801,0.253872053872054,0.156902356902357,0.174747474747475,0.141750841750842,0.212794612794613,0.306397306397306,0.302356902356902,0.31986531986532,0.297979797979798,0.38013468013468,0.251515151515152,0.334343434343434,0.345117845117845,0.347138047138047,0.218855218855219,0.413131313131313,0.401346801346801,0.355218855218855,0.37003367003367,0.351515151515152,0.277104377104377
"wascoCA_100km_shp","shp","rcp45","CSIRO-Mk3-6",2000,0.451122334455668,0.244444444444444,0.327272727272727,0.306397306397306,0.291245791245791,0.14983164983165,0.262962962962963,0.171043771043771,0.207744107744108,0.207070707070707,0.226262626262626,0.0801346801346801,0.102020202020202,0.107407407407407,0.198316498316498,0.195622895622896,0.177777777777778,0.208080808080808,0.43030303030303,1.04713804713805,1.11043771043771,1.36430976430976,1.34915824915825,1.1013468013468,0.432996632996633,0.450841750841751,0.239057239057239,0.55993265993266,0.553535353535354,0.56969696969697,0.478787878787879
"wascoCA_100km_shp","shp","rcp45","CSIRO-Mk3-6",2030,0.362626262626263,0.442424242424242,0.189225589225589,0.237710437710438,0.214478114478114,0.244444444444444,0.28013468013468,0.205723905723906,0.149494949494949,0.153198653198653,0.116161616161616,0.0804713804713805,0.0797979797979798,0.275757575757576,0.45959595959596,0.728282828282828,0.872727272727273,0.903703703703704,0.781818181818182,0.588888888888889,0.478451178451178,0.503030303030303,0.468350168350168,0.446127946127946,0.464309764309764,0.33030303030303,0.274410774410774,0.269360269360269,0.284848484848485,0.247811447811448,0.230639730639731
"wascoCA_100km_shp","shp","rcp45","CSIRO-Mk3-6",2060,0.611447811447811,0.120538720538721,0.434006734006734,0.474074074074074,0.463973063973064,0.474747474747475,0.946801346801347,0.731986531986532,0.807070707070707,0.836363636363636,0.832323232323232,0.384175084175084,0.293265993265993,0.117171717171717,0.163636363636364,0.512794612794613,0.483501683501683,0.542424242424242,0.643097643097643,0.7003367003367,0.413804713804714,0.484848484848485,0.565656565656566,0.819191919191919,0.815151515151515,0.812794612794613,0.806734006734007,0.868686868686869,0.808080808080808,0.762626262626263,0.751515151515151
"wascoCA_100km_shp","shp","rcp85","CSIRO-Mk3-6",1970,0.346969696969697,0.481481481481482,0.364309764309764,0.657575757575758,0.656902356902357,0.588888888888889,0.568013468013468,0.531986531986532,0.267340067340067,0.201346801346801,0.253872053872054,0.156902356902357,0.174747474747475,0.141750841750842,0.212794612794613,0.306397306397306,0.302356902356902,0.31986531986532,0.297979797979798,0.38013468013468,0.251515151515152,0.334343434343434,0.345117845117845,0.347138047138047,0.218855218855219,0.413131313131313,0.401346801346801,0.355218855218855,0.37003367003367,0.351515151515152,0.277104377104377
"wascoCA_100km_shp","shp","rcp85","CSIRO-Mk3-6",2000,0.352188552188552,0.244444444444444,0.327272727272727,0.306397306397306,0.291245791245791,0.14983164983165,0.262962962962963,0.171043771043771,0.207744107744108,0.207070707070707,0.226262626262626,0.0801346801346801,0.102020202020202,0.107407407407407,0.198316498316498,0.251851851851852,0.427272727272727,0.540740740740741,0.501346801346801,0.413131313131313,0.731986531986532,0.701010101010101,0.757239057239057,0.772727272727273,0.865319865319865,0.476094276094276,0.402020202020202,0.236363636363636,0.217508417508418,0.300673400673401,0.443771043771044
"wascoCA_100km_shp","shp","rcp85","CSIRO-Mk3-6",2030,0.724242424242424,0.379461279461279,0.353198653198653,0.431313131313131,0.586195286195286,0.458585858585859,0.830639730639731,1.14579124579125,1.15892255892256,0.839393939393939,0.836363636363636,0.441077441077441,0.173063973063973,0.456565656565657,0.572053872053872,0.586868686868687,0.62996632996633,0.615151515151515,0.371717171717172,0.263973063973064,0.26969696969697,0.385185185185185,0.359259259259259,0.726599326599327,0.74006734006734,1.26329966329966,1.66767676767677,1.6979797979798,1.2003367003367,1.16565656565657,0.656902356902357
"wascoCA_100km_shp","shp","rcp85","CSIRO-Mk3-6",2060,0.582828282828283,0.320538720538721,0.361279461279461,0.402693602693603,0.443434343434343,0.421212121212121,0.252525252525253,0.178451178451178,0.15959595959596,0.330639730639731,0.702356902356902,0.732996632996633,0.734006734006734,0.765319865319865,0.553872053872054,0.167003367003367,0.182154882154882,0.177777777777778,0.674074074074074,1.34444444444444,1.34141414141414,1.51043771043771,1.62626262626263,1.1,0.427609427609428,0.421548821548822,0.319191919191919,0.226936026936027,0.395286195286195,0.542087542087542,0.574074074074074
"wascoCA_100km_shp","shp","rcp45","CanESM2",1970,0.375757575757576,0.266329966329966,0.235690235690236,0.33973063973064,0.455218855218855,0.512121212121212,0.421212121212121,0.424242424242424,0.44006734006734,0.434006734006734,0.38047138047138,0.320875420875421,0.364309764309764,0.439057239057239,0.308754208754209,0.289225589225589,0.389225589225589,0.348148148148148,0.167003367003367,0.199326599326599,0.254208754208754,0.296969696969697,0.302020202020202,0.319191919191919,0.598316498316498,0.541077441077441,0.5,0.498316498316498,0.549494949494949,0.248821548821549,0.293602693602694
"wascoCA_100km_shp","shp","rcp45","CanESM2",2000,0.478675645342312,0.227272727272727,0.368686868686869,0.326262626262626,0.32962962962963,0.276767676767677,0.467003367003367,0.375757575757576,0.327946127946128,0.355892255892256,0.353872053872054,0.134006734006734,0.118181818181818,0.477104377104377,0.617171717171717,0.628619528619529,0.618855218855219,0.601683501683502,0.290909090909091,0.144107744107744,0.461279461279461,0.475420875420875,0.484848484848485,0.446127946127946,1.04074074074074,1.01447811447811,1.01245791245791,0.982828282828283,1.0037037037037,0.492929292929293,0.324242424242424
"wascoCA_100km_shp","shp","rcp45","CanESM2",2030,0.708754208754209,0.842087542087542,1.00774410774411,1.05791245791246,0.954882154882155,0.884511784511784,0.384511784511784,0.301010101010101,0.536026936026936,0.527946127946128,0.4996632996633,0.568686868686869,0.5003367003367,0.187542087542088,0.265656565656566,0.251851851851852,0.337710437710438,0.348148148148148,0.372390572390572,0.410774410774411,0.412457912457912,0.812794612794613,1.13939393939394,1.11851851851852,1.48922558922559,1.63333333333333,1.12020202020202,0.885521885521886,0.98013468013468,0.517508417508417,0.346127946127946
"wascoCA_100km_shp","shp","rcp45","CanESM2",2060,0.681088664421998,0.64983164983165,0.526262626262626,0.42996632996633,0.482828282828283,0.56969696969697,0.557575757575758,0.565319865319865,1.04579124579125,1.07508417508418,1.04309764309764,0.888215488215488,0.880808080808081,0.561279461279461,0.45959595959596,0.635353535353535,0.573400673400673,0.754545454545455,0.771717171717172,0.826262626262626,0.873737373737374,0.735016835016835,0.782828282828283,0.691245791245791,0.63030303030303,0.381818181818182,0.510774410774411,0.403367003367003,0.586531986531987,0.917845117845118,0.944444444444444
"wascoCA_100km_shp","shp","rcp85","CanESM2",1970,0.375757575757576,0.266329966329966,0.235690235690236,0.33973063973064,0.455218855218855,0.512121212121212,0.421212121212121,0.424242424242424,0.44006734006734,0.434006734006734,0.38047138047138,0.320875420875421,0.364309764309764,0.439057239057239,0.308754208754209,0.289225589225589,0.389225589225589,0.348148148148148,0.167003367003367,0.199326599326599,0.254208754208754,0.296969696969697,0.302020202020202,0.319191919191919,0.598316498316498,0.541077441077441,0.5,0.498316498316498,0.549494949494949,0.248821548821549,0.293602693602694
"wascoCA_100km_shp","shp","rcp85","CanESM2",2000,0.477104377104377,0.227272727272727,0.368686868686869,0.326262626262626,0.32962962962963,0.276767676767677,0.467003367003367,0.375757575757576,0.327946127946128,0.355892255892256,0.353872053872054,0.134006734006734,0.118181818181818,0.477104377104377,0.617171717171717,0.619528619528619,0.692592592592593,0.709427609427609,0.365319865319865,0.387542087542088,0.379124579124579,0.587205387205387,0.531986531986532,0.679124579124579,0.567340067340067,0.852861952861953,0.713804713804714,0.852188552188552,0.686868686868687,0.679461279461279,0.397306397306397
"wascoCA_100km_shp","shp","rcp85","CanESM2",2030,0.713804713804714,0.294276094276094,0.179461279461279,0.196632996632997,0.342424242424242,0.616835016835017,0.912121212121212,0.886531986531987,0.870707070707071,0.862289562289562,0.976094276094276,0.919191919191919,1.04309764309764,1.06127946127946,0.850841750841751,0.475084175084175,0.202020202020202,0.241077441077441,0.262962962962963,0.256902356902357,0.289225589225589,0.312794612794613,0.15959595959596,0.208417508417508,0.605723905723906,0.955555555555555,0.985185185185185,1.76464646464646,1.68282828282828,1.38417508417508,1.0986531986532
"wascoCA_100km_shp","shp","rcp85","CanESM2",2060,1.4148709315376,1.07070707070707,0.302020202020202,0.455892255892256,0.622222222222222,0.726262626262626,0.862962962962963,1.1962962962963,1.38114478114478,1.22121212121212,1.37946127946128,1.46835016835017,2.21784511784512,2.92222222222222,2.81279461279461,2.48720538720539,2.5956228956229,2.25286195286195,1.23097643097643,1.23737373737374,1.67037037037037,1.6969696969697,1.40909090909091,1.76902356902357,1.75488215488215,1.44949494949495,1.21548821548822,0.768686868686869,0.72996632996633,0.971043771043771,0.891919191919192
"wascoCA_100km_shp","shp","rcp45","GFDL-ESM2G",1970,0.382772166105499,0.192255892255892,0.19023569023569,0.138383838383838,0.173063973063973,0.338047138047138,0.293265993265993,0.343434343434343,0.492592592592593,0.598653198653199,0.493265993265993,0.697643097643098,0.647474747474748,0.522222222222222,0.384175084175084,0.385858585858586,0.252188552188552,0.424915824915825,0.392929292929293,0.385521885521886,0.302693602693603,0.302693602693603,0.103030303030303,0.228619528619529,0.306060606060606,0.481144781144781,0.408417508417508,0.44983164983165,0.521885521885522,0.453198653198653,0.453198653198653
"wascoCA_100km_shp","shp","rcp45","GFDL-ESM2G",2000,0.415656565656566,0.462626262626263,0.572390572390572,0.416161616161616,0.45993265993266,0.262626262626263,0.328956228956229,0.227609427609428,0.200673400673401,0.172053872053872,0.284175084175084,0.249494949494949,0.371380471380471,0.385185185185185,0.368013468013468,0.406060606060606,0.438383838383838,0.281144781144781,1.07979797979798,1.25420875420875,1.19191919191919,1.14444444444444,1.13569023569024,0.312794612794613,0.130639730639731,0.0609427609427609,0.0494949494949495,0.0932659932659933,0.0993265993265993,0.220538720538721,0.245791245791246
"wascoCA_100km_shp","shp","rcp45","GFDL-ESM2G",2030,0.344781144781145,0.231313131313131,0.185521885521886,0.218855218855219,0.279124579124579,0.279461279461279,0.304713804713805,0.402020202020202,0.534006734006734,0.411784511784512,0.363636363636364,0.364309764309764,0.515151515151515,0.368350168350168,0.416161616161616,0.449158249158249,0.423905723905724,0.262626262626263,0.368350168350168,0.346464646464646,0.336700336700337,0.348148148148148,0.273063973063973,0.181481481481481,0.132323232323232,0.10976430976431,0.360606060606061,0.410774410774411,0.397643097643098,0.372053872053872,0.407744107744108
"wascoCA_100km_shp","shp","rcp45","GFDL-ESM2G",2060,0.429068462401796,0.33030303030303,0.264646464646465,0.306397306397306,0.315151515151515,0.426599326599327,0.308417508417508,0.5996632996633,0.543097643097643,0.727272727272727,0.700673400673401,0.65016835016835,0.41986531986532,0.417508417508417,0.665319865319865,0.695622895622896,0.739393939393939,0.715824915824916,0.794612794612795,0.4,0.331313131313131,0.309090909090909,0.273063973063973,0.193602693602694,0.27003367003367,0.251178451178451,0.272390572390572,0.281481481481481,0.319191919191919,0.4,0.468350168350168
"wascoCA_100km_shp","shp","rcp85","GFDL-ESM2G",1970,0.382772166105499,0.192255892255892,0.19023569023569,0.138383838383838,0.173063973063973,0.338047138047138,0.293265993265993,0.343434343434343,0.492592592592593,0.598653198653199,0.493265993265993,0.697643097643098,0.647474747474748,0.522222222222222,0.384175084175084,0.385858585858586,0.252188552188552,0.424915824915825,0.392929292929293,0.385521885521886,0.302693602693603,0.302693602693603,0.103030303030303,0.228619528619529,0.306060606060606,0.481144781144781,0.408417508417508,0.44983164983165,0.521885521885522,0.453198653198653,0.453198653198653
"wascoCA_100km_shp","shp","rcp85","GFDL-ESM2G",2000,0.397194163860831,0.462626262626263,0.572390572390572,0.416161616161616,0.45993265993266,0.262626262626263,0.328956228956229,0.227609427609428,0.200673400673401,0.172053872053872,0.284175084175084,0.249494949494949,0.371380471380471,0.385185185185185,0.368013468013468,0.26026936026936,0.401010101010101,0.245791245791246,0.277104377104377,0.455555555555556,0.467003367003367,0.318855218855219,0.318518518518519,0.287878787878788,0.104377104377104,0.781818181818182,0.802356902356902,0.792929292929293,0.816161616161616,1.04983164983165,0.420538720538721
"wascoCA_100km_shp","shp","rcp85","GFDL-ESM2G",2030,0.630078563411897,0.449158249158249,0.598316498316498,0.58989898989899,0.378451178451178,0.311784511784512,0.267676767676768,0.363299663299663,0.458249158249158,0.468350168350168,0.618181818181818,0.898989898989899,0.888552188552189,0.967676767676768,0.934343434343434,1.10673400673401,0.855555555555556,0.821885521885522,0.620538720538721,0.846127946127946,0.748821548821549,0.696632996632997,0.564646464646465,0.613804713804714,0.469360269360269,0.254545454545455,0.298316498316498,0.243771043771044,0.53030303030303,0.82996632996633,0.817508417508418
"wascoCA_100km_shp","shp","rcp85","GFDL-ESM2G",2060,0.430359147025814,0.783164983164983,0.927272727272727,0.634680134680135,0.360606060606061,0.386868686868687,0.390572390572391,0.312457912457912,0.265319865319865,0.187205387205387,0.177777777777778,0.286868686868687,0.21986531986532,0.44949494949495,0.513468013468013,0.773737373737374,0.639057239057239,0.623905723905724,0.466666666666667,0.383501683501684,0.133670033670034,0.25959595959596,0.508754208754209,0.439393939393939,0.428282828282828,0.400673400673401,0.295286195286195,0.258249158249158,0.326599326599327,0.345117845117845,0.546127946127946
"wascoCA_100km_shp","shp","rcp45","GFDL-ESM2M",1970,0.330190796857463,0.769023569023569,0.568686868686869,0.623569023569024,0.458922558922559,0.432323232323232,0.147138047138047,0.126599326599327,0.063973063973064,0.177104377104377,0.165993265993266,0.221212121212121,0.242087542087542,0.295959595959596,0.276094276094276,0.262289562289562,0.235690235690236,0.34006734006734,0.325589225589226,0.315488215488215,0.323569023569024,0.303367003367003,0.326936026936027,0.46969696969697,0.363973063973064,0.367676767676768,0.507407407407407,0.365319865319865,0.202356902356902,0.221212121212121,0.341750841750842
"wascoCA_100km_shp","shp","rcp45","GFDL-ESM2M",2000,0.410549943883277,0.202693602693603,0.232323232323232,0.247811447811448,0.231313131313131,0.278451178451178,0.44006734006734,0.45959595959596,0.451851851851852,0.492929292929293,0.336026936026936,0.221885521885522,0.232659932659933,0.230976430976431,0.193602693602694,0.524242424242424,0.649158249158249,0.643434343434343,0.639393939393939,0.762289562289562,0.607070707070707,0.444781144781145,0.404040404040404,0.405723905723906,0.294949494949495,0.113131313131313,0.318181818181818,0.315151515151515,0.487542087542087,0.675084175084175,0.664309764309764
"wascoCA_100km_shp","shp","rcp45","GFDL-ESM2M",2030,0.701795735129068,0.468686868686869,0.683838383838384,0.875757575757576,1.09393939393939,1.25050505050505,1.22222222222222,1.0030303030303,0.663973063973064,0.253535353535354,0.260606060606061,0.266666666666667,0.275420875420875,0.365993265993266,0.406060606060606,0.461616161616162,0.930976430976431,1.16060606060606,1.11010101010101,1.08451178451178,0.988215488215488,0.55016835016835,0.543097643097643,0.654208754208754,0.823232323232323,0.805050505050505,0.864983164983165,0.636363636363636,0.540740740740741,0.364309764309764,0.382828282828283
"wascoCA_100km_shp","shp","rcp45","GFDL-ESM2M",2060,0.322615039281706,0.326936026936027,0.334006734006734,0.367003367003367,0.392929292929293,0.285858585858586,0.30976430976431,0.33973063973064,0.248821548821549,0.215824915824916,0.215488215488215,0.15016835016835,0.0962962962962963,0.0740740740740741,0.0936026936026936,0.178451178451178,0.183838383838384,0.205723905723906,0.181144781144781,0.287542087542088,0.179124579124579,0.507744107744108,0.514814814814815,0.541750841750842,0.411447811447811,0.55016835016835,0.231313131313131,0.535016835016835,0.522895622895623,0.55993265993266,0.422558922558923
"wascoCA_100km_shp","shp","rcp85","GFDL-ESM2M",1970,0.330190796857463,0.769023569023569,0.568686868686869,0.623569023569024,0.458922558922559,0.432323232323232,0.147138047138047,0.126599326599327,0.063973063973064,0.177104377104377,0.165993265993266,0.221212121212121,0.242087542087542,0.295959595959596,0.276094276094276,0.262289562289562,0.235690235690236,0.34006734006734,0.325589225589226,0.315488215488215,0.323569023569024,0.303367003367003,0.326936026936027,0.46969696969697,0.363973063973064,0.367676767676768,0.507407407407407,0.365319865319865,0.202356902356902,0.221212121212121,0.341750841750842
"wascoCA_100km_shp","shp","rcp85","GFDL-ESM2M",2000,0.315319865319865,0.202693602693603,0.232323232323232,0.247811447811448,0.231313131313131,0.278451178451178,0.44006734006734,0.45959595959596,0.451851851851852,0.492929292929293,0.336026936026936,0.221885521885522,0.232659932659933,0.230976430976431,0.193602693602694,0.476430976430976,0.433333333333333,0.411447811447811,0.414814814814815,0.504377104377104,0.198989898989899,0.232323232323232,0.191245791245791,0.165319865319865,0.208754208754209,0.369023569023569,0.353872053872054,0.356565656565657,0.381144781144781,0.235353535353535,0.110774410774411
"wascoCA_100km_shp","shp","rcp85","GFDL-ESM2M",2030,0.528675645342312,0.218518518518519,0.788215488215488,0.9,1.01616161616162,1.00538720538721,0.918518518518519,0.461616161616162,0.347474747474747,0.371380471380471,0.346127946127946,0.320875420875421,0.245117845117845,0.21986531986532,0.0878787878787879,0.0828282828282828,0.0643097643097643,0.0353535353535354,0.21952861952862,0.213468013468013,0.317845117845118,0.313131313131313,0.352188552188552,0.243097643097643,0.661279461279461,0.933333333333333,0.955555555555555,1.03973063973064,1.24208754208754,1.01043771043771,0.711447811447811
"wascoCA_100km_shp","shp","rcp85","GFDL-ESM2M",2060,0.579741863075196,0.885858585858586,0.763636363636364,0.566666666666667,0.38047138047138,0.352525252525253,0.353198653198653,0.364309764309764,0.310774410774411,0.311447811447811,0.48956228956229,0.434680134680135,0.456565656565657,0.445791245791246,0.69023569023569,1.07239057239057,0.974410774410774,0.951851851851852,0.954882154882155,0.813131313131313,0.400673400673401,0.41010101010101,0.497979797979798,0.621212121212121,0.641414141414141,0.446801346801347,0.441414141414141,0.330976430976431,0.579124579124579,1.04074074074074,1.22188552188552
"wascoCA_100km_shp","shp","rcp45","HadGEM2-CC365",1970,0.278675645342312,0.351178451178451,0.411784511784512,0.516835016835017,0.379124579124579,0.31952861952862,0.31043771043771,0.397979797979798,0.291245791245791,0.272727272727273,0.309427609427609,0.288215488215488,0.142424242424242,0.146801346801347,0.213804713804714,0.156902356902357,0.16026936026936,0.256565656565657,0.218518518518519,0.126262626262626,0.14040404040404,0.172390572390572,0.0929292929292929,0.103030303030303,0.200673400673401,0.201010101010101,0.156565656565657,0.152188552188552,0.395622895622896,0.324579124579125,0.484848484848485
"wascoCA_100km_shp","shp","rcp45","HadGEM2-CC365",2000,0.395679012345679,0.512457912457913,0.702693602693603,0.622895622895623,0.828619528619529,0.735016835016835,0.7,0.513468013468014,0.55993265993266,0.531313131313131,0.468013468013468,0.526936026936027,0.503030303030303,0.461279461279461,0.28989898989899,0.40976430976431,0.653198653198653,0.694612794612795,0.516835016835017,0.494612794612795,0.359259259259259,0.11952861952862,0.0905723905723906,0.0898989898989899,0.0791245791245791,0.168013468013468,0.124579124579125,0.118855218855219,0.123232323232323,0.254208754208754,0.486195286195286
"wascoCA_100km_shp","shp","rcp45","HadGEM2-CC365",2030,0.410942760942761,0.512121212121212,0.513804713804714,0.541414141414141,0.464983164983165,0.248821548821549,0.217171717171717,0.257575757575758,0.344781144781145,0.305723905723906,0.198653198653199,0.255555555555556,0.227946127946128,0.352525252525253,0.357575757575758,0.402020202020202,0.569023569023569,0.693939393939394,0.504040404040404,0.514141414141414,0.553535353535354,0.352188552188552,0.213468013468013,0.316835016835017,0.388552188552189,0.31043771043771,0.315151515151515,0.495959595959596,0.406060606060606,0.316498316498317,0.425925925925926
"wascoCA_100km_shp","shp","rcp45","HadGEM2-CC365",2060,0.669584736251403,0.71952861952862,0.555555555555556,0.488215488215488,0.683164983164983,0.863299663299663,0.95959595959596,1.3003367003367,1.33232323232323,1.2959595959596,1.41111111111111,0.986868686868687,0.802693602693603,0.773063973063973,0.706060606060606,0.347811447811448,0.576430976430976,0.411447811447811,0.471043771043771,0.449158249158249,0.417845117845118,0.223905723905724,0.253198653198653,0.203030303030303,0.122895622895623,0.245117845117845,0.586531986531987,0.737037037037037,0.74983164983165,0.77003367003367,0.62962962962963
"wascoCA_100km_shp","shp","rcp85","HadGEM2-CC365",1970,0.278675645342312,0.351178451178451,0.411784511784512,0.516835016835017,0.379124579124579,0.31952861952862,0.31043771043771,0.397979797979798,0.291245791245791,0.272727272727273,0.309427609427609,0.288215488215488,0.142424242424242,0.146801346801347,0.213804713804714,0.156902356902357,0.16026936026936,0.256565656565657,0.218518518518519,0.126262626262626,0.14040404040404,0.172390572390572,0.0929292929292929,0.103030303030303,0.200673400673401,0.201010101010101,0.156565656565657,0.152188552188552,0.395622895622896,0.324579124579125,0.484848484848485
"wascoCA_100km_shp","shp","rcp85","HadGEM2-CC365",2000,0.399046015712682,0.512457912457913,0.702693602693603,0.622895622895623,0.828619528619529,0.735016835016835,0.7,0.513468013468014,0.55993265993266,0.531313131313131,0.468013468013468,0.526936026936027,0.503030303030303,0.461279461279461,0.28989898989899,0.274747474747475,0.393265993265993,0.592592592592593,0.448821548821549,0.434680134680135,0.455218855218855,0.329292929292929,0.142087542087542,0.154882154882155,0.185858585858586,0.177104377104377,0.17003367003367,0.171380471380471,0.146464646464646,0.113804713804714,0.103367003367003
"wascoCA_100km_shp","shp","rcp85","HadGEM2-CC365",2030,0.404433221099888,0.0919191919191919,0.336026936026936,0.32962962962963,0.705387205387205,0.77946127946128,0.781818181818182,0.587878787878788,0.606060606060606,0.245454545454545,0.187878787878788,0.2,0.236363636363636,0.250505050505051,0.291245791245791,0.324915824915825,0.322895622895623,0.442760942760943,0.679461279461279,0.792929292929293,0.787542087542088,0.833670033670034,0.629292929292929,0.422222222222222,0.245117845117845,0.242424242424242,0.181481481481481,0.176094276094276,0.138720538720539,0.211784511784512,0.165656565656566
"wascoCA_100km_shp","shp","rcp85","HadGEM2-CC365",2060,0.682154882154882,0.208754208754209,0.288888888888889,0.347474747474747,0.264646464646465,0.490909090909091,0.421212121212121,0.401346801346801,0.415488215488215,0.433670033670034,0.261279461279461,0.3003367003367,0.92996632996633,1.01515151515152,1.12962962962963,1.58585858585859,1.60875420875421,0.922895622895623,0.74949494949495,0.634343434343434,0.175420875420875,0.221548821548822,0.72020202020202,0.797979797979798,1.08585858585859,1.08686868686869,1.31245791245791,0.87037037037037,0.767340067340067,0.475420875420875,0.653535353535354
"wascoCA_100km_shp","shp","rcp45","HadGEM2-ES365",1970,0.253759820426487,0.133333333333333,0.0835016835016835,0.118181818181818,0.117845117845118,0.0882154882154882,0.0841750841750842,0.135016835016835,0.114141414141414,0.278787878787879,0.279461279461279,0.248148148148148,0.202693602693603,0.184511784511785,0.0676767676767677,0.209427609427609,0.24006734006734,0.427609427609428,0.476767676767677,0.560606060606061,0.586868686868687,0.554208754208754,0.369023569023569,0.331986531986532,0.222895622895623,0.0643097643097643,0.126936026936027,0.26026936026936,0.296969696969697,0.48989898989899,0.481818181818182
"wascoCA_100km_shp","shp","rcp45","HadGEM2-ES365",2000,0.522334455667789,0.485185185185185,0.62020202020202,0.612794612794613,0.452188552188552,0.717171717171717,0.733670033670034,0.61986531986532,0.596632996632997,0.586868686868687,0.331313131313131,0.41010101010101,0.336700336700337,0.32020202020202,0.282491582491583,0.271043771043771,0.250505050505051,0.176094276094276,0.224579124579125,0.405723905723906,0.574410774410774,0.543771043771044,0.552188552188552,0.624242424242424,0.613804713804714,0.463299663299663,0.6,0.636700336700337,0.755555555555556,0.752861952861953,0.735353535353535
"wascoCA_100km_shp","shp","rcp45","HadGEM2-ES365",2030,0.556397306397306,0.525925925925926,0.494276094276094,0.51043771043771,0.335690235690236,0.335353535353535,0.306060606060606,0.442424242424242,0.226936026936027,0.437710437710438,0.753872053872054,0.745454545454545,0.772390572390572,0.742087542087542,0.716161616161616,0.645454545454546,0.647811447811448,0.523232323232323,0.524242424242424,0.365993265993266,0.320875420875421,0.742087542087542,0.700673400673401,0.897306397306397,0.925925925925926,0.846464646464646,0.44006734006734,0.412457912457912,0.437373737373737,1.05016835016835,1.03131313131313
"wascoCA_100km_shp","shp","rcp45","HadGEM2-ES365",2060,0.649943883277217,1.07676767676768,1.22222222222222,1.07744107744108,0.414814814814815,0.479461279461279,0.795286195286195,0.649158249158249,0.711447811447811,0.705387205387205,0.556565656565657,0.207407407407407,0.223905723905724,0.695622895622896,0.890909090909091,0.883164983164983,0.964309764309764,1.0983164983165,0.47979797979798,0.329292929292929,0.401346801346801,0.305050505050505,0.225925925925926,0.393939393939394,0.417508417508418,0.557575757575758,0.64949494949495,0.704040404040404,0.541414141414141,0.498653198653199,0.279124579124579
"wascoCA_100km_shp","shp","rcp85","HadGEM2-ES365",1970,0.253759820426487,0.133333333333333,0.0835016835016835,0.118181818181818,0.117845117845118,0.0882154882154882,0.0841750841750842,0.135016835016835,0.114141414141414,0.278787878787879,0.279461279461279,0.248148148148148,0.202693602693603,0.184511784511785,0.0676767676767677,0.209427609427609,0.24006734006734,0.427609427609428,0.476767676767677,0.560606060606061,0.586868686868687,0.554208754208754,0.369023569023569,0.331986531986532,0.222895622895623,0.0643097643097643,0.126936026936027,0.26026936026936,0.296969696969697,0.48989898989899,0.481818181818182
"wascoCA_100km_shp","shp","rcp85","HadGEM2-ES365",2000,0.482154882154882,0.485185185185185,0.62020202020202,0.612794612794613,0.452188552188552,0.717171717171717,0.733670033670034,0.61986531986532,0.596632996632997,0.586868686868687,0.331313131313131,0.41010101010101,0.336700336700337,0.32020202020202,0.282491582491583,0.285185185185185,0.123569023569024,0.0400673400673401,0.209090909090909,0.411111111111111,0.403703703703704,0.744444444444444,0.839057239057239,0.67003367003367,0.721548821548821,0.845117845117845,0.515488215488215,0.48989898989899,0.484175084175084,0.316835016835017,0.212121212121212
"wascoCA_100km_shp","shp","rcp85","HadGEM2-ES365",2030,0.478058361391695,0.2,0.18047138047138,0.578114478114478,0.501683501683502,0.492255892255892,0.5,0.474410774410774,0.14006734006734,0.176430976430976,0.225925925925926,0.296632996632997,0.333333333333333,0.496969696969697,0.712121212121212,0.841414141414141,0.79023569023569,0.758249158249158,0.86969696969697,0.641414141414141,0.666329966329966,0.675084175084175,0.655218855218855,0.329292929292929,0.326262626262626,0.154208754208754,0.122558922558923,0.274747474747475,0.454208754208754,0.454208754208754,0.41010101010101
"wascoCA_100km_shp","shp","rcp85","HadGEM2-ES365",2060,0.540740740740741,0.430976430976431,0.34983164983165,0.159259259259259,0.177441077441077,0.252525252525253,0.339393939393939,0.279461279461279,0.707407407407407,0.764983164983165,0.902020202020202,0.803030303030303,0.774074074074074,0.477441077441077,0.394949494949495,0.189225589225589,0.185185185185185,0.2,0.297979797979798,0.583501683501684,0.95016835016835,1.06161616161616,1.27676767676768,1.17441077441077,0.858249158249158,0.727272727272727,0.641414141414141,0.455555555555556,0.427946127946128,0.590572390572391,0.552525252525253
"wascoCA_100km_shp","shp","rcp45","IPSL-CM5A-LR",1970,0.34702581369248,0.406060606060606,0.412794612794613,0.373063973063973,0.191245791245791,0.174747474747475,0.160606060606061,0.168350168350168,0.186195286195286,0.229292929292929,0.224915824915825,0.209090909090909,0.182491582491582,0.325925925925926,0.25016835016835,0.383501683501684,0.664983164983165,0.672727272727273,0.568013468013468,0.547138047138047,0.386531986531987,0.217845117845118,0.224915824915825,0.175084175084175,0.184848484848485,0.242087542087542,0.46026936026936,0.449158249158249,0.453872053872054,0.459259259259259,0.453535353535354
"wascoCA_100km_shp","shp","rcp45","IPSL-CM5A-LR",2000,0.557014590347924,0.187878787878788,0.502693602693603,0.501346801346801,0.61043771043771,0.551515151515152,0.51043771043771,0.353535353535354,0.532659932659933,0.44040404040404,0.463973063973064,0.432659932659933,0.481481481481481,0.415488215488215,0.414814814814815,0.489225589225589,1.38653198653199,1.34309764309764,1.25589225589226,1.22154882154882,1.17138047138047,0.296296296296296,0.285858585858586,0.264646464646465,0.331649831649832,0.407407407407407,0.398316498316498,0.244107744107744,0.372053872053872,0.305050505050505,0.217171717171717
"wascoCA_100km_shp","shp","rcp45","IPSL-CM5A-LR",2030,0.60993265993266,0.239393939393939,0.951851851851852,0.814141414141414,0.853198653198653,0.82020202020202,0.81952861952862,0.17003367003367,0.555555555555556,0.558585858585859,0.74006734006734,0.856565656565657,0.905387205387205,0.535690235690236,0.75959595959596,0.587205387205387,0.497643097643098,0.587878787878788,0.661279461279461,0.537037037037037,0.525252525252525,0.6996632996633,0.637373737373737,0.554545454545455,0.713131313131313,0.749158249158249,0.534680134680135,0.46026936026936,0.538383838383838,0.418181818181818,0.560606060606061
"wascoCA_100km_shp","shp","rcp45","IPSL-CM5A-LR",2060,0.487261503928171,0.673063973063973,0.611447811447811,0.524915824915825,0.364646464646465,0.328619528619529,0.205387205387205,0.220875420875421,0.234343434343434,0.231313131313131,0.0993265993265993,0.198316498316498,0.818855218855219,0.808754208754209,0.905050505050505,0.941077441077441,0.83973063973064,0.27003367003367,0.342424242424242,0.284848484848485,0.28047138047138,0.294949494949495,0.268350168350168,0.50976430976431,0.465993265993266,0.536363636363636,0.579461279461279,0.585521885521886,0.503367003367003,0.615824915824916,0.758922558922559
"wascoCA_100km_shp","shp","rcp85","IPSL-CM5A-LR",1970,0.34702581369248,0.406060606060606,0.412794612794613,0.373063973063973,0.191245791245791,0.174747474747475,0.160606060606061,0.168350168350168,0.186195286195286,0.229292929292929,0.224915824915825,0.209090909090909,0.182491582491582,0.325925925925926,0.25016835016835,0.383501683501684,0.664983164983165,0.672727272727273,0.568013468013468,0.547138047138047,0.386531986531987,0.217845117845118,0.224915824915825,0.175084175084175,0.184848484848485,0.242087542087542,0.46026936026936,0.449158249158249,0.453872053872054,0.459259259259259,0.453535353535354
"wascoCA_100km_shp","shp","rcp85","IPSL-CM5A-LR",2000,0.656341189674523,0.187878787878788,0.502693602693603,0.501346801346801,0.61043771043771,0.551515151515152,0.51043771043771,0.353535353535354,0.532659932659933,0.44040404040404,0.463973063973064,0.432659932659933,0.481481481481481,0.415488215488215,0.414814814814815,0.492255892255892,0.504040404040404,0.593265993265993,0.694949494949495,0.717845117845118,0.675420875420875,0.827272727272727,0.562289562289562,0.404040404040404,0.386531986531987,0.575084175084175,1.10808080808081,1.43131313131313,1.38956228956229,1.73030303030303,1.51111111111111
"wascoCA_100km_shp","shp","rcp85","IPSL-CM5A-LR",2030,0.615039281705948,0.971717171717172,0.898316498316498,0.955892255892256,0.611447811447811,0.810774410774411,0.762962962962963,0.504713804713805,0.457239057239057,0.566329966329966,0.431313131313131,0.689225589225589,0.666666666666667,0.631649831649832,0.647811447811448,0.711447811447811,0.331986531986532,0.672053872053872,0.978114478114478,0.822558922558923,0.773737373737374,0.841077441077441,0.737037037037037,0.455555555555556,0.456902356902357,0.362289562289562,0.295959595959596,0.0962962962962963,0.211784511784512,0.545117845117845,1.14713804713805
"wascoCA_100km_shp","shp","rcp85","IPSL-CM5A-LR",2060,0.595566778900112,1.18619528619529,1.58855218855219,1.98282828282828,1.9006734006734,1.2976430976431,1.26430976430976,0.83030303030303,0.317171717171717,0.062962962962963,0.174747474747475,0.291582491582492,0.284175084175084,0.266666666666667,0.294612794612795,0.27037037037037,0.152188552188552,0.363636363636364,0.36969696969697,0.366329966329966,0.264646464646465,0.259259259259259,0.381818181818182,0.505387205387205,0.48956228956229,0.482828282828283,0.55050505050505,0.252861952861953,0.131649831649832,0.157912457912458,0.178114478114478
"wascoCA_100km_shp","shp","rcp45","IPSL-CM5A-MR",1970,0.429012345679012,0.321548821548822,0.247811447811448,0.169023569023569,0.318181818181818,0.335016835016835,0.358585858585859,0.34949494949495,0.358249158249158,0.162626262626263,0.187878787878788,0.544781144781145,0.570707070707071,0.632996632996633,0.657239057239057,0.622895622895623,0.654545454545455,0.642760942760943,0.594949494949495,0.670707070707071,0.646127946127946,0.547138047138047,0.569023569023569,0.549494949494949,0.551178451178451,0.553872053872054,0.274747474747475,0.258249158249158,0.269360269360269,0.176767676767677,0.178114478114478
"wascoCA_100km_shp","shp","rcp45","IPSL-CM5A-MR",2000,0.395903479236813,0.172053872053872,0.192929292929293,0.11010101010101,0.122558922558923,0.16026936026936,0.216161616161616,0.21010101010101,0.347474747474747,0.330976430976431,0.277777777777778,0.185185185185185,0.250841750841751,0.11952861952862,0.10976430976431,0.182828282828283,0.182491582491583,0.0821548821548821,0.0824915824915825,0.232323232323232,0.32962962962963,0.372390572390572,0.586868686868687,0.847138047138047,1.10572390572391,1.14848484848485,1.10505050505051,0.947138047138047,0.868686868686869,0.541414141414141,0.335353535353535
"wascoCA_100km_shp","shp","rcp45","IPSL-CM5A-MR",2030,0.405218855218855,0.381481481481481,0.382491582491582,0.248484848484849,0.230976430976431,0.528282828282828,0.664983164983165,0.635353535353535,0.734680134680135,0.709090909090909,0.545117845117845,0.483838383838384,0.495286195286195,0.612457912457912,0.6003367003367,0.48013468013468,0.38047138047138,0.358585858585859,0.191919191919192,0.230976430976431,0.215488215488216,0.202693602693603,0.203367003367003,0.116835016835017,0.441750841750842,0.487205387205387,0.496632996632997,0.52996632996633,0.526936026936027,0.16969696969697,0.341077441077441
"wascoCA_100km_shp","shp","rcp45","IPSL-CM5A-MR",2060,0.715207631874299,0.526936026936027,0.581144781144781,0.686195286195286,0.662626262626263,0.441750841750842,0.423905723905724,0.434006734006734,0.561952861952862,0.742424242424242,1.13872053872054,1.01313131313131,0.951851851851852,0.725925925925926,0.609090909090909,0.446127946127946,0.406397306397306,0.502020202020202,0.642760942760943,0.596969696969697,0.374410774410774,0.366329966329966,0.275757575757576,0.112794612794613,0.385858585858586,1.0016835016835,1.16464646464646,1.47272727272727,1.56161616161616,1.37643097643098,1.33804713804714
"wascoCA_100km_shp","shp","rcp85","IPSL-CM5A-MR",1970,0.429012345679012,0.321548821548822,0.247811447811448,0.169023569023569,0.318181818181818,0.335016835016835,0.358585858585859,0.34949494949495,0.358249158249158,0.162626262626263,0.187878787878788,0.544781144781145,0.570707070707071,0.632996632996633,0.657239057239057,0.622895622895623,0.654545454545455,0.642760942760943,0.594949494949495,0.670707070707071,0.646127946127946,0.547138047138047,0.569023569023569,0.549494949494949,0.551178451178451,0.553872053872054,0.274747474747475,0.258249158249158,0.269360269360269,0.176767676767677,0.178114478114478
"wascoCA_100km_shp","shp","rcp85","IPSL-CM5A-MR",2000,0.371717171717172,0.172053872053872,0.192929292929293,0.11010101010101,0.122558922558923,0.16026936026936,0.216161616161616,0.21010101010101,0.347474747474747,0.330976430976431,0.277777777777778,0.185185185185185,0.250841750841751,0.11952861952862,0.10976430976431,0.218855218855219,0.308754208754209,0.513131313131313,0.601010101010101,0.60976430976431,0.502693602693603,0.48013468013468,0.176767676767677,0.0821548821548821,0.156228956228956,0.175084175084175,0.604040404040404,0.925925925925926,0.97003367003367,1.06700336700337,1.10673400673401
"wascoCA_100km_shp","shp","rcp85","IPSL-CM5A-MR",2030,0.758641975308642,0.771043771043771,0.543771043771044,0.704040404040404,0.922558922558923,1.12188552188552,1.07340067340067,1.06801346801347,0.891919191919192,0.512121212121212,0.273063973063973,0.610774410774411,0.525252525252525,0.614814814814815,0.720875420875421,0.728282828282828,0.862626262626263,0.962289562289562,1.01245791245791,0.944107744107744,1.28552188552189,0.877777777777778,0.962289562289562,0.972053872053872,0.918855218855219,0.557575757575758,0.495622895622896,0.450841750841751,0.356565656565657,0.375084175084175,0.843434343434343
"wascoCA_100km_shp","shp","rcp85","IPSL-CM5A-MR",2060,0.795566778900112,0.726936026936027,0.582828282828283,0.712121212121212,0.84983164983165,0.538047138047138,0.5996632996633,0.634006734006734,0.482491582491582,0.54983164983165,0.393602693602694,0.434680134680135,0.521548821548822,0.460606060606061,0.280808080808081,0.281818181818182,0.214141414141414,0.243097643097643,0.753535353535354,0.707407407407407,0.741077441077441,1.65117845117845,2.05858585858586,1.66599326599327,1.73535353535354,1.96666666666667,1.11077441077441,0.643097643097643,0.698653198653199,1.38821548821549,1.12323232323232
"wascoCA_100km_shp","shp","rcp45","IPSL-CM5B-LR",1970,0.403423120089787,0.33973063973064,0.323232323232323,0.52996632996633,0.652188552188552,0.81986531986532,0.862626262626263,0.957575757575758,0.701010101010101,0.758585858585859,0.687205387205387,0.722222222222222,0.566329966329966,0.674410774410774,0.528282828282828,0.369360269360269,0.276767676767677,0.269360269360269,0.0892255892255892,0.0673400673400673,0.0646464646464646,0.0835016835016835,0.0956228956228956,0.324915824915825,0.322222222222222,0.343097643097643,0.338383838383838,0.31043771043771,0.101010101010101,0.140740740740741,0.138720538720539
"wascoCA_100km_shp","shp","rcp45","IPSL-CM5B-LR",2000,0.312794612794613,0.144107744107744,0.137373737373737,0.162962962962963,0.126262626262626,0.136363636363636,0.197979797979798,0.22020202020202,0.211784511784512,0.446127946127946,0.439393939393939,0.357575757575758,0.513804713804714,0.487542087542088,0.304040404040404,0.315488215488215,0.316161616161616,0.162626262626263,0.195959595959596,0.141750841750842,0.11986531986532,0.243434343434343,0.613131313131313,0.565993265993266,0.551851851851852,0.577777777777778,0.635016835016835,0.25959595959596,0.252525252525253,0.301346801346801,0.260606060606061
"wascoCA_100km_shp","shp","rcp45","IPSL-CM5B-LR",2030,0.474523007856341,0.504040404040404,0.557239057239057,0.647811447811448,0.602356902356902,0.613131313131313,0.364646464646465,0.377104377104377,0.34040404040404,0.354882154882155,0.348484848484848,0.47037037037037,0.397643097643098,0.359259259259259,0.353872053872054,0.493265993265993,0.397306397306397,0.377777777777778,0.385858585858586,0.762626262626263,0.826936026936027,0.631313131313131,0.74983164983165,0.785858585858586,0.472727272727273,0.282491582491583,0.294612794612795,0.23030303030303,0.327946127946128,0.312457912457912,0.338383838383838
"wascoCA_100km_shp","shp","rcp45","IPSL-CM5B-LR",2060,0.471268237934905,0.330976430976431,0.63973063973064,0.497979797979798,0.438383838383838,0.431649831649832,0.434343434343434,0.243097643097643,0.331986531986532,0.62996632996633,0.659259259259259,0.654882154882155,0.703703703703704,0.649158249158249,0.46026936026936,0.406734006734007,0.402020202020202,0.234343434343434,0.309427609427609,0.315151515151515,0.335690235690236,0.370707070707071,0.474074074074074,0.426599326599327,0.328282828282828,0.34040404040404,0.495959595959596,0.422222222222222,0.612457912457912,0.604040404040404,0.578451178451178
"wascoCA_100km_shp","shp","rcp85","IPSL-CM5B-LR",1970,0.403423120089787,0.33973063973064,0.323232323232323,0.52996632996633,0.652188552188552,0.81986531986532,0.862626262626263,0.957575757575758,0.701010101010101,0.758585858585859,0.687205387205387,0.722222222222222,0.566329966329966,0.674410774410774,0.528282828282828,0.369360269360269,0.276767676767677,0.269360269360269,0.0892255892255892,0.0673400673400673,0.0646464646464646,0.0835016835016835,0.0956228956228956,0.324915824915825,0.322222222222222,0.343097643097643,0.338383838383838,0.31043771043771,0.101010101010101,0.140740740740741,0.138720538720539
"wascoCA_100km_shp","shp","rcp85","IPSL-CM5B-LR",2000,0.393434343434343,0.144107744107744,0.137373737373737,0.162962962962963,0.126262626262626,0.136363636363636,0.197979797979798,0.22020202020202,0.211784511784512,0.446127946127946,0.439393939393939,0.357575757575758,0.513804713804714,0.487542087542088,0.304040404040404,0.296296296296296,0.444444444444444,0.293602693602694,0.294276094276094,0.31043771043771,0.324579124579125,0.197643097643098,0.37037037037037,0.438720538720539,0.608080808080808,0.677104377104377,0.686868686868687,0.633333333333333,0.765319865319865,0.621212121212121,0.530976430976431
"wascoCA_100km_shp","shp","rcp85","IPSL-CM5B-LR",2030,0.563187429854097,0.542760942760943,0.708417508417508,0.601010101010101,0.495959595959596,0.669360269360269,0.809427609427609,0.940740740740741,0.847811447811448,1.04444444444444,0.883164983164983,0.933333333333333,0.481818181818182,0.588215488215488,0.433670033670034,0.506060606060606,0.331986531986532,0.599326599326599,0.687205387205387,0.649494949494949,0.723569023569024,0.666666666666667,0.614478114478115,0.525925925925926,0.522222222222222,0.360606060606061,0.364646464646465,0.243097643097643,0.128956228956229,0.165656565656566,0.516161616161616
"wascoCA_100km_shp","shp","rcp85","IPSL-CM5B-LR",2060,0.508136924803592,0.58989898989899,0.523569023569024,0.534006734006734,0.543434343434343,0.269360269360269,0.26969696969697,0.348484848484848,0.358249158249158,0.527272727272727,0.469360269360269,0.542087542087542,0.448484848484848,0.722558922558923,0.73030303030303,0.982154882154882,0.864646464646465,0.915488215488215,0.616835016835017,0.427946127946128,0.183501683501683,0.277441077441077,0.261952861952862,0.387542087542088,0.383164983164983,0.494612794612795,0.581481481481481,0.544444444444444,0.42962962962963,0.718181818181818,0.614814814814815
"wascoCA_100km_shp","shp","rcp45","MIROC-ESM-CHEM",1970,0.395398428731762,0.153198653198653,0.412457912457912,0.395959595959596,0.501346801346801,0.815151515151515,0.728956228956229,0.524915824915825,0.583164983164983,0.491582491582492,0.215824915824916,0.22962962962963,0.287878787878788,0.291245791245791,0.284848484848485,0.276430976430976,0.486868686868687,0.430639730639731,0.425925925925926,0.434006734006734,0.435353535353535,0.206734006734007,0.145791245791246,0.338720538720539,0.322895622895623,0.320538720538721,0.350505050505051,0.504377104377104,0.337373737373737,0.35050505050505,0.412457912457912
"wascoCA_100km_shp","shp","rcp45","MIROC-ESM-CHEM",2000,0.315319865319865,0.434343434343434,0.351515151515152,0.269360269360269,0.249158249158249,0.171380471380471,0.222895622895623,0.153198653198653,0.145791245791246,0.192929292929293,0.188215488215488,0.321885521885522,0.345791245791246,0.436700336700337,0.412121212121212,0.472390572390572,0.280808080808081,0.273063973063973,0.414814814814815,0.497979797979798,0.428956228956229,0.417845117845118,0.420538720538721,0.256228956228956,0.397306397306397,0.426936026936027,0.39023569023569,0.435690235690236,0.369023569023569,0.195622895622896,0.174747474747475
"wascoCA_100km_shp","shp","rcp45","MIROC-ESM-CHEM",2030,0.388439955106622,0.260942760942761,0.200673400673401,0.188552188552189,0.118181818181818,0.222895622895623,0.152861952861953,0.161616161616162,0.167676767676768,0.217845117845118,0.204377104377104,0.22020202020202,0.371717171717172,0.51010101010101,0.536363636363636,0.468013468013468,0.682828282828283,0.512457912457913,0.433670033670034,0.444781144781145,0.479461279461279,0.405387205387205,0.42962962962963,0.478114478114478,0.504713804713805,0.453535353535354,0.307407407407407,0.656565656565657,0.552525252525253,0.472390572390572,0.55993265993266
"wascoCA_100km_shp","shp","rcp45","MIROC-ESM-CHEM",2060,0.463524130190797,0.791245791245791,0.452861952861953,0.442087542087542,0.429292929292929,0.34040404040404,0.0838383838383838,0.0801346801346801,0.0915824915824916,0.125589225589226,0.139393939393939,0.522558922558923,0.555892255892256,0.738383838383838,0.689225589225589,0.751851851851852,0.584511784511785,0.558922558922559,0.479461279461279,0.633670033670034,0.552525252525253,0.352188552188552,0.328282828282828,0.227272727272727,0.305723905723906,0.345454545454545,0.642087542087542,0.795286195286195,0.802356902356902,0.706734006734007,0.683501683501683
"wascoCA_100km_shp","shp","rcp85","MIROC-ESM-CHEM",1970,0.395398428731762,0.153198653198653,0.412457912457912,0.395959595959596,0.501346801346801,0.815151515151515,0.728956228956229,0.524915824915825,0.583164983164983,0.491582491582492,0.215824915824916,0.22962962962963,0.287878787878788,0.291245791245791,0.284848484848485,0.276430976430976,0.486868686868687,0.430639730639731,0.425925925925926,0.434006734006734,0.435353535353535,0.206734006734007,0.145791245791246,0.338720538720539,0.322895622895623,0.320538720538721,0.350505050505051,0.504377104377104,0.337373737373737,0.35050505050505,0.412457912457912
"wascoCA_100km_shp","shp","rcp85","MIROC-ESM-CHEM",2000,0.377328843995511,0.434343434343434,0.351515151515152,0.269360269360269,0.249158249158249,0.171380471380471,0.222895622895623,0.153198653198653,0.145791245791246,0.192929292929293,0.188215488215488,0.321885521885522,0.345791245791246,0.436700336700337,0.412121212121212,0.444781144781145,0.235016835016835,0.26026936026936,0.214814814814815,0.382491582491582,0.408417508417508,0.531986531986532,0.487878787878788,0.442424242424242,0.256902356902357,0.269023569023569,0.372727272727273,0.421548821548822,0.754882154882155,0.873063973063973,0.995286195286195
"wascoCA_100km_shp","shp","rcp85","MIROC-ESM-CHEM",2030,0.548035914702581,0.815151515151515,0.757239057239057,0.481818181818182,0.404713804713805,0.31010101010101,0.246127946127946,0.27003367003367,0.20976430976431,0.656565656565657,0.678114478114478,0.731986531986532,0.903367003367003,0.926262626262626,0.525252525252525,0.398653198653199,0.355892255892256,0.181818181818182,0.150505050505051,0.287205387205387,0.344781144781145,0.905387205387205,0.879124579124579,1.26363636363636,1.04545454545455,0.9996632996633,0.428956228956229,0.612457912457912,0.256228956228956,0.270707070707071,0.343434343434343
"wascoCA_100km_shp","shp","rcp85","MIROC-ESM-CHEM",2060,0.377328843995511,0.424579124579125,0.264646464646465,0.257575757575758,0.602693602693603,0.591582491582492,0.516835016835017,0.527609427609428,0.522558922558923,0.156902356902357,0.0912457912457912,0.293265993265993,0.279124579124579,0.288552188552189,0.331649831649832,0.321548821548822,0.101683501683502,0.0835016835016835,0.0646464646464646,0.17003367003367,0.176094276094276,0.385521885521885,0.483501683501683,0.791919191919192,0.738047138047138,0.817508417508418,0.741077441077441,0.640740740740741,0.338720538720539,0.245454545454545,0.210774410774411
"wascoCA_100km_shp","shp","rcp45","MIROC-ESM",1970,0.369921436588103,0.136700336700337,0.145117845117845,0.113131313131313,0.115488215488215,0.202356902356902,0.216498316498316,0.21952861952862,0.211447811447811,0.795286195286195,0.803703703703704,0.808417508417508,0.882828282828283,1.02087542087542,0.437037037037037,0.409090909090909,0.553535353535354,0.552861952861953,0.462626262626263,0.443771043771044,0.361616161616162,0.197643097643098,0.223232323232323,0.204377104377104,0.213468013468013,0.258922558922559,0.262289562289562,0.14983164983165,0.207070707070707,0.204377104377104,0.225925925925926
"wascoCA_100km_shp","shp","rcp45","MIROC-ESM",2000,0.495847362514029,0.261952861952862,0.272390572390572,0.324242424242424,0.359259259259259,0.481144781144781,0.581144781144781,0.587878787878788,0.51952861952862,0.523569023569024,0.521548821548822,0.367003367003367,0.433670033670034,0.376767676767677,0.352188552188552,0.188215488215488,0.324915824915825,0.386531986531987,0.631986531986532,0.684175084175084,0.750505050505051,0.621548821548822,0.681818181818182,0.517845117845118,0.482154882154882,0.511447811447811,0.796632996632997,0.684175084175084,0.604713804713805,0.724579124579125,0.785858585858586
"wascoCA_100km_shp","shp","rcp45","MIROC-ESM",2030,0.537822671156004,0.600673400673401,0.518518518518518,0.8,0.827272727272727,0.665319865319865,0.613804713804714,0.816835016835017,0.582491582491583,0.487542087542088,0.526936026936027,0.481144781144781,0.585521885521886,0.521885521885522,0.455555555555556,0.434343434343434,0.622222222222222,0.463973063973064,0.543771043771044,0.605050505050505,0.575084175084175,0.384511784511785,0.391245791245791,0.300673400673401,0.317171717171717,0.343097643097643,0.503703703703704,0.46969696969697,0.478114478114478,0.412121212121212,0.395286195286195
"wascoCA_100km_shp","shp","rcp45","MIROC-ESM",2060,0.390740740740741,0.27979797979798,0.430639730639731,0.443097643097643,0.433670033670034,0.414141414141414,0.358585858585859,0.0572390572390572,0.242760942760943,0.218518518518519,0.228282828282828,0.232659932659933,0.231986531986532,0.0292929292929293,0.395622895622896,0.38047138047138,0.590572390572391,0.637710437710438,0.658249158249158,0.297643097643098,0.360942760942761,0.151851851851852,0.434343434343434,0.58956228956229,0.6003367003367,0.581144781144781,0.635690235690236,0.530976430976431,0.381481481481481,0.377441077441077,0.346801346801347
"wascoCA_100km_shp","shp","rcp85","MIROC-ESM",1970,0.369921436588103,0.136700336700337,0.145117845117845,0.113131313131313,0.115488215488215,0.202356902356902,0.216498316498316,0.21952861952862,0.211447811447811,0.795286195286195,0.803703703703704,0.808417508417508,0.882828282828283,1.02087542087542,0.437037037037037,0.409090909090909,0.553535353535354,0.552861952861953,0.462626262626263,0.443771043771044,0.361616161616162,0.197643097643098,0.223232323232323,0.204377104377104,0.213468013468013,0.258922558922559,0.262289562289562,0.14983164983165,0.207070707070707,0.204377104377104,0.225925925925926
"wascoCA_100km_shp","shp","rcp85","MIROC-ESM",2000,0.435690235690236,0.261952861952862,0.272390572390572,0.324242424242424,0.359259259259259,0.481144781144781,0.581144781144781,0.587878787878788,0.51952861952862,0.523569023569024,0.521548821548822,0.367003367003367,0.433670033670034,0.376767676767677,0.352188552188552,0.161952861952862,0.501346801346801,0.577777777777778,0.603030303030303,0.58956228956229,0.597643097643098,0.256565656565657,0.395959595959596,0.576094276094276,0.585521885521885,0.641750841750842,0.659259259259259,0.375420875420875,0.214478114478114,0.207070707070707,0.13973063973064
"wascoCA_100km_shp","shp","rcp85","MIROC-ESM",2030,0.42716049382716,0.22996632996633,0.195622895622896,0.312121212121212,0.333670033670034,0.333333333333333,0.302356902356902,0.347138047138047,0.46026936026936,0.573737373737374,0.58989898989899,0.536363636363636,0.527946127946128,0.367676767676768,0.247138047138047,0.634680134680135,0.753535353535354,0.760606060606061,0.691245791245791,0.763973063973064,0.463973063973064,0.353535353535354,0.31986531986532,0.312121212121212,0.273737373737374,0.193265993265993,0.163973063973064,0.174747474747475,0.41952861952862,0.405050505050505,0.382154882154882
"wascoCA_100km_shp","shp","rcp85","MIROC-ESM",2060,0.353591470258137,0.449158249158249,0.436026936026936,0.148148148148148,0.10976430976431,0.517508417508417,0.460942760942761,0.495959595959596,0.526599326599327,0.668350168350168,0.262289562289562,0.27979797979798,0.249494949494949,0.2,0.0936026936026936,0.0922558922558923,0.0683501683501684,0.0801346801346801,0.554208754208754,0.519191919191919,0.544444444444444,0.704040404040404,0.712121212121212,0.243097643097643,0.246801346801347,0.250505050505051,0.231649831649832,0.24040404040404,0.44949494949495,0.778114478114478,0.745454545454545
"wascoCA_100km_shp","shp","rcp45","MIROC5",1970,0.347811447811448,0.263299663299663,0.166329966329966,0.134343434343434,0.16969696969697,0.151178451178451,0.282828282828283,0.286195286195286,0.275420875420875,0.174410774410774,0.177441077441077,0.061952861952862,0.107407407407407,0.11952861952862,0.336026936026936,0.37037037037037,0.354882154882155,0.307070707070707,0.312457912457912,0.152861952861953,0.282828282828283,0.294949494949495,0.516835016835017,0.530976430976431,0.836026936026936,0.76969696969697,0.911447811447811,0.688552188552188,0.714141414141414,0.352525252525253,0.248148148148148
"wascoCA_100km_shp","shp","rcp45","MIROC5",2000,0.494500561167228,0.265319865319865,0.562289562289562,0.512794612794613,0.598316498316498,0.597306397306397,0.438047138047138,0.156902356902357,0.247474747474747,0.158922558922559,0.141077441077441,0.208080808080808,0.481818181818182,0.532323232323232,0.614478114478115,0.607407407407407,0.592592592592593,0.35016835016835,0.582491582491583,0.562962962962963,0.731313131313131,0.6996632996633,0.862289562289562,0.483838383838384,0.915151515151515,0.805387205387205,0.776094276094276,0.586868686868687,0.608080808080808,0.366329966329966,0.35016835016835
"wascoCA_100km_shp","shp","rcp45","MIROC5",2030,0.455555555555556,0.492255892255892,0.469360269360269,0.457239057239057,0.34949494949495,0.309090909090909,0.219191919191919,0.357912457912458,0.377777777777778,0.231313131313131,0.495286195286195,0.599326599326599,0.509427609427609,0.557239057239057,0.873063973063973,0.719191919191919,0.585521885521886,0.71986531986532,0.657912457912458,0.342087542087542,0.236026936026936,0.355555555555556,0.250505050505051,0.253872053872054,0.254208754208754,0.248148148148148,0.368686868686869,0.44949494949495,0.429292929292929,0.471380471380471,0.471380471380471
"wascoCA_100km_shp","shp","rcp45","MIROC5",2060,0.387317620650954,0.303367003367003,0.335690235690236,0.652525252525253,0.678451178451178,0.688888888888889,0.589225589225589,0.408417508417508,0.264309764309764,0.358585858585859,0.384175084175084,0.404040404040404,0.444107744107744,0.326936026936027,0.171717171717172,0.297979797979798,0.278114478114478,0.246464646464646,0.194612794612795,0.224242424242424,0.196632996632997,0.372390572390572,0.413131313131313,0.473400673400673,0.44006734006734,0.479461279461279,0.504377104377104,0.475757575757576,0.412121212121212,0.560942760942761,0.392255892255892
"wascoCA_100km_shp","shp","rcp85","MIROC5",1970,0.347811447811448,0.263299663299663,0.166329966329966,0.134343434343434,0.16969696969697,0.151178451178451,0.282828282828283,0.286195286195286,0.275420875420875,0.174410774410774,0.177441077441077,0.061952861952862,0.107407407407407,0.11952861952862,0.336026936026936,0.37037037037037,0.354882154882155,0.307070707070707,0.312457912457912,0.152861952861953,0.282828282828283,0.294949494949495,0.516835016835017,0.530976430976431,0.836026936026936,0.76969696969697,0.911447811447811,0.688552188552188,0.714141414141414,0.352525252525253,0.248148148148148
"wascoCA_100km_shp","shp","rcp85","MIROC5",2000,0.436363636363636,0.265319865319865,0.562289562289562,0.512794612794613,0.598316498316498,0.597306397306397,0.438047138047138,0.156902356902357,0.247474747474747,0.158922558922559,0.141077441077441,0.208080808080808,0.481818181818182,0.532323232323232,0.614478114478115,0.685521885521886,0.630639730639731,0.34006734006734,0.519191919191919,0.508754208754209,0.6003367003367,0.775757575757576,0.939057239057239,0.637037037037037,0.569023569023569,0.469360269360269,0.298316498316498,0.171380471380471,0.169360269360269,0.172390572390572,0.227272727272727
"wascoCA_100km_shp","shp","rcp85","MIROC5",2030,0.408922558922559,0.208417508417508,0.415488215488215,0.483838383838384,0.52996632996633,0.517845117845118,0.536363636363636,0.302020202020202,0.316161616161616,0.331313131313131,0.423569023569024,0.743097643097643,0.788552188552189,0.769360269360269,0.769360269360269,0.765993265993266,0.417508417508417,0.387878787878788,0.398653198653199,0.540740740740741,0.451515151515151,0.468013468013468,0.444444444444444,0.346127946127946,0.139057239057239,0.0478114478114478,0.0841750841750842,0.135353535353535,0.139393939393939,0.165993265993266,0.296969696969697
"wascoCA_100km_shp","shp","rcp85","MIROC5",2060,0.323625140291807,0.253872053872054,0.228956228956229,0.250505050505051,0.230639730639731,0.0841750841750842,0.0764309764309764,0.149158249158249,0.2003367003367,0.424242424242424,0.419191919191919,0.416161616161616,0.313131313131313,0.337373737373737,0.128282828282828,0.409090909090909,0.419191919191919,0.42996632996633,0.329292929292929,0.346127946127946,0.352188552188552,0.354545454545455,0.355892255892256,0.361279461279461,0.334680134680135,0.414814814814815,0.454208754208754,0.442087542087542,0.462962962962963,0.526599326599327,0.41043771043771
"wascoCA_100km_shp","shp","rcp45","MRI-CGCM3",1970,0.320819304152637,0.263973063973064,0.228282828282828,0.137710437710438,0.176094276094276,0.354882154882155,0.55959595959596,0.497979797979798,0.599326599326599,0.586868686868687,0.429292929292929,0.247811447811448,0.282828282828283,0.255218855218855,0.237373737373737,0.34983164983165,0.316161616161616,0.505723905723906,0.428619528619529,0.426262626262626,0.499326599326599,0.527946127946128,0.313804713804714,0.317508417508418,0.360942760942761,0.156565656565657,0.109427609427609,0.106734006734007,0.186531986531987,0.237373737373737,0.591245791245791
"wascoCA_100km_shp","shp","rcp45","MRI-CGCM3",2000,0.389506172839506,0.605723905723906,0.687205387205387,0.616498316498316,0.513131313131313,0.172390572390572,0.166329966329966,0.122895622895623,0.129292929292929,0.154545454545455,0.334680134680135,0.360606060606061,0.361279461279461,0.356565656565657,0.41010101010101,0.256228956228956,0.250841750841751,0.385185185185185,0.374747474747475,0.356902356902357,0.606734006734007,0.587205387205387,0.471043771043771,0.460942760942761,0.421548821548822,0.35016835016835,0.4,0.404040404040404,0.398989898989899,0.445117845117845,0.290572390572391
"wascoCA_100km_shp","shp","rcp45","MRI-CGCM3",2030,0.415993265993266,0.237710437710438,0.219191919191919,0.306734006734007,0.540740740740741,0.493602693602694,0.76026936026936,0.78013468013468,0.762289562289562,0.469023569023569,0.720875420875421,0.695622895622896,0.734680134680135,0.707070707070707,0.778787878787879,0.501010101010101,0.334006734006734,0.35959595959596,0.353535353535354,0.357239057239057,0.44040404040404,0.365656565656566,0.232323232323232,0.2003367003367,0.142424242424242,0.121885521885522,0.163636363636364,0.176430976430976,0.165993265993266,0.175757575757576,0.468013468013468
"wascoCA_100km_shp","shp","rcp45","MRI-CGCM3",2060,0.542480359147026,0.57003367003367,0.675420875420875,0.728956228956229,0.908417508417508,0.621212121212121,0.483838383838384,0.405723905723906,0.376767676767677,0.346127946127946,0.311447811447811,0.321885521885522,0.464646464646465,0.520875420875421,0.408754208754209,0.379124579124579,0.378114478114478,0.218518518518519,0.295959595959596,0.3,0.495286195286195,0.472053872053872,0.586868686868687,0.611111111111111,0.610774410774411,0.447811447811448,0.750841750841751,0.642087542087542,0.721212121212121,0.704713804713805,0.854208754208754
"wascoCA_100km_shp","shp","rcp85","MRI-CGCM3",1970,0.320819304152637,0.263973063973064,0.228282828282828,0.137710437710438,0.176094276094276,0.354882154882155,0.55959595959596,0.497979797979798,0.599326599326599,0.586868686868687,0.429292929292929,0.247811447811448,0.282828282828283,0.255218855218855,0.237373737373737,0.34983164983165,0.316161616161616,0.505723905723906,0.428619528619529,0.426262626262626,0.499326599326599,0.527946127946128,0.313804713804714,0.317508417508418,0.360942760942761,0.156565656565657,0.109427609427609,0.106734006734007,0.186531986531987,0.237373737373737,0.591245791245791
"wascoCA_100km_shp","shp","rcp85","MRI-CGCM3",2000,0.331144781144781,0.605723905723906,0.687205387205387,0.616498316498316,0.513131313131313,0.172390572390572,0.166329966329966,0.122895622895623,0.129292929292929,0.154545454545455,0.334680134680135,0.360606060606061,0.361279461279461,0.356565656565657,0.41010101010101,0.213131313131313,0.231313131313131,0.331649831649832,0.297643097643098,0.228619528619529,0.403367003367003,0.363299663299663,0.255555555555556,0.339057239057239,0.338383838383838,0.214814814814815,0.220538720538721,0.319528619528619,0.247811447811448,0.395622895622896,0.42962962962963
"wascoCA_100km_shp","shp","rcp85","MRI-CGCM3",2030,0.601964085297419,0.41010101010101,0.293602693602694,0.327609427609428,0.203703703703704,0.115151515151515,0.296632996632997,0.342424242424242,0.324242424242424,0.304713804713805,0.412121212121212,0.606397306397306,0.751515151515152,0.928956228956229,1.17070707070707,1.0962962962963,0.738720538720539,0.558922558922559,0.447138047138047,0.308754208754209,0.304377104377104,0.436363636363636,0.536026936026936,0.73030303030303,0.653198653198653,0.975757575757576,1.02929292929293,1.12693602693603,0.853535353535353,1.03804713804714,0.701010101010101
"wascoCA_100km_shp","shp","rcp85","MRI-CGCM3",2060,0.617901234567901,0.647138047138047,0.552861952861953,0.584848484848485,0.591582491582492,0.688552188552189,0.92996632996633,0.991582491582492,1.04242424242424,0.91952861952862,0.824915824915825,0.509427609427609,0.438383838383838,0.424242424242424,0.326936026936027,0.332996632996633,0.346801346801347,0.260606060606061,0.215151515151515,0.45016835016835,0.525925925925926,0.507744107744108,0.578787878787879,0.876094276094276,0.639057239057239,0.618518518518519,0.905387205387205,0.853872053872054,0.564646464646465,0.732323232323232,0.811784511784512
"wascoCA_100km_shp","shp","rcp45","NorESM1-M",1970,0.44040404040404,0.285185185185185,0.298316498316498,0.332323232323232,0.320875420875421,0.361952861952862,0.193939393939394,0.268350168350168,0.208417508417508,0.242424242424242,0.716161616161616,0.79023569023569,0.687878787878788,0.831986531986532,0.844781144781145,0.371717171717172,0.28989898989899,0.447811447811448,0.48989898989899,0.460606060606061,0.471380471380471,0.488215488215488,0.567003367003367,0.421548821548822,0.48013468013468,0.402020202020202,0.486531986531987,0.324915824915825,0.358249158249158,0.3,0.30976430976431
"wascoCA_100km_shp","shp","rcp45","NorESM1-M",2000,0.349214365881033,0.248821548821549,0.351515151515152,0.258249158249158,0.243771043771044,0.254882154882155,0.238047138047138,0.101346801346801,0.123569023569024,0.124242424242424,0.143771043771044,0.176094276094276,0.143434343434343,0.292592592592593,0.542087542087542,0.707407407407407,0.84983164983165,0.85016835016835,0.855218855218855,0.78013468013468,0.592255892255892,0.562289562289562,0.553198653198653,0.452188552188552,0.308417508417508,0.294276094276094,0.133333333333333,0.151851851851852,0.113468013468013,0.17003367003367,0.236363636363636
"wascoCA_100km_shp","shp","rcp45","NorESM1-M",2030,0.490460157126824,0.325589225589226,0.590572390572391,0.547811447811448,0.738720538720539,0.668013468013468,0.568350168350168,0.304713804713805,0.32020202020202,0.0663299663299663,0.0919191919191919,0.172390572390572,0.151851851851852,0.164309764309764,0.385521885521885,0.442087542087542,0.369360269360269,0.515488215488215,0.612457912457912,0.572390572390572,0.505723905723906,0.633333333333333,0.548821548821549,0.84983164983165,0.911447811447812,0.897306397306397,0.8,0.873737373737374,0.448148148148148,0.178451178451178,0.198653198653199
"wascoCA_100km_shp","shp","rcp45","NorESM1-M",2060,0.398653198653199,0.482828282828283,0.372390572390572,0.41043771043771,0.427609427609428,0.446464646464646,0.14006734006734,0.124579124579125,0.201010101010101,0.314814814814815,0.546464646464646,0.569023569023569,0.582828282828283,0.504377104377104,0.521548821548822,0.26026936026936,0.272727272727273,0.249494949494949,0.225925925925926,0.0872053872053872,0.13030303030303,0.126262626262626,0.2,0.236700336700337,0.243771043771044,0.18956228956229,0.270707070707071,0.568013468013468,0.813468013468013,0.81043771043771,0.826262626262626
"wascoCA_100km_shp","shp","rcp85","NorESM1-M",1970,0.44040404040404,0.285185185185185,0.298316498316498,0.332323232323232,0.320875420875421,0.361952861952862,0.193939393939394,0.268350168350168,0.208417508417508,0.242424242424242,0.716161616161616,0.79023569023569,0.687878787878788,0.831986531986532,0.844781144781145,0.371717171717172,0.28989898989899,0.447811447811448,0.48989898989899,0.460606060606061,0.471380471380471,0.488215488215488,0.567003367003367,0.421548821548822,0.48013468013468,0.402020202020202,0.486531986531987,0.324915824915825,0.358249158249158,0.3,0.30976430976431
"wascoCA_100km_shp","shp","rcp85","NorESM1-M",2000,0.337261503928171,0.248821548821549,0.351515151515152,0.258249158249158,0.243771043771044,0.254882154882155,0.238047138047138,0.101346801346801,0.123569023569024,0.124242424242424,0.143771043771044,0.176094276094276,0.143434343434343,0.292592592592593,0.542087542087542,0.567003367003367,0.514478114478115,0.515151515151515,0.35959595959596,0.191919191919192,0.147474747474747,0.157239057239057,0.339393939393939,0.615824915824916,0.535353535353535,0.736026936026936,0.818855218855219,0.671717171717172,0.373737373737374,0.577104377104377,0.764646464646465
"wascoCA_100km_shp","shp","rcp85","NorESM1-M",2030,0.38956228956229,0.686531986531986,0.857575757575758,0.878451178451178,0.682154882154882,0.295959595959596,0.306060606060606,0.105050505050505,0.162289562289562,0.153535353535354,0.151178451178451,0.271717171717172,0.259259259259259,0.234006734006734,0.41010101010101,0.538383838383838,0.443771043771044,0.443097643097643,0.590909090909091,0.497643097643098,0.362962962962963,0.311784511784512,0.394276094276094,0.414478114478115,0.327609427609428,0.314141414141414,0.32020202020202,0.264646464646465,0.0572390572390572,0.134006734006734,0.451851851851852
"wascoCA_100km_shp","shp","rcp85","NorESM1-M",2060,0.360774410774411,0.476430976430976,0.477777777777778,0.490909090909091,0.526599326599327,0.216835016835017,0.19023569023569,0.178787878787879,0.302693602693603,0.216835016835017,0.614141414141414,0.617845117845118,0.605050505050505,0.463636363636364,0.484511784511784,0.181144781144781,0.321212121212121,0.427946127946128,0.515151515151515,0.674074074074074,0.600673400673401,0.446801346801347,0.363973063973064,0.274074074074074,0.1,0.0888888888888889,0.0962962962962963,0.113468013468013,0.118181818181818,0.0878787878787879,0.203030303030303
"wascoCA_100km_shp","shp","rcp45","bcc-csm1-1-m",1970,0.355836139169472,0.151515151515152,0.150505050505051,0.187878787878788,0.125589225589226,0.102693602693603,0.0824915824915825,0.0838383838383838,0.0602693602693603,0.0737373737373737,0.0632996632996633,0.207744107744108,0.232323232323232,0.220538720538721,0.219191919191919,0.287878787878788,0.152188552188552,0.209427609427609,0.347811447811448,0.424579124579125,0.538047138047138,0.559259259259259,0.493939393939394,0.657575757575758,0.812457912457912,0.724242424242424,0.941414141414141,0.941077441077441,0.660942760942761,0.461616161616162,0.397979797979798
"wascoCA_100km_shp","shp","rcp45","bcc-csm1-1-m",2000,0.319023569023569,0.148821548821549,0.140740740740741,0.249494949494949,0.198653198653199,0.165656565656566,0.234343434343434,0.228619528619529,0.205050505050505,0.26969696969697,0.278114478114478,0.357239057239057,0.411447811447811,0.381144781144781,0.513804713804714,0.505387205387205,0.35050505050505,0.447138047138047,0.367676767676768,0.2,0.331313131313131,0.348148148148148,0.551515151515152,0.598989898989899,0.585858585858586,0.486195286195286,0.490572390572391,0.132323232323232,0.111784511784512,0.213131313131313,0.194612794612795
"wascoCA_100km_shp","shp","rcp45","bcc-csm1-1-m",2030,0.401571268237935,0.25016835016835,0.279124579124579,0.439393939393939,0.323569023569024,0.432996632996633,0.534006734006734,0.668013468013468,0.639057239057239,0.997643097643098,0.912457912457912,0.793602693602694,0.786195286195286,0.692929292929293,0.344107744107744,0.318855218855219,0.275084175084175,0.22962962962963,0.185185185185185,0.187878787878788,0.274074074074074,0.281144781144781,0.214141414141414,0.327272727272727,0.344781144781145,0.259259259259259,0.243434343434343,0.248148148148148,0.125589225589226,0.141414141414141,0.206734006734007
"wascoCA_100km_shp","shp","rcp45","bcc-csm1-1-m",2060,0.529236812570146,0.537373737373737,0.532659932659933,0.620538720538721,0.633333333333333,0.560942760942761,0.394949494949495,0.346127946127946,0.503030303030303,0.487542087542088,0.484848484848485,0.546127946127946,0.623905723905724,0.444444444444444,0.629292929292929,0.727609427609428,0.491582491582492,0.622895622895623,0.612121212121212,0.429292929292929,0.369023569023569,0.409427609427609,0.413804713804714,0.469023569023569,0.438383838383838,0.48989898989899,0.598316498316498,0.460942760942761,0.526262626262626,0.660606060606061,0.585521885521886
"wascoCA_100km_shp","shp","rcp85","bcc-csm1-1-m",1970,0.355836139169472,0.151515151515152,0.150505050505051,0.187878787878788,0.125589225589226,0.102693602693603,0.0824915824915825,0.0838383838383838,0.0602693602693603,0.0737373737373737,0.0632996632996633,0.207744107744108,0.232323232323232,0.220538720538721,0.219191919191919,0.287878787878788,0.152188552188552,0.209427609427609,0.347811447811448,0.424579124579125,0.538047138047138,0.559259259259259,0.493939393939394,0.657575757575758,0.812457912457912,0.724242424242424,0.941414141414141,0.941077441077441,0.660942760942761,0.461616161616162,0.397979797979798
"wascoCA_100km_shp","shp","rcp85","bcc-csm1-1-m",2000,0.354601571268238,0.148821548821549,0.140740740740741,0.249494949494949,0.198653198653199,0.165656565656566,0.234343434343434,0.228619528619529,0.205050505050505,0.26969696969697,0.278114478114478,0.357239057239057,0.411447811447811,0.381144781144781,0.513804713804714,0.518855218855219,0.368350168350168,0.308080808080808,0.447811447811448,0.269023569023569,0.275084175084175,0.277777777777778,0.286868686868687,0.512121212121212,0.51952861952862,0.596632996632997,0.658249158249158,0.677441077441078,0.331986531986532,0.336026936026936,0.315824915824916
"wascoCA_100km_shp","shp","rcp85","bcc-csm1-1-m",2030,0.546071829405163,0.282154882154882,0.306397306397306,0.228619528619529,0.376094276094276,0.318181818181818,0.506397306397306,0.675084175084175,0.876094276094276,0.88989898989899,1.1013468013468,0.934006734006734,0.941750841750842,0.756902356902357,0.606734006734007,0.470707070707071,0.432996632996633,0.38956228956229,0.379124579124579,0.56969696969697,0.495286195286195,0.48956228956229,0.316161616161616,0.388552188552189,0.188888888888889,0.22020202020202,0.21010101010101,0.364309764309764,0.647138047138047,0.695286195286195,0.791919191919192
"wascoCA_100km_shp","shp","rcp85","bcc-csm1-1-m",2060,0.611840628507295,0.97037037037037,0.808417508417508,0.451851851851852,0.555555555555556,0.430976430976431,0.296632996632997,0.364646464646465,0.473063973063973,0.417508417508417,0.582154882154882,0.93973063973064,0.925252525252525,0.932659932659933,0.956902356902357,0.845454545454545,0.603367003367003,0.896296296296296,0.872727272727273,0.756565656565657,0.755218855218855,0.58989898989899,0.25993265993266,0.427272727272727,0.503367003367003,0.506734006734007,0.718518518518519,0.714478114478114,0.513468013468014,0.561279461279461,0.524915824915825
"wascoCA_100km_shp","shp","rcp45","bcc-csm1-1",1970,0.341301907968575,0.372727272727273,0.304040404040404,0.341414141414141,0.307070707070707,0.404713804713805,0.561952861952862,0.565656565656566,0.45993265993266,0.391245791245791,0.318518518518519,0.33973063973064,0.353198653198653,0.437710437710438,0.571380471380471,0.597979797979798,0.415488215488216,0.406734006734007,0.431313131313131,0.462626262626263,0.41952861952862,0.421212121212121,0.420875420875421,0.231649831649832,0.116835016835017,0.101346801346801,0.107744107744108,0.122895622895623,0.145791245791246,0.112457912457912,0.133670033670034
"wascoCA_100km_shp","shp","rcp45","bcc-csm1-1",2000,0.406565656565657,0.105050505050505,0.254882154882155,0.244781144781145,0.344107744107744,0.636700336700337,0.677104377104377,0.663299663299663,0.769023569023569,0.685521885521886,0.440740740740741,0.41043771043771,0.290909090909091,0.234343434343434,0.21043771043771,0.184175084175084,0.332323232323232,0.362289562289562,0.324579124579125,0.313804713804714,0.352525252525253,0.275084175084175,0.26026936026936,0.237373737373737,0.250505050505051,0.565993265993266,0.672727272727273,0.625589225589226,0.629292929292929,0.64040404040404,0.257575757575758
"wascoCA_100km_shp","shp","rcp45","bcc-csm1-1",2030,0.5665544332211,0.185521885521886,0.363973063973064,0.41986531986532,0.466666666666667,0.676430976430976,0.607744107744108,0.436363636363636,0.39023569023569,0.365993265993266,0.167340067340067,0.154208754208754,0.501346801346801,0.529292929292929,0.488215488215488,1.15218855218855,1.13198653198653,0.787542087542088,0.875084175084175,1.04107744107744,0.414814814814815,0.618518518518518,0.728956228956229,0.777777777777778,0.691582491582492,0.664646464646465,0.44949494949495,0.354545454545455,0.407070707070707,0.337037037037037,0.393265993265993
"wascoCA_100km_shp","shp","rcp45","bcc-csm1-1",2060,0.555723905723906,0.424915824915825,0.53030303030303,0.565319865319865,0.685858585858586,0.874747474747475,1.41717171717172,1.31447811447811,1.13333333333333,1.02929292929293,0.792929292929293,0.272727272727273,0.242424242424242,0.398653198653199,0.491245791245791,0.450841750841751,0.398989898989899,0.42020202020202,0.311447811447811,0.20976430976431,0.245117845117845,0.532323232323232,0.575757575757576,0.453198653198653,0.512121212121212,0.512457912457913,0.271380471380471,0.455555555555556,0.472390572390572,0.473737373737374,0.52020202020202
"wascoCA_100km_shp","shp","rcp85","bcc-csm1-1",1970,0.341301907968575,0.372727272727273,0.304040404040404,0.341414141414141,0.307070707070707,0.404713804713805,0.561952861952862,0.565656565656566,0.45993265993266,0.391245791245791,0.318518518518519,0.33973063973064,0.353198653198653,0.437710437710438,0.571380471380471,0.597979797979798,0.415488215488216,0.406734006734007,0.431313131313131,0.462626262626263,0.41952861952862,0.421212121212121,0.420875420875421,0.231649831649832,0.116835016835017,0.101346801346801,0.107744107744108,0.122895622895623,0.145791245791246,0.112457912457912,0.133670033670034
"wascoCA_100km_shp","shp","rcp85","bcc-csm1-1",2000,0.338552188552189,0.105050505050505,0.254882154882155,0.244781144781145,0.344107744107744,0.636700336700337,0.677104377104377,0.663299663299663,0.769023569023569,0.685521885521886,0.440740740740741,0.41043771043771,0.290909090909091,0.234343434343434,0.21043771043771,0.137710437710438,0.158249158249158,0.179461279461279,0.134343434343434,0.206060606060606,0.304377104377104,0.35050505050505,0.34006734006734,0.358585858585859,0.294949494949495,0.195286195286195,0.133670033670034,0.280808080808081,0.29023569023569,0.501010101010101,0.727272727272727
"wascoCA_100km_shp","shp","rcp85","bcc-csm1-1",2030,0.625645342312009,0.782154882154882,0.588888888888889,0.575420875420875,0.390909090909091,0.327272727272727,0.308417508417508,0.339393939393939,0.726936026936027,0.720538720538721,0.571043771043771,0.562962962962963,0.709090909090909,0.384848484848485,0.874074074074074,0.894612794612795,1.14882154882155,1.07575757575758,1.13400673400673,0.657912457912458,0.766329966329966,0.498989898989899,0.423232323232323,0.308754208754209,0.383501683501684,0.44040404040404,0.438047138047138,0.610774410774411,0.623905723905724,0.511111111111111,0.637710437710438
"wascoCA_100km_shp","shp","rcp85","bcc-csm1-1",2060,0.635409652076319,0.639393939393939,0.488552188552189,0.653872053872054,0.644781144781145,0.363299663299663,0.465656565656566,0.578451178451178,0.461616161616162,0.498989898989899,0.490909090909091,0.556228956228956,1.1993265993266,1.14545454545455,1.18417508417508,1.18720538720539,1.02087542087542,0.448148148148148,0.587205387205387,0.604377104377104,0.603030303030303,0.568686868686869,0.334343434343434,0.239057239057239,0.164309764309764,0.541750841750842,0.604713804713805,0.753535353535354,0.725252525252525,0.738047138047138,0.469023569023569
"wascoCA_100km_shp","shp","rcp45","inmcm4",1970,0.429741863075196,0.513131313131313,0.593939393939394,0.387878787878788,0.524242424242424,0.582154882154882,0.414141414141414,0.354882154882155,0.508754208754209,0.338047138047138,0.312457912457912,0.293602693602694,0.332659932659933,0.17037037037037,0.191582491582492,0.165656565656566,0.128282828282828,0.0774410774410774,0.0693602693602694,0.0572390572390572,0.0760942760942761,0.430639730639731,1.01582491582492,1.14208754208754,1.17946127946128,1.203367003367,0.902356902356902,0.390572390572391,0.3,0.27003367003367,0.237710437710438
"wascoCA_100km_shp","shp","rcp45","inmcm4",2000,0.327777777777778,0.201683501683502,0.124242424242424,0.126599326599327,0.136363636363636,0.144107744107744,0.163973063973064,0.15016835016835,0.130976430976431,0.134343434343434,0.186868686868687,0.185185185185185,0.280808080808081,0.265656565656566,0.274410774410774,0.231649831649832,0.211447811447811,0.320875420875421,0.650841750841751,0.734006734006734,0.76026936026936,0.794949494949495,0.662289562289562,0.328956228956229,0.34040404040404,0.316161616161616,0.34006734006734,0.348821548821549,0.463636363636364,0.334680134680135,0.304377104377104
"wascoCA_100km_shp","shp","rcp45","inmcm4",2030,0.388888888888889,0.279461279461279,0.220538720538721,0.129292929292929,0.150505050505051,0.218181818181818,0.324915824915825,0.363973063973064,0.342087542087542,0.314141414141414,0.274747474747475,0.113804713804714,0.0626262626262626,0.130976430976431,0.271380471380471,0.294949494949495,0.402356902356902,0.815824915824916,0.758922558922559,0.67037037037037,0.611784511784512,0.502356902356902,0.123232323232323,0.587205387205387,0.587878787878788,0.587542087542087,0.884175084175084,0.847474747474747,0.384848484848485,0.704040404040404,0.865319865319865
"wascoCA_100km_shp","shp","rcp45","inmcm4",2060,0.756397306397306,0.587878787878788,0.594949494949495,1.42592592592593,1.16363636363636,1.17407407407407,1.29393939393939,1.4006734006734,0.784175084175084,0.714814814814815,0.638047138047138,0.525252525252525,0.573063973063973,0.793602693602694,0.899326599326599,0.808080808080808,0.809427609427609,0.792929292929293,0.381818181818182,0.362289562289562,0.390909090909091,0.486531986531986,0.337373737373737,0.308754208754209,0.412457912457912,0.438720538720539,0.452861952861953,0.848484848484849,0.844107744107744,0.74040404040404,1.0030303030303
"wascoCA_100km_shp","shp","rcp85","inmcm4",1970,0.429741863075196,0.513131313131313,0.593939393939394,0.387878787878788,0.524242424242424,0.582154882154882,0.414141414141414,0.354882154882155,0.508754208754209,0.338047138047138,0.312457912457912,0.293602693602694,0.332659932659933,0.17037037037037,0.191582491582492,0.165656565656566,0.128282828282828,0.0774410774410774,0.0693602693602694,0.0572390572390572,0.0760942760942761,0.430639730639731,1.01582491582492,1.14208754208754,1.17946127946128,1.203367003367,0.902356902356902,0.390572390572391,0.3,0.27003367003367,0.237710437710438
"wascoCA_100km_shp","shp","rcp85","inmcm4",2000,0.325364758698092,0.201683501683502,0.124242424242424,0.126599326599327,0.136363636363636,0.144107744107744,0.163973063973064,0.15016835016835,0.130976430976431,0.134343434343434,0.186868686868687,0.185185185185185,0.280808080808081,0.265656565656566,0.274410774410774,0.271717171717172,0.286531986531987,0.208417508417508,0.66026936026936,0.826599326599327,0.754208754208754,0.751178451178451,0.75016835016835,0.357239057239057,0.226599326599327,0.384848484848485,0.47037037037037,0.473737373737374,0.411447811447811,0.359259259259259,0.195622895622896
"wascoCA_100km_shp","shp","rcp85","inmcm4",2030,0.392648709315376,0.169360269360269,0.246801346801347,0.265319865319865,0.423569023569024,0.436700336700337,0.543097643097643,0.500673400673401,0.511447811447811,0.324242424242424,0.32962962962963,0.21952861952862,0.282154882154882,0.25993265993266,0.291245791245791,0.301346801346801,0.256902356902357,0.386868686868687,0.405387205387205,0.381481481481481,0.723905723905724,0.864309764309764,0.676767676767677,0.653535353535354,0.847474747474747,0.48047138047138,0.28047138047138,0.221548821548822,0.26026936026936,0.142087542087542,0.273400673400673
"wascoCA_100km_shp","shp","rcp85","inmcm4",2060,0.822727272727273,0.334680134680135,0.789225589225589,1.01212121212121,0.954208754208754,0.88013468013468,1.04747474747475,0.671717171717172,0.631649831649832,0.642760942760943,0.758249158249158,0.549158249158249,0.5996632996633,0.375084175084175,0.343771043771044,0.186531986531987,0.346127946127946,0.396632996632997,0.424915824915825,0.646801346801347,0.706060606060606,1.30639730639731,1.26835016835017,1.43265993265993,1.4989898989899,1.74612794612795,1.23636363636364,1.20707070707071,1.05993265993266,0.864646464646465,0.544107744107744
