"county","FIPS","rcp","model","centralDecade","aveWetDays","threshold","fiveYrAveTotWetDaysCentYr_.10","fiveYrAveTotWetDaysCentYr_.9","fiveYrAveTotWetDaysCentYr_.8","fiveYrAveTotWetDaysCentYr_.7","fiveYrAveTotWetDaysCentYr_.6","fiveYrAveTotWetDaysCentYr_.5","fiveYrAveTotWetDaysCentYr_.4","fiveYrAveTotWetDaysCentYr_.3","fiveYrAveTotWetDaysCentYr_.2","fiveYrAveTotWetDaysCentYr_.1","fiveYrAveTotWetDaysCentYr_0","fiveYrAveTotWetDaysCentYr_1","fiveYrAveTotWetDaysCentYr_2","fiveYrAveTotWetDaysCentYr_3","fiveYrAveTotWetDaysCentYr_4","fiveYrAveTotWetDaysCentYr_5","fiveYrAveTotWetDaysCentYr_6","fiveYrAveTotWetDaysCentYr_7","fiveYrAveTotWetDaysCentYr_8","fiveYrAveTotWetDaysCentYr_9","fiveYrAveTotWetDaysCentYr_10","fiveYrAveTotWetDaysCentYr_11","fiveYrAveTotWetDaysCentYr_12","fiveYrAveTotWetDaysCentYr_13","fiveYrAveTotWetDaysCentYr_14","fiveYrAveTotWetDaysCentYr_15","fiveYrAveTotWetDaysCentYr_16","fiveYrAveTotWetDaysCentYr_17","fiveYrAveTotWetDaysCentYr_18","fiveYrAveTotWetDaysCentYr_19"
"mtsunapeeNH_100km_shp","shp","rcp45","BNU-ESM",1970,81.5449966735069,44.0455257356393,60.632258830215,79.7339950561523,86.9237398933642,99.1987088995269,121.910315152949,108.440670102437,100.448333972584,83.2491350139271,61.9777802923954,46.4759521368778,66.116895645604,44.9180552257191,93.4840800221761,119.967029034008,106.350574198636,83.1788623023756,87.8479481228915,46.6196731509584,25.0449710476037,37.7317194886641,50.4351442313917,57.5400613068089,50.5854871703639,69.732746221369,77.0672237615874,101.186716558283,117.875691536412,128.407864790252,141.870781274275,145.024419487462
"mtsunapeeNH_100km_shp","shp","rcp45","BNU-ESM",2000,125.202143309429,44.0455257356393,123.894061057351,109.075331161961,139.766156039382,114.130801077178,101.56367434415,120.979903814142,145.628686191674,142.464823882363,151.699015838161,165.169597797972,159.698498699304,147.977533446803,107.830083361539,109.275245227236,105.89459245624,91.9543577494766,68.9821441361398,95.9873855428985,94.3145904147986,104.087852702285,86.3145567125263,110.623132549633,137.304255753719,153.271872585181,137.695776642308,155.240179317359,155.686266513015,127.860155276674,104.78932619615,104.714000007167
"mtsunapeeNH_100km_shp","shp","rcp45","BNU-ESM",2030,100.178201661158,44.0455257356393,94.2386802892974,76.3664834617846,68.5253281344789,63.1771754432447,76.1650436066136,119.252775282426,131.302298619819,133.536479109562,159.880279397675,134.992928803184,101.230674140237,103.533696121447,117.144770926273,84.2878579249526,87.7937846097079,88.8375307256525,104.375124563737,70.309428693598,85.4317031247688,97.4073702748617,114.650298290831,97.9572195885398,116.297230810686,109.430479877356,117.045080635764,105.394504991011,104.80840488665,95.255972292351,142.216678676027,149.656104228858
"mtsunapeeNH_100km_shp","shp","rcp45","BNU-ESM",2060,136.190128434306,44.0455257356393,154.143242876457,168.691002433083,189.943974181667,159.15708530426,152.861220633767,170.126259385311,159.81221581199,161.021755678581,138.678263563676,127.456962613192,87.1229451566754,82.1837524668376,100.021196339925,102.605868946422,122.844883168538,151.522117885243,144.741665262165,138.749927299962,148.574163152521,157.388383129004,158.603800844135,158.383125161836,132.855323406566,147.242095610879,115.321173499136,94.3008924807924,95.199824144768,94.5485936991374,82.2620428189364,111.684925652706
"mtsunapeeNH_100km_shp","shp","rcp85","BNU-ESM",1970,78.2108070094176,44.6497915838868,57.8383261825099,76.0796425443707,82.9468033796368,94.9924567147457,117.637279505874,104.275004201947,97.2772870740023,80.0385993656968,59.5334980901082,44.2190802626176,63.3090759103948,42.5137615458171,90.6627098834876,115.613074673739,102.372838178692,80.0877210397431,84.4747749108979,44.0392376685865,23.7959144141457,35.8236796280832,48.2183781051636,55.6054200767748,48.1002402265144,66.6699035713889,73.3329118011937,96.779904089263,112.837360841,123.477251532584,137.127939072811,141.088276099003
"mtsunapeeNH_100km_shp","shp","rcp85","BNU-ESM",2000,122.424127392432,44.6497915838868,120.039088238803,105.125972012607,135.049809122953,109.253001576048,96.698754679362,115.604401692477,140.750577980966,138.554369636304,147.06194264961,159.874533730709,154.819474021449,141.982434384895,101.862594423005,104.27575184562,92.2720796920314,88.9587469274347,132.89660758741,147.483205921289,189.964179996144,193.294205728011,177.792570834304,132.705204309406,129.541175924359,80.8057115450772,75.7612051264445,88.798595644633,65.7491561982126,82.0536093266805,79.2417068897594,124.038929347414
"mtsunapeeNH_100km_shp","shp","rcp85","BNU-ESM",2030,136.25090782705,44.6497915838868,117.700983935269,118.647907272108,138.263504221367,162.656023157293,162.44256036585,173.729446993741,194.392340001193,179.690287312594,167.38697241812,138.425549222773,135.071504258821,142.137967730435,131.496697507916,147.47961049629,130.999569261724,117.785039358428,87.273501813484,71.6078796201764,56.6367673827663,84.652567913171,89.5659992368294,163.802620952491,163.218557090759,166.468919792175,161.870252749125,160.423018764149,117.347447608023,133.228521209486,109.289333153927,103.330870567091
"mtsunapeeNH_100km_shp","shp","rcp85","BNU-ESM",2060,137.722839416735,44.6497915838868,126.878715819157,116.963057729548,110.371793405937,123.909486893163,112.919624172557,126.179338865569,149.478561196761,161.359916399175,159.667346239957,145.372942819306,127.720747580095,101.338255710024,113.313087330442,113.066599203168,146.769665197893,133.444474068844,154.103680877686,132.559062185576,161.282623495622,188.587169842576,185.208097554987,162.06368612694,156.425041523558,130.353400712447,91.9325791711518,116.259733598883,114.947335674401,152.308135655721,187.779508381468,179.140206185543
"mtsunapeeNH_100km_shp","shp","rcp45","CCSM4",1970,101.177897953843,43.8051565000033,40.1132090597442,44.4730234250155,42.4102234383785,79.3537877366037,64.8479709544326,61.7731881575151,78.3064555046775,74.2428784526478,63.0445545092496,90.8898312077378,90.5299215709802,84.5912512542262,105.840631368232,109.188335263801,108.516919045882,142.91932888609,136.177642417677,137.369162404609,121.312332019228,102.125057994958,84.5269085427487,79.3817427305742,88.359850284692,100.406886857929,111.217985824816,145.779012068546,187.23318129106,158.844641774495,148.177048391862,123.309965375264
"mtsunapeeNH_100km_shp","shp","rcp45","CCSM4",2000,119.118834312516,43.8051565000033,102.791383065888,88.8773072456591,82.0451805681171,87.0148198179765,100.804575893518,104.875995684537,88.0663513195153,97.5737599448002,100.938104970527,93.7539214047519,87.4001387775306,90.2663543446859,114.184756422332,118.469739552122,174.782635708433,155.915848029166,151.764071442575,166.64670057239,136.974394374038,75.4637220498287,76.0810098416878,84.4096461810488,83.8532926559448,150.275601380088,158.240722089825,193.56212888891,219.067665933551,170.409315711513,132.233742778662,145.804698774164
"mtsunapeeNH_100km_shp","shp","rcp45","CCSM4",2030,119.803130686596,43.8051565000033,157.269596752976,145.12724373095,155.747731947465,152.587571075902,175.810537194917,140.31044750676,121.153311811505,114.962038812348,104.653008269108,67.7039730522849,80.7335824654319,98.173668905316,104.511417388916,96.4373682218609,87.0796103691332,54.6023423686172,32.2337328315504,26.9028096008301,62.7604005351211,93.442108371619,129.577120204116,150.191734068899,188.394649032824,180.535892770941,168.853750092478,152.426406388716,154.551613354538,128.300137337193,105.485905927022,112.02489439184
"mtsunapeeNH_100km_shp","shp","rcp45","CCSM4",2060,111.393363665378,43.8051565000033,91.7543155647047,66.1003103314024,72.5799342877937,61.1248199624726,50.7830447329897,81.7912847622958,95.0009132685806,96.8989062187888,97.9683433313081,112.618700758038,112.785132642804,93.673385848999,96.2381687869448,124.946939200199,119.689984571284,121.928326133959,122.48027083657,144.111847973448,152.499804758014,163.150881169637,140.911935869853,179.730472525394,149.21767089497,135.1723764408,116.686332165111,113.524297569737,106.388865058205,109.313653830326,126.189452446446,124.948146914858
"mtsunapeeNH_100km_shp","shp","rcp85","CCSM4",1970,110.592164679633,42.4453708577647,48.1580970290213,53.9167487173369,51.7140180853641,89.3241717563976,73.602573856007,69.4697093605273,86.6950743461378,81.3494196608572,70.1506995842674,97.7737158954505,97.3617756028609,90.3501579689257,113.963405582544,118.995854875969,120.210686036312,156.61158171567,149.951009933009,149.550670096657,131.521851318822,109.66577463439,91.7270249915845,87.1308396044644,97.7164039692734,111.383010497816,121.461676113244,154.692069172715,199.048566132748,169.259070683104,157.598414707762,132.823609316277
"mtsunapeeNH_100km_shp","shp","rcp85","CCSM4",2000,113.27151040241,42.4453708577647,113.034279904221,95.8743240980669,87.6729246717511,92.3012771687363,107.408349560824,112.828071269411,96.9883397478046,107.355505558361,110.133515815735,102.520370615179,95.6951098956484,97.9971583302816,123.382330492193,128.140007354274,143.986416414434,159.852059304208,186.186990955237,157.01910348372,163.532475309661,159.747486085603,126.735335541927,82.8337509941332,77.3369370385372,69.681697176153,63.4319392868967,56.4075036806049,92.7610366994684,126.862261169896,121.528226613131,130.02666059783
"mtsunapeeNH_100km_shp","shp","rcp85","CCSM4",2030,108.101379601064,42.4453708577647,123.858683197715,108.328561412927,111.10148884282,119.788103312868,106.008695408214,143.621724229292,124.385684401772,109.677508454756,81.1725423442956,108.976275067185,84.0338507981734,87.5218511500503,81.3940832635128,84.6802324572476,80.5174156651352,91.0564246195013,95.574917454575,91.3215248061671,98.3359035226071,73.4593660343055,77.6065578449134,114.775134619511,112.084521906304,148.653530656063,165.1633259386,169.203932756366,147.124023022507,143.029150332827,109.785867799701,127.764778138363
"mtsunapeeNH_100km_shp","shp","rcp85","CCSM4",2060,185.209040204828,42.4453708577647,134.272647936272,116.83255578359,150.069097025322,162.658545395822,138.375205614495,148.953392908501,202.714189360647,178.461556365273,179.328290722009,192.505606807362,281.113145634044,233.601257168163,218.345676666029,206.169064268632,198.042308509133,71.0446476433494,84.775558497111,96.4440503923821,95.3671793839426,132.023003116954,161.485200308597,182.802181587219,214.536836803321,223.618797655973,184.362055421309,218.967263384732,214.598135807153,253.397023976644,257.789575469277,252.193706060467
"mtsunapeeNH_100km_shp","shp","rcp45","CNRM-CM5",1970,81.9619625342013,45.9246561091038,64.4596492328066,69.0962034456658,77.5857471142393,62.8658994628444,80.2366872787476,102.752711611661,93.5029266958526,90.3736526223385,98.4094411410707,113.05186691631,100.037912997621,106.989742528742,91.7060877921364,86.5073553663312,74.6459403020685,71.0428535276471,75.9066756994074,112.889421668775,149.041961457224,128.851434434833,110.798292385448,110.846762658321,67.0289756520589,36.3493104842215,43.580328245452,53.4108117906975,43.328942194852,52.1878903556593,55.9376177331173,78.3097049817172
"mtsunapeeNH_100km_shp","shp","rcp45","CNRM-CM5",2000,129.529401539311,45.9246561091038,91.5781430943807,123.26987456813,129.241810377872,135.429618736036,123.398792477232,137.208666080128,125.364295739839,121.287332226146,103.54183140957,101.078391611504,82.4788846541896,76.5948510406956,69.7780192184448,92.9983889042247,87.098747810595,95.7253741963704,124.214618635467,120.408143155647,102.634502177383,140.931628898852,129.367152305372,108.292142212608,186.859494620814,209.896276842753,198.491454396103,229.834352349946,214.627821547768,149.601609636943,149.240219788985,144.735351512793
"mtsunapeeNH_100km_shp","shp","rcp45","CNRM-CM5",2030,143.568122782466,45.9246561091038,110.782443793326,114.348484131784,128.973654670715,134.460458120866,104.655885913733,109.668245036963,118.085634337917,113.095021127643,110.275466520136,115.331512834954,146.891514990835,158.22004537409,168.076928017356,149.983881415165,167.959231502649,161.074203183723,146.328887934829,129.58688479568,115.820773740826,143.899081156182,160.386437092405,171.960297591469,186.539167922049,187.819950434367,185.526532309561,152.01909257831,135.738299607942,135.137080161355,162.599781104579,156.463592025294
"mtsunapeeNH_100km_shp","shp","rcp45","CNRM-CM5",2060,149.471570829719,45.9246561091038,179.991444105669,174.35584622701,145.515576418096,128.602793231155,99.8685544967651,57.9818432305076,44.0088528685136,46.3493749364217,81.2431721854932,84.5413994609948,117.947243468545,132.749219660903,141.416022052187,115.70890017076,113.717089120113,99.2177497493859,101.013444054343,99.3230268651789,98.6908979450573,137.004755068692,243.877124874231,245.4877805548,287.109465646455,304.632177593347,251.715321671457,153.773838214296,179.090401046059,177.115959059975,171.462786405159,185.907033616268
"mtsunapeeNH_100km_shp","shp","rcp85","CNRM-CM5",1970,94.0184022439128,43.8250857826589,76.7135531535293,80.9187945394805,89.8415392222549,71.5384881684274,92.7035540598089,114.62383844549,104.358124957229,100.572715673736,110.59071901726,125.271663357128,112.370886676673,120.737232306509,104.178881723809,97.4739240091497,82.9479243168686,77.6930462230336,84.0136175548669,126.44962892359,165.42419722008,144.22912405881,125.901844828057,127.302526995341,78.4010951290709,46.6003528710568,55.0638155133796,66.5412761364561,53.3929008784439,64.6665527910175,69.2596631622314,90.6437480741559
"mtsunapeeNH_100km_shp","shp","rcp85","CNRM-CM5",2000,120.766288882169,43.8250857826589,105.090072298917,136.410915293838,142.420175421744,148.137813504537,138.250731588421,156.473314586986,146.789299939473,141.017429268577,122.092585137107,118.974348097137,95.9084409112641,91.7231345956976,84.132641917142,109.095906781283,149.496785502578,141.168415796684,123.327681779572,119.142980509671,118.640712201668,68.590815223925,72.8160831243342,106.692997015751,129.842592683272,106.015408232718,113.2478300268,125.581301422119,123.439469300472,108.041913492607,138.096082759048,159.025030566129
"mtsunapeeNH_100km_shp","shp","rcp85","CNRM-CM5",2030,153.477536749984,43.8250857826589,159.218027814229,130.957870842905,146.636409169977,129.032073150404,208.023867328528,211.413477782047,243.552021988377,254.85950279467,236.670442351139,138.910748334942,122.252580574498,97.3520968512333,95.1385195425785,101.754299208901,123.194028190844,119.113023511713,129.216453452833,110.290483925559,124.050028892286,135.661252002138,124.580494714217,133.317126982718,139.570265704068,138.161725409537,109.753824015531,189.777395228762,164.008227253538,174.370039363052,173.869642285434,173.83992551399
"mtsunapeeNH_100km_shp","shp","rcp85","CNRM-CM5",2060,196.006616356012,43.8250857826589,105.71820295854,113.00132931218,104.769117044391,106.998046718944,108.470085043474,132.035226322521,138.511692458644,142.288689597159,249.538550484397,304.628343460777,306.564274762472,294.448349345814,316.690434902076,253.378673285282,202.938034417124,216.137231800195,244.049582362319,230.928196144104,171.492868158745,182.065109866749,154.540960684112,165.801819310044,184.731328946894,213.168301057527,231.014376805623,231.493955175226,216.406689856558,196.631931501446,234.842379950321,234.038945573749
"mtsunapeeNH_100km_shp","shp","rcp45","CSIRO-Mk3-6",1970,132.467042701798,39.804563694715,107.645418302363,132.743254016529,153.251735874523,137.043893526251,122.123292771542,125.548387944771,110.022664674701,94.4218372136896,98.5989994106871,150.507985212153,163.895344752687,169.276174238956,158.884333155083,158.696228924376,135.457307501128,105.484066060384,101.076339077805,101.209400179314,97.3461294393828,109.274682585976,154.513932203813,194.186713477626,198.446915737499,185.333623208711,160.378411404003,134.978238914952,106.022779823072,88.5880340506814,88.8243124736439,77.4202959095348
"mtsunapeeNH_100km_shp","shp","rcp45","CSIRO-Mk3-6",2000,115.392874062471,39.804563694715,66.5711917241414,43.551499822212,54.616158766313,44.9291311737985,41.6205588381218,50.8377419373483,87.3407930270108,108.025156778278,127.596183342211,131.482347803983,134.231811726888,138.772822780031,222.936515815041,200.476529650833,210.227329613657,189.422033042908,162.558971169212,88.2555875246453,95.099866437045,99.0767343671394,129.247635506139,143.399805619211,120.913164226648,132.041492469094,122.955318176963,106.964195773963,93.4826991514726,97.6106612638994,139.392699879733,186.285359136408
"mtsunapeeNH_100km_shp","shp","rcp45","CSIRO-Mk3-6",2030,177.176857977395,39.804563694715,183.882061782606,182.603592111992,181.253497586106,123.487791690248,106.121312312502,123.587078384631,126.907908845381,116.324788915461,128.384040036057,133.264750529203,157.797333397143,165.2909123912,210.661550814311,266.839631459785,246.664808436307,229.573497030085,265.283925077265,242.183316201875,196.783302152229,209.372065384605,187.8948031963,138.059668367559,150.100248539087,157.15781227921,135.296434498411,143.007304121075,159.140367777275,162.537745807532,164.423072328279,207.560654337334
"mtsunapeeNH_100km_shp","shp","rcp45","CSIRO-Mk3-6",2060,217.2838964312,39.804563694715,211.964705096158,245.481887726061,246.370431672299,272.650089726304,342.212404817523,333.193938873753,377.778358607437,374.934166752208,348.536289954908,257.960335315358,235.029940150868,157.278164154978,125.74560889851,121.081450246175,136.855690738794,164.83078451908,168.072003495187,188.927777687998,162.479923947652,137.716403346206,171.496667339441,160.8746603382,159.753784054843,197.453107082483,221.120793162259,191.977911580404,211.617610539523,207.971609521346,209.139055400039,216.536143472845
"mtsunapeeNH_100km_shp","shp","rcp85","CSIRO-Mk3-6",1970,120.172963031037,41.29946851679,95.7970214057691,119.148618570964,140.222022810271,125.639318980593,112.170219323129,114.482176389983,98.8963128384677,81.7567688728101,87.1028534051144,136.270141347249,148.563775867115,153.441198648395,145.865466343273,145.479260225007,123.029166905952,95.7452086165457,93.0681391976096,92.830880204403,87.5591191956491,100.152919371634,143.43734262871,180.924039696202,184.584559756192,173.39453356425,147.558815133066,120.071918658632,91.8149003832268,75.7780801992705,75.4510733101585,64.864641790679
"mtsunapeeNH_100km_shp","shp","rcp85","CSIRO-Mk3-6",2000,119.783849836215,41.29946851679,55.7738097000122,35.8161663702762,45.0156025545525,35.5170998220733,33.2150898280288,44.0521611427538,77.4826870600382,97.4751434071859,116.404131511341,120.290481581254,123.395144290346,129.813629353841,208.324926452637,186.723979109562,195.342780167551,207.284796399203,195.076932827343,98.3460441069169,126.487296566819,123.551367000233,159.589444402059,155.977851272352,162.510970064799,134.427587840918,145.475238750342,99.5366225074999,98.6289946920221,107.030412431197,162.544260124438,184.026745586973
"mtsunapeeNH_100km_shp","shp","rcp85","CSIRO-Mk3-6",2030,186.625328400737,41.29946851679,176.983541954503,174.934879070629,201.143399059411,170.742898464781,140.964267068343,151.064524128076,223.077213661887,210.119352805398,189.683515615752,198.074330914815,179.69902782787,131.181736963446,116.203842171178,158.44975998156,179.865181684783,197.858416506449,174.348626982949,171.334148808104,140.177412850351,164.671469757774,152.8085638867,163.348618705056,176.856774591388,215.034051704407,242.811608276367,253.768196357958,250.619535150239,244.094452968944,216.738956939235,164.195494189407
"mtsunapeeNH_100km_shp","shp","rcp85","CSIRO-Mk3-6",2060,220.418428193873,41.29946851679,162.286416829427,199.32417109056,219.550699520689,236.069285014759,247.064019744179,235.20896588181,222.481958962643,183.359136685458,174.780133297082,208.374649027044,274.525154116081,275.531202616836,303.74952827916,309.798240014279,268.68981948159,203.603698094686,166.035982794328,169.444285102613,140.912557545286,164.920952900973,210.964817900224,229.797971049222,206.167677920948,242.74830256491,228.347728810166,204.352073136532,218.75443766276,240.239241654367,302.650852970932,303.81037197113
"mtsunapeeNH_100km_shp","shp","rcp45","CanESM2",1970,104.821328770609,42.5552128114835,130.008134047768,130.050064375906,101.727681162285,107.511604944865,102.401890441432,88.5457003275553,96.5397511615175,85.8812964896,95.9184112444791,86.662498624397,95.2800628523393,118.383470004689,130.283978555853,135.273248250557,140.788422465469,151.264090141528,106.780649567806,85.1275496985696,89.1819339948712,88.1004544807203,87.9841915500525,94.8888225277987,120.018422456221,129.600765020197,125.178756680344,116.443235966076,131.917878260757,105.889044261123,81.6374202982585,73.13657690684
"mtsunapeeNH_100km_shp","shp","rcp45","CanESM2",2000,110.91915100849,42.5552128114835,79.8908982768203,119.688764542088,130.046069248084,143.333216733066,162.05910231388,173.001984699134,121.658007765105,109.771462620822,91.2432153008201,107.58647123857,70.4232172486276,61.1155566186616,66.2885481077252,89.6443533059323,89.7866126817645,114.866509115046,122.524067498409,148.233411069928,138.879425280022,127.79105683529,119.722101532907,119.042195742058,97.0121343393037,123.714995892843,107.830848525076,94.8997656492753,89.416152344906,114.16328066508,121.180444559039,113.839277273236
"mtsunapeeNH_100km_shp","shp","rcp45","CanESM2",2030,158.641997215965,42.5552128114835,153.841302775759,155.366613181143,176.454672750993,126.428842575767,153.23203755003,135.075530351581,165.128044941064,118.310602295615,147.667924067179,173.72202359055,174.045917308692,157.838735960758,181.705341492855,160.0280084032,128.500477862503,141.679162766428,144.4564845299,125.632086897185,152.635229712978,188.103383783283,186.702637562607,204.133769798279,192.869519619797,165.913515341788,150.879168531244,122.229196146185,112.60720576662,156.879760239341,171.803279043255,142.487253093142
"mtsunapeeNH_100km_shp","shp","rcp45","CanESM2",2060,189.74785979242,42.5552128114835,170.128256853277,198.841084785461,188.2577633378,188.84754654971,198.305962457368,167.39284494111,176.05521529689,168.880980459271,196.339676070936,237.549013656847,283.026476123694,245.432141267025,262.458050263145,301.324736754678,285.652016007395,276.332691252737,265.423131347425,240.967238441236,162.446614517443,147.460372175737,135.472263286475,132.365778318463,138.126603490656,133.644128844521,148.96529023604,126.153027461659,152.92389138424,139.796522762414,204.510021703316,223.821204332294
"mtsunapeeNH_100km_shp","shp","rcp85","CanESM2",1970,101.897929512563,42.9550427699378,127.404874733434,127.265294903842,98.6574882958152,104.311641301242,99.4224845181089,85.9547925290194,93.6379308665882,83.199978168372,93.2502038562659,84.4858084615072,92.7018388736609,115.313309566613,126.410083819303,131.127629668496,136.306354234869,146.924293140065,103.45113319975,82.5496800937075,86.8368431738651,86.1567621127042,85.8208221574263,92.4012907733339,117.375806926381,126.751067833178,122.160741010724,114.085677855521,129.185103480021,103.194539771802,78.4893246575558,70.4806571625218
"mtsunapeeNH_100km_shp","shp","rcp85","CanESM2",2000,111.765279104059,42.9550427699378,76.9755746957028,116.70861378872,126.975499402826,140.016638671413,158.315190792662,168.986138242086,118.017534823562,106.55848302899,88.8462347111557,104.930589575334,68.2856581069484,59.3019803284154,64.4233590074019,87.6625191023855,81.134932087985,77.4954245665579,77.8189842963941,99.5225321625218,101.279398460388,119.025471144012,147.773071759542,178.999501521949,171.545691886671,149.382530407761,103.956738381819,74.9383042295051,102.71043918494,101.566109135946,159.032337329749,176.184809122953
"mtsunapeeNH_100km_shp","shp","rcp85","CanESM2",2030,158.440282947849,42.9550427699378,189.388851200451,164.596013420567,164.796064235803,128.363753811229,122.24140148394,116.810259282661,103.721180777116,87.6901653023922,90.3696779886882,103.599422956524,170.886031540379,187.219949940768,225.494355603998,213.767461177942,206.226478191723,153.246607797796,147.246085668622,138.639151096922,145.659707654317,197.570095389395,222.89956391768,203.173547110124,200.924450633887,216.820588043675,164.492914032214,150.43879790335,161.928619508454,133.097510814089,100.01127785885,123.521038638028
"mtsunapeeNH_100km_shp","shp","rcp85","CanESM2",2060,181.440292475151,42.9550427699378,113.796071051395,211.399882736206,213.23785655513,232.380378378666,231.637646418485,224.453418520147,123.708448524475,157.332238067858,160.707332819158,205.529930579446,222.637905834082,245.059162114461,242.412056644324,223.155678030072,158.542266230728,136.723668503039,124.397167595372,156.610584344575,176.735566914876,188.375796887947,232.333909746806,218.070640628699,162.430298205289,149.503922723712,158.310646564599,148.600558243954,158.150502800219,156.618721033732,162.882699825402,147.370933948864
"mtsunapeeNH_100km_shp","shp","rcp45","GFDL-ESM2G",1970,103.062640069518,44.5675952529849,59.8859310739691,82.6500928254561,104.709499836546,96.2289601574522,122.281399776574,112.232768976616,102.127284519311,79.5684431931467,83.4472150478941,94.2042085058039,105.928536512201,124.379688091856,119.219512642369,114.805981949315,93.6978411564682,103.6765105103,77.5969130336877,80.6600156263872,90.1445820340243,93.0245497142907,92.5815589592674,96.0900323081739,131.523711983652,133.628328375383,114.428093339169,113.51246203567,106.022350192215,102.69465713501,89.6202211472482,114.08414004008
"mtsunapeeNH_100km_shp","shp","rcp45","GFDL-ESM2G",2000,109.906153684096,44.5675952529849,121.252961228111,128.599955255913,118.873961541147,158.674477717082,144.640885646704,133.317985598246,121.140831649087,111.197432993109,59.7923576262503,52.0961506097967,53.3338695537683,85.2397316348914,90.3392120118575,100.795624323758,110.415141757618,112.485556379376,94.2091852084073,110.622582599755,124.503938377843,113.15991669048,106.670894386985,92.8087349816525,70.0825512972745,71.6271162657304,90.778747215271,119.638687184652,165.959724924492,158.321181661432,180.67453414339,225.481734125542
"mtsunapeeNH_100km_shp","shp","rcp45","GFDL-ESM2G",2030,154.562236476474,44.5675952529849,206.018586822279,188.816013681816,223.813146510269,179.68412541245,158.341810328166,149.286372872555,142.36981636163,163.827644034877,203.947652495413,158.54004402623,146.104359357429,137.897496483543,118.88533441717,93.2463297999989,108.342011390455,169.132503936074,152.749921535145,143.05549970569,152.706624747768,137.921122078173,131.668105868715,149.400737975149,120.186034885753,103.24512415568,142.112692683827,152.920582261519,145.410973769679,157.605759305087,155.802107928883,129.629958997784
"mtsunapeeNH_100km_shp","shp","rcp45","GFDL-ESM2G",2060,163.77103135003,44.5675952529849,86.4769616537383,100.954990344192,81.348872647141,85.9879173475323,91.4435513016672,99.9795661406084,80.8563149203676,151.019504811836,183.759468685497,211.956014936043,180.377969741821,201.391300852226,156.806534046982,140.772632591941,149.808241001476,204.044541671059,188.88402780475,195.583940284035,213.55212971196,191.327236796292,178.956420946988,203.045557099545,231.519893433542,218.647912990686,210.600399488969,218.719824407173,191.166273388718,166.347442876642,168.82443998857,157.876479871345
"mtsunapeeNH_100km_shp","shp","rcp85","GFDL-ESM2G",1970,92.2111841762427,46.413832800161,50.874295462406,72.2604055127231,92.4716147994995,84.8286781299475,110.439558068478,101.411821343393,91.2379298227484,70.6225119873972,75.6775368534435,84.601566957416,94.4097196983569,112.734406164921,109.090797425472,102.94050351114,81.3330049988718,88.9068499224114,62.3799069144509,65.4700690356168,75.514963833202,76.7949419541792,80.1915330089222,85.7879135952574,120.519735102798,123.89256386728,109.436430643255,107.469344707836,99.2373322897246,95.0923767066724,81.4002092557965,102.801826545253
"mtsunapeeNH_100km_shp","shp","rcp85","GFDL-ESM2G",2000,123.475834884451,46.413832800161,108.706058653629,116.740675496188,106.000528735537,146.25564943487,134.455434698625,124.085568580627,110.672490829699,102.932515518882,51.1979536854137,43.9167509911277,44.9193233767423,74.5882955146558,76.1784594957756,85.6155043538411,125.822334534616,140.850153394757,133.480096002059,124.982932465293,127.82276118423,135.982556775411,152.068178424257,194.245868702513,196.29286827781,189.605851677403,181.515866540851,151.073557600542,112.378515818047,134.467704813408,148.057320075758,104.554579776417
"mtsunapeeNH_100km_shp","shp","rcp85","GFDL-ESM2G",2030,126.337811163122,46.413832800161,102.960566505663,134.902828693968,109.587886574485,112.187238223914,151.352998244546,159.662520082647,137.874641627687,132.946786032012,133.613103859641,110.143180055329,91.9518093005094,84.2791792597915,129.004879094904,119.661058859392,110.567102607958,139.007651333664,149.063390655518,107.330457422661,118.992363461581,149.196270548503,123.242525150415,100.420656090939,107.764408447959,105.18773475647,100.016552089344,136.217083518288,150.954862502127,171.392449406711,148.605222912413,147.483916079203
"mtsunapeeNH_100km_shp","shp","rcp85","GFDL-ESM2G",2060,155.699689548569,46.413832800161,126.345628076033,126.053758185416,102.399054555026,124.006920657302,155.373960927327,169.171644677827,168.073577455463,184.276090900537,180.814052337878,177.798107364539,164.385095815948,155.483573115956,151.784928442059,180.216735297694,162.647177876559,190.735952750697,193.981222190857,215.526853808779,204.848519571478,169.306435811592,144.302611584519,126.746652489864,117.719972774621,90.3515886803829,125.429817948775,125.717506205241,146.426624200994,162.491236810395,238.528519825791,228.762992990667
"mtsunapeeNH_100km_shp","shp","rcp45","GFDL-ESM2M",1970,98.2907139791623,44.6119163844966,80.4408011049213,86.0512914726951,74.5964120356242,75.4694619681618,63.7982318912853,59.4823201046568,64.5730408708977,86.1052472455574,84.1105144257979,93.6477224419334,97.549480121497,97.3416070776275,111.431722683762,117.952657264941,109.790600379019,118.316053108447,103.918500650579,74.2993221040206,71.5832313410441,98.1076484668616,105.187603759766,141.109013463801,168.374916282423,163.963353217154,124.140457101302,97.5490660118334,60.7743374055805,74.9366635235873,81.3729524970777,72.1331123143976
"mtsunapeeNH_100km_shp","shp","rcp45","GFDL-ESM2M",2000,115.618369610912,44.6119163844966,101.442416091688,119.61473474676,90.1581680852717,79.0862710085782,83.8940996921424,72.1618481873021,63.8897227177475,65.7387480891835,94.6615919772061,108.411279510729,118.037383180098,159.200024720394,162.01850939664,166.684182134686,187.564894744411,198.21885255409,182.274241690202,190.923563608112,176.732867661678,144.942519777471,135.747945997065,108.594634665287,104.561307127981,100.865026344531,117.633683135293,101.88382485592,108.69497935902,80.3099213582819,105.748884575584,117.804346948103
"mtsunapeeNH_100km_shp","shp","rcp45","GFDL-ESM2M",2030,131.68525057205,44.6119163844966,142.143919646523,166.642340990702,193.382008960608,163.588751173308,148.13487211054,125.712722146005,119.106072690559,98.1200704516787,84.5832888435595,65.6513277007594,76.9769707720207,92.0323960090406,109.58676769141,103.508336113438,105.06970436443,143.131802510348,117.066227531433,152.791616014423,169.715778382041,178.31279378602,171.220170927337,158.109433041197,149.137985215621,150.157447358334,150.389912931269,96.3031274067272,100.903370341677,87.0930550985625,115.231812063275,118.533784038659
"mtsunapeeNH_100km_shp","shp","rcp45","GFDL-ESM2M",2060,158.818364626952,44.6119163844966,170.699347659024,229.015958900452,243.539253133138,229.706513683435,235.25564229445,204.44385595495,157.769444924557,150.888986441872,132.528364475135,125.777566515605,123.996771845962,115.664850715868,86.7209818649292,84.8990463060321,113.874752511689,95.9328340969664,105.037965586113,142.12258705486,172.664968214324,163.037668572628,188.419643415971,225.925162775444,187.973601202531,194.501882646734,184.355496838888,192.032566335274,155.840966288249,141.664778064381,120.401528912169,115.128724439216
"mtsunapeeNH_100km_shp","shp","rcp85","GFDL-ESM2M",1970,106.564346617111,43.3001852155406,88.9133074107315,94.9110803997155,82.6553350448608,82.4712379178134,68.3625366684885,64.6194093623306,70.3214176975597,92.641133442503,91.8753465802742,101.440001019565,106.393432062322,105.494410081343,120.847137715889,128.207427102291,121.97474652955,129.089438921611,113.720773887634,83.3144859279286,79.2371312771422,106.176750955293,115.081057390155,153.382917377588,180.31659308578,176.226558157025,133.511891106114,104.923423607566,65.4738558694088,79.6113944857048,86.7408996350837,77.1959587247444
"mtsunapeeNH_100km_shp","shp","rcp85","GFDL-ESM2M",2000,117.138963480092,43.3001852155406,107.345233435197,126.663347058152,96.380700675502,83.3909953042233,88.9312578813957,78.8883213020093,71.0692020959565,74.581030515035,103.862147257256,118.732145719817,127.094172536677,170.356066101537,171.711915467002,177.831651799751,193.668353486495,174.921746510592,141.836807419748,142.402198376511,101.287454508001,84.5527844088005,113.533208159244,108.231447497281,121.505446731105,144.704066171357,170.01744601741,134.663913116455,134.929023489519,96.2524891153971,114.534711993824,129.223531483737
"mtsunapeeNH_100km_shp","shp","rcp85","GFDL-ESM2M",2030,146.537849983061,43.3001852155406,150.391502494812,156.059297232194,184.96760686123,144.536038008025,102.841103176926,80.6386868783199,104.117062566353,82.2796909944939,98.4497153253266,107.958338769855,161.001983031071,135.828580469074,165.473540726864,159.614999062509,183.805951963482,144.627319376396,141.403431675073,133.846618601481,126.654451748241,105.982021626559,111.845442294496,107.336513262662,116.672622806665,130.709450448932,128.74017779148,125.630061598113,182.877495512529,195.987019907633,201.171314383998,225.832273187348
"mtsunapeeNH_100km_shp","shp","rcp85","GFDL-ESM2M",2060,163.494759460603,43.3001852155406,228.052997815681,203.438676620252,165.229477767944,181.141829460606,127.425884647947,123.246469096559,83.7484899208762,113.713439890544,102.937252191486,117.397409761602,107.646131466952,150.469538296786,114.715832301053,83.4982752308701,100.978882104122,97.332296591094,114.702548139168,145.462686254328,173.794974159472,156.546494727857,189.641072257071,177.429507898273,153.274436964555,188.976120271394,226.389932854392,239.925517615116,261.904141923153,288.572683585196,231.028222460891,187.949849400376
"mtsunapeeNH_100km_shp","shp","rcp45","HadGEM2-CC365",1970,104.688193247246,43.703653928486,66.0594322008075,40.9086723870942,92.7106058213205,93.3939121512211,121.667540605718,146.073459539702,153.202979739796,130.958204930623,120.648463392547,124.353812217712,121.217465434219,117.803185177427,111.271360630845,146.512966102831,124.951035738858,101.904801499338,83.9182537148216,76.1749546305338,40.3194072330359,58.24517028693,82.6730147355975,87.6706466813521,69.3786764283614,71.6376912411776,124.479370906714,115.92156146194,115.809972447482,147.635357041792,149.163598031709,74.0089557000363
"mtsunapeeNH_100km_shp","shp","rcp45","HadGEM2-CC365",2000,118.114484562922,43.703653928486,65.1647323226929,63.9834911704786,57.7518960108901,65.9185846964518,59.030678097118,59.0704309555978,119.608421435501,121.824695229964,119.310653204484,130.665476836002,139.790632599339,101.904582490632,76.8307321143873,100.855372486692,149.70487948909,158.352012645837,155.219092377171,157.79502696991,158.194517007308,123.09426702326,97.5656179115989,101.195594476642,149.922262365168,147.147726344484,187.591995939775,204.173768619191,184.426503164118,144.562294687213,119.839113919807,81.9390641576594
"mtsunapeeNH_100km_shp","shp","rcp45","HadGEM2-CC365",2030,173.416870059967,43.703653928486,70.9875749588013,92.7445909719756,88.411455745119,114.810023445361,119.444503469756,125.269445195054,139.207271688057,133.024028628956,105.151392246593,147.325430800698,250.030064501907,234.213286375566,256.172691562537,252.432506739299,238.774890166774,133.989927157778,136.743916964675,121.474971635992,144.678093187737,126.372217304345,124.044093351653,121.446945917534,138.015643615723,144.128238517299,195.112633061264,225.19033969648,283.143639406146,303.402429171475,318.25827135953,306.36074672699
"mtsunapeeNH_100km_shp","shp","rcp45","HadGEM2-CC365",2060,171.198071926772,43.703653928486,301.577732101209,232.463213006222,200.702103953506,171.162899033518,134.689408610951,124.079840063615,194.108704824737,209.633659813621,200.116181988572,165.597679397121,210.416785760359,132.962605250965,115.92299482519,125.989720441645,160.144995943705,101.964324849447,115.655642018174,124.760716709946,131.487345354485,128.994007420395,125.064702714862,169.240985622984,176.713807146477,159.784443075007,190.490700351831,185.721995369882,164.097110452363,199.455149111892,219.006809488932,167.444550861012
"mtsunapeeNH_100km_shp","shp","rcp85","HadGEM2-CC365",1970,95.302240114501,45.2047111031831,59.2574494853164,34.9426423136393,82.0847696974783,82.5686627278183,107.623403460185,131.421732017055,138.380423305396,119.017201747316,110.147691415729,114.64998172182,112.226718966166,108.67808631897,103.288168092207,133.973405166395,113.002315235716,90.2941181772405,73.8395345757224,66.60647397706,34.7529882130478,51.2025154934507,74.9154662889423,79.1465103357488,61.5438289283984,63.7644747242783,117.072675043742,108.88014613296,109.009713102398,139.272998244546,139.980039489053,67.0467858354973
"mtsunapeeNH_100km_shp","shp","rcp85","HadGEM2-CC365",2000,111.837952311159,45.2047111031831,57.9738998736757,57.4936682521936,50.9515529644128,58.5001181573579,52.6496721522013,51.8124141774033,109.777449322325,111.026797679554,108.294492462621,118.369944678798,127.725983093724,89.0604907226563,66.6374228841608,91.0282132905902,92.1114418422815,85.2777261629972,96.338823816704,116.560797568813,92.8277990641738,89.3468294918176,127.530418367097,110.306010375745,124.94120633212,168.714109559493,180.931720340613,147.219104928681,145.897139022134,200.909936437896,244.545396409468,226.156806478789
"mtsunapeeNH_100km_shp","shp","rcp85","HadGEM2-CC365",2030,145.822235089119,45.2047111031831,226.954258514173,251.112995048292,180.039167229624,112.710543392066,140.997820567507,153.975514696295,116.16942861268,122.582703836614,145.450522473653,183.931107220505,173.904738110629,190.126492665609,174.247287079782,160.667329539675,136.795094735117,164.650751057249,153.264349417253,141.59651342103,112.393007951216,85.4239299635454,40.211308109399,80.7870701113614,98.354258741899,110.627201932271,124.942520460649,153.452426668803,144.883383459611,158.113480225765,186.891413077152,181.234380472357
"mtsunapeeNH_100km_shp","shp","rcp85","HadGEM2-CC365",2060,183.665430307485,45.2047111031831,189.151627544056,218.665962489735,226.603545090646,234.423777079727,240.532824320938,220.901074275392,161.474486341765,143.04801114747,110.448242386327,100.325436290394,117.253741203077,179.649325311834,204.381847598914,204.095904922485,209.373645120101,217.926156449751,231.848084989606,214.875388695688,199.048649585608,244.052958105839,234.257325889125,152.851832696163,143.930564256148,167.113072154883,115.96336480343,147.455842690901,162.19152454723,169.153225056041,168.553371012139,154.754290584217
"mtsunapeeNH_100km_shp","shp","rcp45","HadGEM2-ES365",1970,98.1431776466755,44.1254923071986,63.5739989656391,72.0156998062134,75.2812617689191,94.5635453646111,101.910809099602,117.648582387982,115.226671107899,154.445608601426,124.653723275156,121.44303447261,150.342263880643,140.881703389486,103.940991682573,106.265794396834,93.4977886026556,67.2544646430738,82.3085557348078,64.116504909631,72.7466477261168,80.4616174443563,57.5579913861824,51.9212823705962,62.7330142813018,65.3558693695068,94.6960390749845,105.805628647082,112.810662668402,128.341684636203,108.08301205953,90.2320556420991
"mtsunapeeNH_100km_shp","shp","rcp45","HadGEM2-ES365",2000,115.028271959093,44.1254923071986,88.8713918316003,84.8384210632787,78.4166332267992,86.9103920040709,76.6359070737434,86.9767947549531,86.1755254525849,70.4513309767752,89.0597055793531,88.7509353799531,126.447693901062,154.993339818319,158.397994010232,181.99947176731,184.518693855748,157.046059085962,141.5668271741,150.984279890349,103.8774789001,138.124756183046,124.46066799973,103.082370634368,102.058769362479,131.440648491599,103.671729408033,117.785717994228,123.530800384753,129.860624287923,147.710581363331,146.496434983918
"mtsunapeeNH_100km_shp","shp","rcp45","HadGEM2-ES365",2030,154.30691820607,44.1254923071986,127.770246546196,184.592985931165,178.761127756292,146.48633831371,144.653289695509,169.107899469318,139.72370529984,133.581092649518,166.59866058812,187.422203661601,219.697157036752,188.708847389221,204.633459115462,162.24139191483,158.566627901251,129.153564138701,119.424619675839,117.837756775365,120.850471860712,106.271328226725,86.166292811307,130.409281880928,124.967257793311,157.706610285441,189.126881527756,204.107476162766,172.460129174897,166.060815146475,119.006328536525,125.252715077256
"mtsunapeeNH_100km_shp","shp","rcp45","HadGEM2-ES365",2060,126.710353103599,44.1254923071986,102.705628376585,109.879143131141,126.566364895214,174.915055686488,141.801114839496,138.510950484998,124.145236513542,113.079689477863,77.9791259441954,89.8580930432406,126.649326712868,122.341894767068,124.925036259276,120.945561077234,112.258358608593,91.8470299553149,101.173933052294,93.2073005849665,116.654614561832,108.896432327502,150.006658506682,174.170070378853,177.600482426268,146.049493501837,166.869803939588,116.839031004472,128.246635513306,124.883244978009,123.854860690724,105.381731102683
"mtsunapeeNH_100km_shp","shp","rcp85","HadGEM2-ES365",1970,85.5328573404177,46.2410475456373,53.1955828360355,62.0225054261179,64.1804790774259,82.6595765246767,91.5194773934104,108.255256205472,104.489385123975,142.197585007639,112.342562065125,107.146390821284,133.16999786377,124.44806854248,88.2533955961285,90.1029079206062,79.7566850222963,51.9015520130504,65.9251386919889,50.8945266399962,59.6740907634388,66.2834376329364,48.3486333349979,44.8954120277636,53.2185784923669,55.0359832786791,84.7263994066643,94.6011232537934,99.8643080809622,114.45257922895,96.5731280367302,79.8287927049579
"mtsunapeeNH_100km_shp","shp","rcp85","HadGEM2-ES365",2000,121.064736956201,46.2410475456373,78.7586414348718,72.6499368424849,67.0287658090302,75.00521120476,63.3508050109401,73.3226345686479,73.9520288259333,60.4748681998975,79.7800616824988,80.332079259699,116.318410406402,143.862913658836,145.255948421594,165.956974864151,172.356113171433,136.633869669365,114.78715074597,154.857026983319,127.716738335581,153.115641780044,229.926502565326,214.16726370378,190.567127401179,193.687358720953,190.174105245417,111.080121584806,127.681392609567,108.204684922189,81.973510536425,57.0500714666193
"mtsunapeeNH_100km_shp","shp","rcp85","HadGEM2-ES365",2030,156.094509025535,46.2410475456373,58.0297577181729,46.0245276040742,65.4438817700473,87.548435941754,89.5666181032585,85.5078310498324,77.496990998008,55.9211256235296,79.0565376651648,82.9432675147779,81.152817996632,152.017656256936,254.459487815626,226.173079284899,242.157694275596,233.617710002552,202.199805080529,114.382997352138,101.359099984602,83.0553300291119,272.538936493614,281.248457409252,310.71387438225,355.832921424635,357.799373278762,188.670456141848,172.639281520266,135.645687209621,145.778842905218,141.62096416011
"mtsunapeeNH_100km_shp","shp","rcp85","HadGEM2-ES365",2060,153.309819958427,46.2410475456373,121.163333097516,127.682610247063,161.360768433773,175.870224771211,186.074994853627,207.219075386741,224.967496841893,292.236945255164,232.774476617755,223.130159730622,219.381776517232,212.179607563597,121.006112120657,146.293409419204,136.639264815359,128.053359484817,90.1995204729022,84.3572185389201,74.0333553869074,112.117961772572,129.476580457976,151.095643726696,159.523315890919,130.575702926173,94.1599252700806,83.6014669395216,83.5383076315215,101.374559511127,126.207248881947,137.083877231714
"mtsunapeeNH_100km_shp","shp","rcp45","IPSL-CM5A-LR",1970,124.985359887788,42.1489221696199,114.691088394396,132.065613179062,167.110811908606,146.048828168927,154.916150464145,194.76223710378,183.553741031994,164.415302893899,145.076615901138,191.449888648987,174.455381608443,158.414391627456,130.816012865702,156.165447909037,116.598045987216,105.149287496625,107.703361668442,114.445624447447,87.8240851731734,75.1300566286029,77.7562183472604,71.5350577279293,69.6738430242827,58.7823926197399,62.2089393465447,71.950845228253,94.2805605489557,103.45056418679,116.442250261018,118.445145137671
"mtsunapeeNH_100km_shp","shp","rcp45","IPSL-CM5A-LR",2000,104.592833165641,42.1489221696199,82.380442833178,91.8067522939046,93.0835537083944,107.481328371221,110.159513152151,127.611461494908,135.706605745951,128.312247628877,125.86069103241,136.738928281611,141.823754131433,121.569870229779,110.673890333465,89.654006134958,82.3849221801758,74.3113400950576,79.3608304815581,113.027266490821,123.221226676016,113.019036201708,114.08133206801,111.154261365948,88.743188978253,85.2389544157548,83.3222548999208,100.833388179432,90.7201862577959,93.7168518540354,97.3909109034683,91.7356601611051
"mtsunapeeNH_100km_shp","shp","rcp45","IPSL-CM5A-LR",2030,130.713998541398,42.1489221696199,69.8872937832457,73.7734338691018,100.368999060429,125.481173692183,128.096643325343,167.820793926355,160.277724663706,118.628473375494,118.69032281471,153.236094576518,127.314085057576,157.380503764297,178.087561052496,166.755978516087,140.86275049961,122.164826023217,81.7918823843291,83.4965494121205,77.9276733225042,84.7127427788937,102.780427817142,128.119590886434,163.131251151345,168.259133123918,176.061604407339,166.416631099817,189.163551373337,140.571157196507,138.167787050189,111.440199411566
"mtsunapeeNH_100km_shp","shp","rcp45","IPSL-CM5A-LR",2060,150.160789764481,42.1489221696199,166.433204204675,122.057878276941,121.230242118835,147.623327747692,157.39315202424,101.974049408653,144.621621489091,151.6234367544,115.31568291982,119.107654022448,135.212233294863,146.34098673387,135.16757398432,177.077007020893,179.187537653374,149.287639760104,107.317315905022,130.836957188231,114.556403373949,126.135342712402,164.572610791524,150.066588948568,154.581915979096,170.477986668673,165.011881614454,168.761146605521,219.095821623369,207.524612562006,169.620914215319,158.884409801599
"mtsunapeeNH_100km_shp","shp","rcp85","IPSL-CM5A-LR",1970,127.051425338514,41.8541455855938,116.931016715079,134.903355413495,170.024771152843,148.835515351729,157.715790147492,197.459837881146,185.500637393142,166.693525187174,147.08761130593,193.766440240109,176.772101749073,160.896611010234,132.623574341283,158.431338779565,118.723730045665,107.338654394439,109.918224858371,116.902053720879,90.0001895026005,77.1535699659405,79.1178470449737,73.0109578392722,70.8826044186679,59.8385771861221,63.163257078691,73.312691747492,95.8210701855746,105.182023210237,118.237449550051,120.762267717304
"mtsunapeeNH_100km_shp","shp","rcp85","IPSL-CM5A-LR",2000,105.671083448198,41.8541455855938,84.4299407323201,93.8941617699825,95.3233751412594,110.077280268814,112.436972972985,130.283619259921,138.417152622107,131.099324909557,128.457049007994,139.386501923763,144.42044492895,124.128069238374,113.142884497209,91.8557270050049,86.5103804825292,66.6437551163182,76.2337090417111,90.4866440616954,107.966186991605,106.933072263544,119.111484195825,104.693694790927,105.982631696065,82.5387130517671,84.3153423632997,126.452354924751,109.562182841445,97.9916403834025,155.785123316447,153.940251153888
"mtsunapeeNH_100km_shp","shp","rcp85","IPSL-CM5A-LR",2030,125.426743568266,41.8541455855938,104.640865398754,117.180750361356,140.592550110094,93.5232582196322,102.956791417671,98.1028646168564,113.081732321075,88.5210931327126,108.871380387509,95.4163303236528,117.636741806955,99.1077532485037,124.298004244024,148.336278508504,167.006729056618,169.58821910049,167.372327575684,153.147129970897,118.170615266742,104.463570230657,117.430095162825,121.161326295101,160.268824353074,155.729043888901,147.468555981029,113.722210033301,104.696325974898,85.7328595987956,80.5531037567601,101.192064360416
"mtsunapeeNH_100km_shp","shp","rcp85","IPSL-CM5A-LR",2060,141.723785478226,41.8541455855938,115.484673782117,150.75613918998,159.543535329645,176.199453521497,177.050029086489,231.605155044324,203.45132628123,176.156739656853,155.601440109484,138.342535428134,89.7573348432599,88.9782248918938,101.820871249112,96.3599421645656,93.4013543204105,87.9098012588963,143.550626144409,138.832384544141,183.79756155881,176.025922007705,175.937531525583,154.581491671476,143.527443060441,126.791645265059,156.033523145733,158.166108236602,136.077244162126,130.461739029162,150.36244020173,141.17698194446
"mtsunapeeNH_100km_shp","shp","rcp45","IPSL-CM5A-MR",1970,85.5170519358702,45.8254778827359,66.1516463297064,52.6625408195727,68.7601933196097,78.5982562475493,74.3867203706684,93.0944199614091,102.164346434853,89.096059700937,107.285101142652,151.914209314982,131.158386744875,114.444391960375,90.3154280460242,63.093782006466,40.2357603870739,60.7562828168002,61.6790993846546,61.1133096140081,89.8032142858794,85.6791395534169,88.3111246502038,93.6833494810625,122.596836057721,103.399881997542,85.2217218907674,95.7561144279711,104.578243309946,81.2204848769217,86.0810975450458,115.702976883397
"mtsunapeeNH_100km_shp","shp","rcp45","IPSL-CM5A-MR",2000,114.62626211571,45.8254778827359,91.6763181790439,87.992823529099,89.8961451894587,91.9503639776056,75.9516636807991,76.5185043543035,71.9224994231715,82.0400750755541,80.0767108131177,95.746726809415,115.554848621253,127.8943852546,143.660443633108,136.87139732592,122.751083694227,127.423659787034,112.276297743826,105.48593505975,105.163764082013,139.61462013129,122.306256882639,119.545995423288,118.677937231353,136.384573689085,106.323009371902,127.562167719061,151.330691478614,147.997036505034,124.931791233872,111.309743712454
"mtsunapeeNH_100km_shp","shp","rcp45","IPSL-CM5A-MR",2030,89.5052958640667,45.8254778827359,77.5410701404918,90.8702060468269,68.5916135290897,87.3662623584632,96.7791493259777,108.883201355212,82.5314827115608,118.676662584941,113.823608118693,106.390032646873,98.59525145444,121.217195605654,95.8167218167854,120.463999606046,128.01970116124,129.695510266622,96.4822035668113,95.7717613486088,59.099399023345,57.3942622259891,48.4675111863107,65.4837921015422,79.4669797527429,82.3463824798122,86.0989811209476,101.943262333725,78.2636851732659,78.7080361522328,90.7580345743353,88.7085133523652
"mtsunapeeNH_100km_shp","shp","rcp45","IPSL-CM5A-MR",2060,103.013708806279,45.8254778827359,100.632285565463,117.065541757526,93.4511293723367,78.15260463599,81.9692393678607,76.0151528838187,71.8540363751036,71.8709695411451,102.933623956622,103.018475674716,119.648145890669,118.48392762502,121.64603588451,80.2686561491995,76.2227132357973,54.7437851218021,67.9748980944084,63.2940069857511,64.3695804122,83.1820537301266,107.896951268514,101.342047684409,124.908991984743,148.18521366813,115.476987473459,117.21299616727,140.080004392682,142.911119069186,144.400373316678,181.134380265438
"mtsunapeeNH_100km_shp","shp","rcp85","IPSL-CM5A-MR",1970,105.609409569442,42.5782423933732,88.0185082984693,71.2547350161003,89.4900497505882,102.855322633223,95.6889482186057,115.583820449367,131.040407424696,115.647701340878,138.805890146891,190.688819714171,166.493346735636,144.405547166304,113.941809746713,77.4780407229337,49.2455755927346,70.2451180255774,71.6718461736043,73.8891408746893,104.672454719543,98.6526874380401,102.082904809894,108.822631593184,141.856276128364,122.996127567869,105.712022323608,120.817784729004,126.608362827879,98.8314795754172,105.888406508475,135.833650682623
"mtsunapeeNH_100km_shp","shp","rcp85","IPSL-CM5A-MR",2000,109.174287491423,42.5782423933732,111.523627495043,114.561516706293,116.338124886715,117.471245677832,101.14705168753,95.9541466117628,88.278676777464,98.4137403407241,93.3017853707978,112.226987231861,135.277082208576,150.067339160804,167.817896525065,164.617355131669,160.359455833435,144.63174066717,125.510354032805,136.32890854691,119.754565522165,103.649480378122,98.5563838357636,94.9272092807654,56.6705441006747,71.8013367346561,70.9808618198742,63.3807318808816,68.4282056080211,79.4765105484471,64.0551338080204,55.1307397472497
"mtsunapeeNH_100km_shp","shp","rcp85","IPSL-CM5A-MR",2030,134.081188355456,42.5782423933732,73.5989122379187,79.0759162925951,86.6203865490538,130.442015468713,178.320087250218,184.156343180339,210.242579499447,192.571394734238,146.068879276622,99.243130682743,87.779288891879,51.6090874492761,59.2198792659875,59.4391720627293,59.0924366448142,88.1969946867047,133.654448676832,129.29854280414,140.095405815587,151.235861827966,144.547431384,137.833637165879,133.612354251977,161.874590209036,169.963766018261,192.123344199441,166.97904302886,203.164572527336,191.627525015166,207.940476915764
"mtsunapeeNH_100km_shp","shp","rcp85","IPSL-CM5A-MR",2060,154.721825444578,42.5782423933732,171.788849401763,175.0548386857,147.377094452598,135.821648130706,146.717927417177,127.913259916595,127.214362416123,125.504723714193,129.976092639114,82.3008684065848,86.9242652997104,63.7898549409346,94.7220098819155,99.3938276464289,135.804672859654,188.027727955905,195.883218173403,162.712665104722,167.384735186028,191.033300176678,149.754238977143,194.842134524259,216.692702770811,214.493040114894,206.644324303829,199.379954787746,175.673089006597,181.321756743229,185.764399347016,140.663658536275
"mtsunapeeNH_100km_shp","shp","rcp45","IPSL-CM5B-LR",1970,108.586971176995,41.4705865111804,135.944270901536,132.850312406367,157.168848895449,144.764395932284,144.402889536077,124.332615588795,131.396967255563,80.8902832354921,69.4915061222423,82.8050727659283,93.9978640065049,84.544526312857,124.276735534668,137.454602834528,140.252394223069,129.345795061516,138.976463002292,106.13694556034,86.6325624246308,63.7654753112793,73.4789949000966,57.93695141879,53.2667970368356,61.9136033491655,66.4866170305194,86.9836682695331,81.3302570932562,129.782216799187,131.871690448414,146.964458918716
"mtsunapeeNH_100km_shp","shp","rcp45","IPSL-CM5B-LR",2000,106.930735011245,41.4705865111804,117.652290933782,140.383464565855,111.285975753322,142.861179133329,122.526799056313,125.482210895654,115.993479094072,114.098427028078,89.8265841351133,119.980178112839,138.415341102138,116.983137081031,130.65202990214,142.116287157463,131.520643838825,105.299181557858,112.169632082852,106.302605225534,88.0037793165265,67.662167894768,89.7682520987771,98.567414561185,94.52801546039,82.148939147718,104.488088432081,93.4771292923436,89.5904218754624,84.7173566980073,95.1250847174905,81.1331612338442
"mtsunapeeNH_100km_shp","shp","rcp45","IPSL-CM5B-LR",2030,124.575897083475,41.4705865111804,95.7443446153583,87.4869002070571,85.4063416428999,72.1909847814386,106.620494685318,87.3325165280429,103.658206826412,125.127605301828,131.733765825214,121.366264402216,124.254918648691,131.736468162537,119.269587356105,119.895717530684,106.564122401151,120.869818389199,131.97174348889,124.143040120674,142.850059970509,134.761583947846,117.1859611176,122.011920449228,113.371167610631,131.461259986415,174.342652911562,189.755378439932,166.62522560004,180.137640468713,162.538631038088,131.208657816107
"mtsunapeeNH_100km_shp","shp","rcp45","IPSL-CM5B-LR",2060,158.778176970434,41.4705865111804,117.22084891117,104.345721731475,142.822162498705,133.526897365686,134.055435714722,171.836539795615,197.382488185998,144.910619475625,138.752386753198,126.265076696222,129.64961270419,104.202952686657,126.994706961892,161.892109776121,164.984876283588,170.38624384909,172.611328046394,181.116516110969,143.498946640708,165.169563647184,115.28746925932,137.493290349787,152.572969199672,193.740218111674,176.826386318785,240.964433189161,226.548367590471,204.252087575739,190.052812928864,184.790456075957
"mtsunapeeNH_100km_shp","shp","rcp85","IPSL-CM5B-LR",1970,95.9816430292226,43.3414025336911,122.003171583233,122.656714171207,145.648999572523,131.281598400925,129.356078688882,111.258602340005,116.766179104429,68.3711259980635,57.9945772217259,70.7733640046553,80.0493887167266,70.9617326343421,106.928829818494,119.731031190121,124.588883261247,114.133528909394,124.210882062045,94.9160357457941,77.6972671161998,55.3956875240441,66.7342547734578,50.8930181433938,46.2497032581676,54.5624381417939,57.879401882056,75.1667693791245,69.8078078056104,113.775163782293,113.756251598705,128.736359758088
"mtsunapeeNH_100km_shp","shp","rcp85","IPSL-CM5B-LR",2000,109.590598445468,43.3414025336911,103.331929727034,126.681049007069,100.305464912183,131.775777231852,111.926671757554,113.005190975305,104.274849466266,100.843596368269,77.998879886974,105.951465041421,122.990008008552,101.109137788252,114.887280265346,125.365775938323,108.048968888485,85.2766713159735,114.92764884024,108.054058452953,86.717594908512,100.513136147008,101.267575062838,87.2726018443252,88.3722361108028,93.2152819720182,107.494913311583,113.018000417767,134.754965226144,145.080954563256,130.976136516224,121.646817829248
"mtsunapeeNH_100km_shp","shp","rcp85","IPSL-CM5B-LR",2030,108.856967465757,43.3414025336911,128.970216961485,110.78460074916,93.5294776165124,113.801282228412,94.8288808360244,113.200866118922,108.794035306988,121.793869201198,114.176162597194,118.429430152431,119.52250051903,118.509855661103,102.79740626364,97.6622933647849,93.993475707083,75.5277967048414,73.5482721860481,90.2411224249637,152.167659179225,153.221114632578,159.739507505243,158.012930441192,135.958172864047,78.0034182681459,85.7588819099195,79.1177599126642,75.4676579747055,108.821756424181,123.423113185998,131.38026658954
"mtsunapeeNH_100km_shp","shp","rcp85","IPSL-CM5B-LR",2060,138.346720986222,43.3414025336911,137.442347873341,172.652790500756,157.964793375189,146.29304048018,117.961366917003,123.384511448253,109.810210281141,109.089175891298,123.855958650762,135.671113199176,124.697223169731,128.35776599306,120.892057713595,108.800799783649,109.595901595607,142.731370084358,115.67292204539,147.61725442713,153.359434679205,160.835205212217,141.255307899244,143.846451362841,157.958925100384,168.294493869435,172.059932424372,165.689781718399,177.202615091728,136.558119409735,154.294165085301,145.787324965506
"mtsunapeeNH_100km_shp","shp","rcp45","MIROC-ESM-CHEM",1970,104.036454201323,43.0155192217711,127.02627480478,118.377823871266,121.318622119788,146.446087393327,154.743583800576,128.623282241821,130.757782985803,118.498912980051,104.126552802577,80.1701006548332,99.1943885444872,101.647847114332,87.0748183614557,67.3773599798029,68.4615416578813,65.9557400859486,55.1668060348973,64.9040556751598,69.9973103413437,90.8774708753644,82.7402512452097,84.8083537292481,67.929896697998,109.739978480484,132.780683208812,153.390306395328,163.062872847355,164.492419373483,133.485159986091,112.866330878518
"mtsunapeeNH_100km_shp","shp","rcp45","MIROC-ESM-CHEM",2000,116.366865554964,43.0155192217711,111.707151906563,92.3413101612438,90.0900586896954,72.3695192764745,68.0168820490982,54.0586084516121,59.7475454388243,81.8526510192409,93.0294644257517,79.0537043253581,85.7210244357947,110.048081903169,110.135796968865,131.717586466471,187.024670532689,177.785835671858,202.121112173832,183.44018712824,160.056362641074,119.89408617193,127.396156313347,104.405594268568,114.079253171285,109.876040559248,94.6469506963094,123.584370806145,122.658418262366,118.603246352456,123.28365470655,114.911406647653
"mtsunapeeNH_100km_shp","shp","rcp45","MIROC-ESM-CHEM",2030,150.241537254025,43.0155192217711,99.7476897673173,97.1453427898523,127.143392190644,148.280038815123,188.744047990279,172.314219821583,175.981399074901,153.444087029659,143.260886379589,131.635576206554,134.468979970759,135.021575074629,136.850192041108,171.87162612915,152.441419662707,142.872632653207,154.021888863535,195.63282565955,158.915576229673,197.935687780669,192.839912402991,176.566880078171,128.524430876067,140.503618056557,149.252345489733,155.377192009435,146.420301498644,159.854295727123,153.392737630208,127.712312724952
"mtsunapeeNH_100km_shp","shp","rcp45","MIROC-ESM-CHEM",2060,175.335040152771,43.0155192217711,169.381756893505,152.770665777958,141.85838498549,169.261104358326,172.856352447741,150.822022418398,161.496235609344,216.722031113596,190.858634318727,174.011255144061,186.260237025637,221.232521084872,172.195802651608,210.387574139219,229.835514205008,199.550634577202,174.650122937289,167.967243986419,146.86354004831,119.665776798364,170.127954289985,194.159137673811,232.669662144979,215.011443607446,254.324560902913,201.879251213074,157.953203337698,120.597116034537,112.794471603162,88.8536016417995
"mtsunapeeNH_100km_shp","shp","rcp85","MIROC-ESM-CHEM",1970,99.700361377639,43.7175245696434,122.61064786622,115.171683831648,117.402585796009,141.373880426811,149.855226121382,124.286956939697,125.436570062348,113.268784911416,98.9484603708441,74.637185496706,93.9241146607832,96.9159929113677,83.5267248315522,64.9598519423514,65.9133025464145,62.8036342516812,52.1465797574592,62.2775158240578,66.5690413966323,86.6474491732048,78.7459936396281,80.157268631675,62.5826420258031,104.432745256135,127.196656842087,147.057307219072,157.097110113664,159.143914876996,127.795863960728,108.347083928657
"mtsunapeeNH_100km_shp","shp","rcp85","MIROC-ESM-CHEM",2000,117.126350563319,43.7175245696434,107.714297259938,89.0318539948897,86.8597069965709,70.3335062581843,65.2582215731072,51.3514901086056,56.9086819689202,78.7505657912746,89.2051127381758,75.8867571015791,82.5283144644535,105.633770696467,105.591228898944,126.068585126472,139.816621292577,151.335177685131,144.591428505869,144.899150809086,134.367849109534,153.989950413559,146.875870834119,133.94309389519,144.975803837632,162.297458078789,158.260297268954,160.67120758519,161.531280377706,141.681647046407,151.644075919643,121.446996811375
"mtsunapeeNH_100km_shp","shp","rcp85","MIROC-ESM-CHEM",2030,144.156317159287,43.7175245696434,97.0365620318326,110.092658097238,117.588603765314,76.875211539991,109.559483695753,143.059654988376,147.158712055322,138.545510750973,164.804891801314,160.102033305313,149.232399761316,160.984331780636,167.929726775198,169.454831785722,178.810783892545,179.558250704679,172.184507441665,183.605761055224,152.727331099077,147.472441883665,135.615655512954,150.454002396555,127.612320127776,125.807451898979,125.462896236073,133.634945811647,93.952112903017,129.655980481234,131.835017955664,109.233063384547
"mtsunapeeNH_100km_shp","shp","rcp85","MIROC-ESM-CHEM",2060,177.032144219177,43.7175245696434,108.091646077705,148.278387760972,153.21277017998,184.345887685834,168.543528181134,173.729585466096,161.227007498308,127.15180897337,99.6416160664414,162.007504643527,167.348144708113,153.397535292886,168.787750304251,163.237981363932,126.327493887237,123.83327746767,136.423851743756,117.198235449357,146.707094171697,124.123135008378,153.513861742887,190.625055736195,198.89459197998,222.77235185681,236.955114680204,267.787165929621,220.722340424278,296.947708428123,287.386050215056,294.741907874599
"mtsunapeeNH_100km_shp","shp","rcp45","MIROC-ESM",1970,98.7080206177451,43.6406757272508,125.552304503701,102.645151763685,97.7891456499967,130.888369413434,144.946454152194,169.960898828217,159.423020980141,150.320728040753,100.8528950697,69.1847361073349,58.3264834143899,36.3758122496171,43.3433101607814,58.7947952062433,57.0639501213305,47.6781142194343,88.4258260981242,84.5391897363374,88.7962719137018,118.612937748071,124.307603240736,105.21958754684,118.375765658292,104.424009326588,68.2325981278853,106.184152185845,105.091115642894,97.8799844603105,104.13199197827,114.991709832856
"mtsunapeeNH_100km_shp","shp","rcp45","MIROC-ESM",2000,118.535697468074,43.6406757272508,84.9088566693393,107.85559581063,95.71750757622,115.676209060207,105.730292764144,102.603502729011,72.0591833715728,102.792713829965,100.506798496824,107.639980097684,110.724490755255,155.420959618308,137.289653427818,120.127635551221,142.708527858619,131.022527961731,74.4622895119407,86.9696213069107,96.8901199803208,112.495804637562,105.817237532645,121.761190336979,124.248365985986,128.712516938412,113.202804551558,131.943471992955,169.096349001798,164.196322681543,140.34150124521,140.923434731455
"mtsunapeeNH_100km_shp","shp","rcp45","MIROC-ESM",2030,122.397763864344,43.6406757272508,141.519414206996,112.72693595655,117.253172109199,134.828309611696,118.03515274279,127.561255534779,130.291784632134,114.403214986397,93.9917459406997,72.3052047047471,76.4735328026974,63.3718193458788,96.0993958594582,149.18313472401,159.88507858392,127.587182787115,128.79443969033,102.350088891694,82.195553594647,70.570301657012,83.1269085785837,99.255293079723,95.1904236776179,107.618323153871,126.254041768854,200.196716444998,190.883618609111,209.090287661697,170.899374401208,181.574983943592
"mtsunapeeNH_100km_shp","shp","rcp45","MIROC-ESM",2060,137.92389789196,43.6406757272508,121.889507331848,108.6215324818,109.667783836596,162.380484557874,185.810644727765,161.348763945608,196.902980364019,196.278105056069,153.854742736816,128.060946004463,135.641166966756,109.116299358715,94.9035928714637,123.833328233199,127.926704824043,190.49504189,219.196171463475,201.92236141436,165.364954942645,141.280498500015,67.9871089842825,70.8139299797289,75.0521539225723,135.762448379054,136.792732127797,152.839218207851,122.67486224319,149.719390250697,81.1012094844471,109.904505056901
"mtsunapeeNH_100km_shp","shp","rcp85","MIROC-ESM",1970,110.22024560466,42.0114503227995,136.849990791552,113.034791690942,109.643288863211,146.080073261839,159.91893326846,188.243016130852,177.715061645508,166.032349278999,111.150557536501,80.0289109860044,68.1017447119048,43.7138551099373,50.4474721966368,68.3236619440714,66.0735990119703,54.7578182035504,98.1387601771499,94.3163326876091,98.4069555074518,130.167704468929,137.226253266768,117.33620143428,131.084650891622,117.208397171714,79.7328455780492,117.305395120563,116.261476165309,109.79737970988,114.93553594069,124.227179928404
"mtsunapeeNH_100km_shp","shp","rcp85","MIROC-ESM",2000,106.28549585169,42.0114503227995,93.7170405832926,116.521625652891,101.632095632842,121.732907409668,113.081909402789,109.737367047397,79.0782850092108,113.062173561327,113.90638077707,122.656811439052,126.815199022004,173.959253832499,155.175214924668,135.363463112802,153.627630593271,155.416696080295,113.482823701338,105.059621624802,130.817260502902,100.159649695194,90.3907503717596,97.6386242409908,91.7680410997795,57.6024706418587,52.2884402997566,48.8544275168217,43.7231408749205,71.0158282667218,89.6513861280499,118.954877876513
"mtsunapeeNH_100km_shp","shp","rcp85","MIROC-ESM",2030,143.051554885826,42.0114503227995,138.222508643179,143.567036795183,152.917716306051,155.664305434949,156.191690718911,168.512047137636,157.199139633179,131.0398348317,154.815440479625,181.96507001241,175.272229348385,175.039613678672,183.926574340589,174.537734773809,159.332144348838,140.845339801673,150.503173747207,161.119047289762,156.412716977669,126.011025364038,130.77814454859,120.86639444987,111.583326752403,105.820128533334,108.79926336693,110.317553493615,102.426327801329,117.72282979445,145.4878540802,131.686299883525
"mtsunapeeNH_100km_shp","shp","rcp85","MIROC-ESM",2060,186.55454624388,42.0114503227995,142.611686699607,174.785204713995,187.161147807728,163.535550930139,208.704026825645,192.947842048876,199.337832962961,182.818869825421,175.346123474583,177.225790009932,208.043956058387,163.508013153076,168.911050313314,157.734428811507,167.506554756165,139.911919955629,141.378980748726,187.126131305117,208.025138661934,176.875983048641,195.113242907669,224.736861388467,201.603347299749,209.403898478421,238.232069519505,227.769800895922,223.716594975789,191.706730911948,170.763068159855,140.638053107984
"mtsunapeeNH_100km_shp","shp","rcp45","MIROC5",1970,115.959570412877,42.2893343939858,86.7608855068322,119.454813558405,135.548881423257,135.743055666143,140.675525751981,100.899943224589,80.4072681669755,86.5161715143377,82.0372877860792,69.6208793582338,82.9527877946333,120.797122355374,113.538033599854,119.874963600852,153.053596478087,143.808808399547,114.638338349082,145.232560021372,154.68595080289,126.049518958583,134.512753928213,134.733651652481,101.807504896684,66.7952439313946,93.0809432208899,97.2899432488644,82.9809870968443,113.114271021756,123.505786333951,113.298596018011
"mtsunapeeNH_100km_shp","shp","rcp45","MIROC5",2000,114.491642992039,42.2893343939858,124.007680649035,131.133597373962,120.93086457108,119.664109739824,118.61201187365,107.523339496959,102.39524439725,102.611615807504,102.3722546248,88.7708930206299,87.1678720139012,102.121158818332,78.2652389237375,89.7358023880467,85.0460627133918,94.9577150691639,100.682407831134,106.529753175215,108.261587820342,131.857485561949,133.870886117184,125.036070400585,126.540358233596,167.914385364417,143.971401192636,134.154733593103,148.136422326059,152.0720272411,135.515865513195,197.773482715722
"mtsunapeeNH_100km_shp","shp","rcp45","MIROC5",2030,176.980778037948,42.2893343939858,179.089976625154,181.140169196851,165.985405632944,153.859348767598,122.847408540899,143.921793509975,144.896511480158,164.12770080104,158.963587458061,138.335554693973,156.614942661632,158.533213297526,173.463795444604,151.534955728704,181.882785323172,183.736500478802,198.196929663456,174.679096280878,261.40199990128,240.167633531744,240.954629776695,196.784170957623,253.12547960108,199.003741105976,193.394349562905,185.440452972181,183.581908755447,130.503190467141,112.493905546015,135.865289018804
"mtsunapeeNH_100km_shp","shp","rcp45","MIROC5",2060,155.888552107763,42.2893343939858,123.198838044369,129.312748189984,155.018037041173,205.765500779585,188.146299177228,187.561354348154,201.007725885565,172.639996944774,114.46979109793,124.457155687737,127.260145686756,137.726414687417,154.91011645924,186.218280639648,172.815854642463,189.403396918557,183.95599477479,170.392398283987,178.6603365534,196.071508479263,186.155673290599,175.070463627902,173.821943462256,130.118829218547,108.259851815195,95.1695813658743,87.75963633335,108.548820455147,109.841530095881,110.504193904761
"mtsunapeeNH_100km_shp","shp","rcp85","MIROC5",1970,112.418548503259,42.7972447981555,83.65409940893,114.787959145055,130.379176946698,130.650478929462,135.441314268401,96.3228742761323,76.9520218080463,83.2027777677594,79.1621506673639,67.7000683709347,81.0318329030817,117.922611575271,110.329566037727,116.163874627316,148.284893732938,139.207301041574,111.235629388058,142.099266909975,151.875300747265,124.205627978932,132.140508230961,131.999834580855,98.945001559402,64.1129785792033,90.2439553208785,94.5430152962425,80.1833636879199,109.555501797994,119.972525212837,109.739695663452
"mtsunapeeNH_100km_shp","shp","rcp85","MIROC5",2000,113.319208406583,42.7972447981555,120.087988278938,127.122557222771,117.036956054225,115.525779720653,113.893855003588,102.702416636149,97.9357649982337,99.3762550908869,99.1364256147905,86.5149819969408,85.376027358084,98.9886290371057,74.5525439349088,85.95866125627,98.0127781711925,108.563373499784,128.837988307837,124.133561892654,121.717943631952,132.541285275546,134.394165399725,124.244533156193,139.453336163145,163.892260364186,140.39974994197,132.381242437652,141.715685171647,125.362597303679,103.227930718624,110.036094574206
"mtsunapeeNH_100km_shp","shp","rcp85","MIROC5",2030,175.178221620695,42.7972447981555,131.640742459153,121.659551795035,185.334346476468,172.044833689603,172.952952694748,161.225331482165,152.327076465722,116.233724060059,141.945366429416,166.323922078682,180.058299286582,202.935673451279,208.021989791177,175.339388468193,181.75097322753,186.397078516411,212.968502053925,215.585602155743,219.455259721929,191.982522334475,163.942836144187,143.558683589589,154.218393983552,182.367778063687,201.933764833393,237.501447794365,194.990305284442,171.675273257169,158.896959667784,155.824214545741
"mtsunapeeNH_100km_shp","shp","rcp85","MIROC5",2060,180.76402798277,42.7972447981555,137.65387654738,140.42064786044,149.007050009063,189.34236498746,171.302009213765,204.178702819131,218.304068802342,223.564653159633,194.70500347253,184.244011183074,145.630694655216,190.357302042643,182.209775134,210.295845281428,254.027546930024,240.37396536856,173.53636829723,177.231687642878,156.045041899248,155.243372311448,191.448085900509,195.248724669254,178.132356244868,187.678742204146,173.377101122538,162.690266775651,175.412931534738,174.438645706177,156.487779698227,141.600874895038
"mtsunapeeNH_100km_shp","shp","rcp45","MRI-CGCM3",1970,103.303360599556,43.9813042381248,61.3958789097179,93.3459634653727,97.8570062463934,112.906572865573,133.491433632591,142.45813755729,92.3957738078724,95.6881753459121,86.9119344688184,64.2809930674235,105.818387170271,134.52881906336,143.769998336561,136.500424255602,132.074402786024,97.2657145702478,95.9430630019217,80.9710575346513,96.2234045837865,100.868543374033,98.785284315167,84.5057941587043,131.961102628997,125.719094898339,124.777211459767,112.215097525626,112.757969391563,69.5728235048236,61.6336020232692,81.6476573007757
"mtsunapeeNH_100km_shp","shp","rcp45","MRI-CGCM3",2000,121.042615636768,43.9813042381248,115.96933690389,142.875431980942,132.233339303913,141.362332478148,117.218705542593,80.7833669003573,55.7357639925408,77.2995505119093,83.677498921481,119.721094960299,123.048535900694,111.344474653764,116.365555808327,115.996434666027,94.487147026062,105.847531442353,131.370202876004,114.662407216159,125.972472906402,122.239698003133,147.323298888929,165.380262436144,194.660445628311,160.457433035879,143.189123513193,139.210495082971,134.802575596896,91.0343953519879,110.50366549174,139.014746062539
"mtsunapeeNH_100km_shp","shp","rcp45","MRI-CGCM3",2030,123.445511656674,43.9813042381248,102.765291198962,81.445083173116,113.671884366816,137.940766720627,113.426714223226,141.784742942579,130.763208632036,129.73771452817,84.522220734105,115.652301175667,99.8937338453351,105.623421539538,97.3629318549416,101.132173852632,100.944995971448,99.5830752239805,98.0283097712199,131.369546842864,177.390241528135,167.888260510763,211.867534079118,220.86613771034,189.369925570632,161.010680618286,152.493175484628,102.974802447232,90.8870549982244,79.1610667766224,68.6368659707272,124.058240527529
"mtsunapeeNH_100km_shp","shp","rcp45","MRI-CGCM3",2060,114.778336706065,43.9813042381248,120.083550086744,114.992447677381,129.387665849165,117.391962987726,52.3128713827422,81.4956550343831,102.523475570679,88.8665189095699,120.617004576018,131.72539796887,104.461543384899,91.209403554743,93.6829171117147,70.4026659439549,80.7047579909816,103.712806388393,114.690222247731,115.701735550852,126.849444761565,118.795804244533,120.142840432832,97.4047091801961,106.203865561052,115.795335504936,126.132551825552,130.320864738696,142.099968446674,154.827317254038,156.250457431909,141.819470129302
"mtsunapeeNH_100km_shp","shp","rcp85","MRI-CGCM3",1970,111.373617295159,42.7261801692616,67.7398824922966,100.489970864961,105.681999718637,119.500217073614,142.487680201675,152.362396035628,101.366396925955,104.803527087587,95.8534844103726,71.0714381108139,113.146039809025,142.63263900988,152.689426042961,144.461157467004,139.627421173327,105.254979438782,104.131613834266,88.4118169148763,105.7782258421,109.685899390018,107.376786911704,92.1911042277018,139.277132892031,133.259815718911,132.660307917739,119.03532005888,119.169466722662,77.3778011148626,67.1396165154197,87.969568940365
"mtsunapeeNH_100km_shp","shp","rcp85","MRI-CGCM3",2000,115.555534698987,42.7261801692616,123.851971315326,153.33296386372,141.139704362118,150.989258204373,127.028690972762,88.7682838520859,61.4087955463294,84.1936639554573,94.501375095483,131.197660144459,136.335739289486,125.002728762771,130.178771675572,126.16857646133,84.664993724245,109.662273979187,113.783108008414,128.175777058457,120.997704837683,125.733342149908,109.010505624251,126.524806043451,113.122579876293,105.593837921836,104.872462412516,103.565476286917,93.5514084613684,96.5227112660263,84.5205094678474,103.395684206414
"mtsunapeeNH_100km_shp","shp","rcp85","MRI-CGCM3",2030,111.139481373989,42.7261801692616,103.846814013394,142.120435800263,137.80377139236,149.783670705159,165.654975044944,188.363852365667,142.424472244725,113.195526271011,116.915881975347,92.3264968583078,79.5209977456295,68.1094129585497,88.8610433405096,75.709361225475,67.8539842686509,51.7741044454864,58.8280306879679,76.0128719202677,88.3892171385794,101.707483748234,107.365633503307,134.839400053313,119.707094012174,134.149010877898,132.281298976089,132.026050026634,112.885182393392,131.256581307613,126.693578147888,125.426232566833
"mtsunapeeNH_100km_shp","shp","rcp85","MRI-CGCM3",2060,174.332199686802,42.7261801692616,120.50139371005,184.441778016524,197.857106631886,182.829243975553,174.423169591499,195.951094593857,166.345262025775,116.158071521412,141.233768078197,151.868725053036,188.518571578517,175.418474137277,228.753508827903,205.827604822101,228.23500906164,194.327079948656,192.842838749741,172.306262102994,175.607284436081,138.115152735855,141.961471683618,149.920123180043,155.402522726348,186.324174690247,228.601720821496,212.409729822332,191.048696699431,175.515726310268,148.10066494566,136.790483196143
"mtsunapeeNH_100km_shp","shp","rcp45","NorESM1-M",1970,107.708971364956,43.2266235414543,49.5006620129672,50.5294030900435,65.8755076009577,72.8987107248017,78.6507602969083,108.289707919034,111.528313459917,127.620777261907,117.831433147084,133.336636403402,119.466505393982,131.863713732633,109.352760273327,123.426748760108,114.553375844088,118.311095148722,129.062698413964,118.135263573618,118.178362415198,109.331970715378,89.52933838931,91.1884539714004,126.099914384322,114.756892413515,108.776437357122,114.968592514269,110.940284584508,99.1696050956032,110.063718783061,96.0746066515374
"mtsunapeeNH_100km_shp","shp","rcp45","NorESM1-M",2000,109.047041408269,43.2266235414543,97.6542060828931,72.7249480068322,85.0372740404534,69.9972007023204,100.013845569726,104.656757120075,132.404826370008,108.863869132996,126.727272159692,125.66418154283,151.425272026062,125.579733379248,139.691592539007,130.932705296603,105.747771750941,62.8334240133112,57.7134349210335,50.3161054807721,42.1149645545266,76.9871528822003,109.121316780322,138.665122680664,137.90479786266,136.604015990749,155.243415611729,141.322237939546,122.494678380562,132.468609393727,142.6392459407,121.892284732009
"mtsunapeeNH_100km_shp","shp","rcp45","NorESM1-M",2030,112.749590827094,43.2266235414543,126.318620259834,127.871433683453,145.236569831155,127.928265924165,120.316287417556,94.6582222366333,95.6784871951017,90.1986910976063,123.06246939688,111.133376408201,140.025932090066,144.207829304319,107.9300448724,93.6661387137211,91.6158337413903,85.1911753151633,111.648396237691,134.064187886787,150.665563055096,163.454303731051,157.548393325806,139.260013472817,141.583516332453,112.505974760345,88.5241722835194,85.0551254862005,60.1342615948301,57.4845349421646,95.3761600355669,99.7981715832335
"mtsunapeeNH_100km_shp","shp","rcp45","NorESM1-M",2060,155.216437737629,43.2266235414543,103.535057315248,138.476032040914,159.661555180405,143.940242310726,154.83416556734,214.569931160898,240.152965638132,226.972951423183,253.634160881042,257.333202960852,196.177834063443,188.48979078235,200.47265945897,181.381583670414,197.985227809097,206.545037827925,154.250158961903,153.818696116823,140.120329743588,130.64708180861,127.108892903183,127.486738971363,86.9823752189405,67.2924145923961,96.9746211173318,75.6425609264952,84.9517067984379,103.390389027451,121.632373939283,79.8028763510964
"mtsunapeeNH_100km_shp","shp","rcp85","NorESM1-M",1970,104.31233097192,43.7235666672427,46.496305066889,47.5113414660367,62.7785472523082,70.2626949252504,75.8045406526508,104.508452462861,107.365162128102,123.339565278256,113.470851642724,129.25324611317,116.265568141359,128.781671697443,106.256979195566,120.199805214622,111.39156734351,114.661352248914,124.93941949093,114.486227327983,115.056394998955,106.789825507655,87.3963629115712,89.2917330574267,123.768390635866,112.030016278354,105.088292454806,111.082466441068,107.054349537474,95.2442761415424,106.388682868264,93.4531868871053
"mtsunapeeNH_100km_shp","shp","rcp85","NorESM1-M",2000,113.147282835835,43.7235666672427,94.9404592317523,70.3406245237408,82.5469910430908,67.3357282950661,96.2978541726777,101.296761983236,128.569981651306,105.108309965423,122.892479087367,122.067391471863,147.841949368101,122.35242760745,136.833536485614,128.140643796054,105.249098340815,134.724804033222,130.566973282785,116.250296206619,116.060864513282,135.212293029554,60.216003407565,73.4752910810528,61.6439279163245,88.1955371625496,104.218530162464,134.440786247253,162.989198428067,176.50063539794,148.037543562687,130.897350997925
"mtsunapeeNH_100km_shp","shp","rcp85","NorESM1-M",2030,151.375824501346,43.7235666672427,131.533036410014,129.838693128644,117.968719278971,144.389180533669,162.980344385089,156.600638139898,178.48837505225,199.521698934382,205.560596764304,177.170930850867,175.445295092265,132.231187433185,120.08581214558,105.116240190448,162.564574158408,167.266321846933,172.128283935316,217.642406320283,192.599298523412,141.06547816421,139.180037971265,135.096109922004,119.318216238311,127.085863409331,142.777925187313,150.152527906244,132.919416499282,133.718094090548,180.380223970124,173.921344314344
"mtsunapeeNH_100km_shp","shp","rcp85","NorESM1-M",2060,158.004641405934,43.7235666672427,168.139690766768,217.264953317353,239.703745047829,190.46736856634,196.89288489255,189.768624603965,165.977070830374,128.817792906328,155.059466078787,153.233296267192,133.109458738385,116.171856344974,113.872780218413,99.1701900054469,97.9397955981168,113.304331784104,121.086835472801,123.807074784944,135.836444949526,115.758950013825,104.361631484754,98.5318139498162,114.628859888713,122.487551335421,136.226574227304,151.49678566557,209.691341675267,227.197595589378,247.088800652244,228.213223797191
"mtsunapeeNH_100km_shp","shp","rcp45","bcc-csm1-1-m",1970,96.2980900749052,43.2954228563424,84.0122606971047,100.296913761948,81.0882980543194,77.9013265390107,73.4070522816976,93.9985564561324,86.0028882240527,84.2222992324829,107.962891347481,124.757149569194,104.22144954797,135.709828515486,120.071818073157,100.955299027183,83.5350603427309,92.7480209258108,58.4912966317842,62.2836763971502,85.405859336853,101.857728992809,91.8663671424172,85.6128498308586,83.3437795234449,72.7859637000344,70.2669569628166,90.5699863965583,107.311223061301,146.778669168877,155.569963111877,172.330616295554
"mtsunapeeNH_100km_shp","shp","rcp45","bcc-csm1-1-m",2000,113.674606865777,43.2954228563424,148.778039860581,149.178321639552,115.101829827049,126.775518091375,115.890862419822,140.348487146551,112.750920404376,124.449081156182,102.602437575369,106.307513720194,81.7214136979074,114.810521292253,106.040826380181,114.970215131586,92.1514528008663,113.137972785487,93.3332311121623,110.684925458503,122.476106926889,136.120288007332,143.362008938645,134.62745067134,127.72580681194,99.2715561340794,88.4706600385724,88.21741771698,95.6729250277895,98.0451715608077,120.348538493532,121.715189822804
"mtsunapeeNH_100km_shp","shp","rcp45","bcc-csm1-1-m",2030,153.995066441623,43.2954228563424,128.557745778633,133.301569313281,141.491882861744,137.634855844902,151.043914569508,121.798256626707,150.700489277695,134.466335587935,131.002572926608,120.411319589326,163.63741955497,143.69653614391,185.713727358038,175.307061242768,174.699423460527,189.156673528498,200.574816457575,150.81570514679,164.734640886711,154.426472154097,103.445278039412,104.887295670943,126.570916597771,157.755773064584,190.432055614356,195.537083989924,157.367114357226,184.911831097458,142.396864356995,144.167208691221
"mtsunapeeNH_100km_shp","shp","rcp45","bcc-csm1-1-m",2060,145.58091914726,43.2954228563424,144.931754296043,170.086256894198,150.645817097751,157.294630650607,131.862202690587,124.338484288996,157.347735584143,153.739578567274,148.387620303992,169.761030205235,164.596934820233,104.799803664468,123.474096411503,135.419740890734,135.413148347103,132.241960959001,152.307925290194,145.210601391648,144.527794198701,147.931876947808,197.915761748805,205.258076384573,167.699504536715,172.41553209825,138.239315771623,96.9796611288822,102.472715650616,132.715916878671,117.284639030225,132.13981975093
"mtsunapeeNH_100km_shp","shp","rcp85","bcc-csm1-1-m",1970,90.0287201449847,44.4502799278885,76.7013226017807,93.2933043416341,75.8008563405817,73.1616654055046,68.3868838131066,89.3618541301381,80.3942557722149,78.1759347383904,100.892074669347,115.601488662489,95.5572234610355,127.641171662302,113.370872655926,94.5990959791704,78.9329538125703,87.7737354382602,53.5176330473929,56.3791774830674,79.0877395976674,95.3549057122433,85.4445891709761,78.9958012158943,77.245638034705,68.044694999926,64.7659100630789,84.483218087861,100.702746987776,139.199841617237,145.599049786654,163.101309871096
"mtsunapeeNH_100km_shp","shp","rcp85","bcc-csm1-1-m",2000,115.475191020966,44.4502799278885,139.429767985488,141.186879816922,107.05725700494,118.784099583481,107.223152454261,132.49154527722,105.279874650204,117.111961540453,96.1283962712143,99.6078977966309,74.7955334033388,104.596603106874,96.0916496207497,105.632482446613,120.870805553089,112.891535137061,125.946097441009,128.183593336163,118.76956971024,102.416908095389,129.61457448208,94.6349878438314,91.6082691366022,95.0274587365353,92.0130970845078,99.3371235922611,143.355848980528,152.798415486885,187.908059983687,196.260071401885
"mtsunapeeNH_100km_shp","shp","rcp85","bcc-csm1-1-m",2030,130.479748754983,44.4502799278885,168.185057013541,115.239576561668,118.196011900468,88.6019242119067,109.492017483567,103.764664558642,105.563642511079,101.677251153426,93.0753511313236,85.8612457807136,102.763098410404,135.697754065774,156.504572803613,171.546190041051,137.964003010374,144.776507959077,114.882978176926,87.251820341168,87.110491361907,102.907324676514,99.9327680321896,173.894855518919,209.08251789093,190.067125972401,189.377914368601,182.833545510263,140.898200726365,110.166318440293,125.168143861944,130.195113110398
"mtsunapeeNH_100km_shp","shp","rcp85","bcc-csm1-1-m",2060,186.151752098161,44.4502799278885,155.144685563752,133.802056718306,183.089839139996,196.125826068069,203.311666022792,183.606041511767,242.812698931839,221.44543874914,200.161810689984,206.38748210907,242.066943963947,219.512920919476,191.317323532104,186.807030784145,165.008593850569,132.873313125842,117.049952221495,117.37799110297,132.568730857156,147.242487120195,167.191236082135,160.729601001162,226.38460054571,241.782119034276,250.299067557364,242.395024837147,238.542135213216,177.295319519043,187.831126878912,163.110351722024
"mtsunapeeNH_100km_shp","shp","rcp45","bcc-csm1-1",1970,84.8164045954232,45.3239772032661,76.3769691606001,60.5054946471706,100.875194333394,101.38685984178,111.855654804345,86.9288022497929,99.8513951203317,77.4075212339921,68.9520470890854,62.1111030069987,101.263485439185,71.9815410556215,62.0390545515581,69.2693817520142,71.0310554943663,42.0591845957438,51.3634905959621,63.7554715694081,57.7972458602443,51.404788721258,69.2181603633996,78.9323611219002,73.7057925773389,78.2283049878207,113.393210535916,110.265581858086,143.799299737179,131.115393306848,145.487696653424,113.688718581922
"mtsunapeeNH_100km_shp","shp","rcp45","bcc-csm1-1",2000,119.135483542163,45.3239772032661,114.480963352088,86.8857240422567,105.549618563797,100.268604322491,146.062322257071,123.952757993756,138.603931306781,156.17399788134,176.243196737116,133.078010170676,140.578860281742,115.037199694316,96.8122167413885,70.1051220772483,78.955796215173,74.5967147364761,84.1293193458788,99.6499304985278,109.923322900714,120.262883594397,138.307690727927,129.494934521299,124.021034328576,138.854257269195,133.09016777501,142.408068854592,153.534250292923,132.606103239348,132.483376071814,159.822614223596
"mtsunapeeNH_100km_shp","shp","rcp45","bcc-csm1-1",2030,156.57382205809,45.3239772032661,137.928293913639,163.067006629019,196.253964145545,184.879948387146,162.145596119274,196.734964939464,162.921834781531,127.699799167749,129.429381195993,179.30567135204,200.153922050938,222.220478945645,247.284360958446,241.874219021653,176.89170219537,145.28316087087,125.536629676819,99.8222580175689,87.1646949860544,92.3389085677176,97.8204450457024,137.579266120448,151.593385746118,161.762421776743,151.041136429527,161.122852808634,118.596546620456,116.789164313114,124.506567783934,148.724639323841
"mtsunapeeNH_100km_shp","shp","rcp45","bcc-csm1-1",2060,129.675301393066,45.3239772032661,122.106014293324,117.838113221833,112.958850279143,113.08452826182,137.790537780993,149.242208769827,166.684548725937,149.313960653363,170.779480795427,157.766744963906,142.623660136136,152.566537443219,174.576677183671,133.008896268209,116.638355882818,97.1840224953854,96.6789541394783,83.0132296579534,127.637162088336,118.715665962913,152.303245532874,138.311885362105,148.864877994422,111.019746333036,131.40011821978,117.796849536318,115.775832756505,109.324212589842,127.99610809673,101.591348354455
"mtsunapeeNH_100km_shp","shp","rcp85","bcc-csm1-1",1970,81.2149571896563,45.9830393744632,71.5896871751727,57.4349233950991,96.8504673593694,97.2646730469212,107.912976562038,84.1761443825924,96.545395525152,74.0467296184193,65.7993434281783,58.7096465856379,97.5029330617731,69.2306871980609,59.7307772480358,66.9322621513136,68.1815161722357,39.2229284748887,47.4752700285478,60.3092692011053,54.1996655435273,48.4025680229881,65.301827397202,75.1680207154245,69.0696591359919,73.7168002134381,108.203760848768,105.685069692207,139.039561349117,127.282840575016,141.557737605933,110.104800024322
"mtsunapeeNH_100km_shp","shp","rcp85","bcc-csm1-1",2000,133.489571057329,45.9830393744632,110.330700687062,83.3993476890795,101.551000959223,96.6438016903039,141.591734503544,120.325679533987,134.576416748509,150.972049935081,170.460020951936,128.43063622677,135.917894554138,110.472456204963,93.2699431494511,66.5641562825983,109.814898896651,142.013307329814,172.626692689838,154.078997139208,167.837554911989,149.058632421783,134.026388504722,97.324394048055,100.486292301525,107.715702719255,149.067898713314,140.457659164198,167.301930002155,200.579142859488,171.330422581759,111.106782354875
"mtsunapeeNH_100km_shp","shp","rcp85","bcc-csm1-1",2030,127.460688057716,45.9830393744632,92.959461183259,86.5041990846576,76.0045217225046,72.6736192518292,85.9777789769028,106.823642991962,109.416479151177,90.9228803206935,102.635386427677,91.7887783963752,74.9684858218106,75.3126136328957,89.1813320807255,110.842595231027,130.66003172441,133.713993081758,127.558404078628,114.300947153496,129.331305315422,176.876065947793,184.115958751332,178.654352715232,214.085379966967,186.283195952213,133.697732682662,140.144401779175,189.026221053384,180.269067101912,170.405053581469,164.472012788021
"mtsunapeeNH_100km_shp","shp","rcp85","bcc-csm1-1",2060,149.457087561482,45.9830393744632,167.610639594107,139.140627790509,150.034532943494,165.125790423769,168.487983169556,161.592254386671,142.918441280018,109.829660049207,139.528600517042,138.005212919062,213.80209251635,223.041997642517,214.511932326808,193.899200105378,193.459764585784,140.378766961531,133.727911670569,137.974350812507,116.527387602835,154.955821389863,120.106222802364,113.229973732919,117.0720342324,127.335128829262,95.7617941330418,111.832112586282,159.207389919397,167.320015004476,157.243286472667,140.241089374658
"mtsunapeeNH_100km_shp","shp","rcp45","inmcm4",1970,88.3362321726481,43.2347953413915,89.9336616758867,103.818709129565,82.869255845041,83.5577924531879,85.9468128678293,62.1577555581295,43.1357511786259,64.1010208569151,67.3515525182088,95.7552044284705,85.6927528150154,86.7780703746911,65.7603528398456,86.8529343992291,81.8829622488311,87.6851051735156,91.6509905081084,107.180667895693,93.5422966581402,67.2074137115478,73.6501620541197,81.2374885928992,114.713223509355,111.154550117724,108.128835471182,97.7921393377131,121.051004612085,95.3928720890392,88.1473453186498,116.61115650755
"mtsunapeeNH_100km_shp","shp","rcp45","inmcm4",2000,111.310167962469,43.2347953413915,135.446705176614,94.1044671677098,93.1293928574071,97.5236425688772,79.2733314109571,68.0236135089759,81.7355071304784,87.2097408618349,109.0504657676,133.68815909877,131.515064662587,123.972329914209,124.467742048321,114.665590230768,102.453467103207,112.999600813895,143.362142973235,126.231333747633,115.702992753694,110.030753062855,147.05480721676,106.503511463512,118.577845967611,132.239854403409,116.297704118671,100.511933405327,104.582758676934,118.244952292009,130.590359284372,150.673729488488
"mtsunapeeNH_100km_shp","shp","rcp45","inmcm4",2030,151.55545509743,43.2347953413915,118.698759181861,116.525458461877,105.176588142857,91.7139427913319,90.3761186854045,158.976188047004,167.196825193925,154.802146926649,153.735851072832,154.56743084763,101.683807641232,103.448524361813,109.381231843197,145.775651790735,154.8393519731,143.137098968968,154.958661497867,203.916914842779,191.23202306574,173.761600683964,238.06235206026,250.69159968983,228.545708677118,181.784625678785,180.685025807005,131.832601588856,140.617617817503,107.510140151978,140.455771730596,188.40580226667
"mtsunapeeNH_100km_shp","shp","rcp45","inmcm4",2060,148.502731013828,43.2347953413915,173.796779595577,189.169430548928,183.336151719527,178.793212231723,116.745857056126,143.554974940907,112.099386707653,111.640175092293,95.0048931792288,141.958498957085,123.015385863564,137.586240517587,130.640208099828,124.94966471123,91.8802644348144,138.00779187058,120.690734494527,193.682217806036,187.051146013664,277.62827866641,221.52619409619,217.530464883284,153.176787639965,174.227667943781,75.7151538247773,98.4511287562052,86.565115070921,118.54084572532,163.0706153361,189.619679904129
"mtsunapeeNH_100km_shp","shp","rcp85","inmcm4",1970,91.9257093674245,42.6517868317922,94.9566457251346,108.646206418818,87.0329572446418,87.5648068745931,90.4092715650616,65.2675009536743,46.0377309903232,67.2373838089452,70.5662524090391,98.5015964496497,88.0744682982474,89.3031090372259,68.0639999563044,90.0024053319295,85.449163607973,91.8891751514782,96.2328893869573,112.061633615205,97.5255860357574,70.1363219151352,76.4358736639312,83.5797509730946,118.109353157968,114.381381357366,111.369210193518,101.044860235272,125.344502323035,99.0489284214829,91.9724089651397,120.631355425517
"mtsunapeeNH_100km_shp","shp","rcp85","inmcm4",2000,107.958357845268,42.6517868317922,139.662060930657,97.1879937651663,96.6809146175963,101.127729660959,83.0201454139478,71.7579366394968,85.8601301204797,90.8799427471739,113.890858763492,139.595782110041,137.487600484906,129.841095448118,131.155974004341,120.665433451335,102.1410043439,114.795871306911,132.790132845098,110.924523213704,103.550726162304,99.6082362781871,82.2717095161207,67.4053297401197,73.936218696363,64.710944147977,69.4076659219915,111.145926513672,130.997285119259,144.172573792429,162.507355709654,166.473108698527
"mtsunapeeNH_100km_shp","shp","rcp85","inmcm4",2030,111.415550154098,42.6517868317922,132.097061817285,115.380066287879,101.612011715282,107.276311229359,91.5792698241725,88.9692722910101,92.1535026885524,93.5653014050108,74.6910710964781,81.3641840894294,111.291145183679,107.145517872897,106.833516080452,127.482702047175,118.962619701732,95.0675794832634,118.074131525213,135.138063132546,115.38528753454,180.104467590794,173.312667510293,137.707954484188,119.888808414575,129.666070777431,66.1144883496834,78.3623374176025,98.1147874728116,111.455600176725,114.140080386075,102.928245531718
"mtsunapeeNH_100km_shp","shp","rcp85","inmcm4",2060,134.858732534466,42.6517868317922,101.960061735673,125.106335267732,145.182402848908,151.707360128923,152.764567156705,188.177770804203,149.609537175496,170.960934864391,162.955935924414,164.489302821304,126.165976064277,165.875604550911,112.150443954468,112.57984292695,134.506300565546,184.870051477606,168.142589154099,168.883231263594,159.02753193942,138.900241977807,107.879246894374,111.46436703653,99.7267340688994,120.843217772282,131.547577393272,101.516635835821,89.3138787333171,112.248648206537,105.649455643856,119.889997424501
