"county","FIPS","centralDecade","aveWetDays","fiveYrAveWetDaysCentYr_-10","fiveYrAveWetDaysCentYr_-9","fiveYrAveWetDaysCentYr_-8","fiveYrAveWetDaysCentYr_-7","fiveYrAveWetDaysCentYr_-6","fiveYrAveWetDaysCentYr_-5","fiveYrAveWetDaysCentYr_-4","fiveYrAveWetDaysCentYr_-3","fiveYrAveWetDaysCentYr_-2","fiveYrAveWetDaysCentYr_-1","fiveYrAveWetDaysCentYr_0","fiveYrAveWetDaysCentYr_1","fiveYrAveWetDaysCentYr_2","fiveYrAveWetDaysCentYr_3","fiveYrAveWetDaysCentYr_4","fiveYrAveWetDaysCentYr_5","fiveYrAveWetDaysCentYr_6","fiveYrAveWetDaysCentYr_7","fiveYrAveWetDaysCentYr_8","fiveYrAveWetDaysCentYr_9","fiveYrAveWetDaysCentYr_10","fiveYrAveWetDaysCentYr_11","fiveYrAveWetDaysCentYr_12","fiveYrAveWetDaysCentYr_13","fiveYrAveWetDaysCentYr_14","fiveYrAveWetDaysCentYr_15","fiveYrAveWetDaysCentYr_16","fiveYrAveWetDaysCentYr_17","fiveYrAveWetDaysCentYr_18","fiveYrAveWetDaysCentYr_19"
"Accomack_Virginia_51001","51001",1970,0.152993348115299,NA,0.0195121951219512,0.0195121951219512,0.0195121951219512,0.336585365853659,0.336585365853659,0.317073170731707,0.317073170731707,0.317073170731707,0,0,0,0,NA,NA,NA,NA,NA,NA,NA,NA,NA,NA,NA,NA,NA,NA,NA,NA,NA
"Accomack_Virginia_51001","51001",2000,0.16219512195122,0,0,0,0,0,0,0.360975609756098,0.360975609756098,0.360975609756098,0.360975609756098,0.360975609756098,0,0,0.0170731707317073,0.0170731707317073,0.0170731707317073,0.0317073170731707,0.231707317073171,0.292682926829268,0.292682926829268,0.292682926829268,0.478048780487805,0.278048780487805,0.2,0.246341463414634,0.302439024390244,0.102439024390244,0.102439024390244,0.3,0.317073170731707
"Accomack_Virginia_51001","51001",2030,0.98780487804878,NA,0.49390243902439,0.98780487804878,NA,NA,NA,NA,NA,NA,NA,NA,NA,NA,NA,NA,NA,NA,NA,NA,NA,NA,NA,NA,NA,NA,NA,NA,NA,NA,NA
"Albemarle_Virginia_51003","51003",1970,0.0267857142857143,NA,0.0321428571428571,0.0392857142857143,0.0392857142857143,0.0589285714285714,0.0589285714285714,0.0267857142857143,0.0196428571428571,0.0196428571428571,0,0,0,0,NA,NA,NA,NA,NA,NA,NA,NA,NA,NA,NA,NA,NA,NA,NA,NA,NA
"Albemarle_Virginia_51003","51003",2000,0.173809523809524,0,0.196428571428571,0.196428571428571,0.248214285714286,0.266071428571429,0.266071428571429,0.0892857142857143,0.0892857142857143,0.0375,0.0196428571428571,0.0196428571428571,0.0142857142857143,0.0160714285714286,0.0232142857142857,0.0232142857142857,0.0232142857142857,0.00892857142857143,0.0589285714285714,0.280357142857143,0.280357142857143,0.480357142857143,0.592857142857143,0.541071428571429,0.3125,0.314285714285714,0.114285714285714,0.1,0.141071428571429,0.153571428571429,0.189732142857143
"Albemarle_Virginia_51003","51003",2030,0.0625,NA,0.133928571428571,0.0625,NA,NA,NA,NA,NA,NA,NA,NA,NA,NA,NA,NA,NA,NA,NA,NA,NA,NA,NA,NA,NA,NA,NA,NA,NA,NA,NA
"Alexandria_Virginia_51510","51510",1970,0,NA,0,0,0,0,0,0,0,0,0,0,0,0,NA,NA,NA,NA,NA,NA,NA,NA,NA,NA,NA,NA,NA,NA,NA,NA,NA
"Alexandria_Virginia_51510","51510",2000,0.111111111111111,0,0,0,0,0,0,0.2,0.2,0.2,0.2,0.2,0,0,0,0,0,0,0,0.0666666666666667,0.0666666666666667,0.266666666666667,0.266666666666667,0.266666666666667,0.2,0.2,0,0,0.2,0.2,0.25
"Alexandria_Virginia_51510","51510",2030,0,NA,0.5,0,NA,NA,NA,NA,NA,NA,NA,NA,NA,NA,NA,NA,NA,NA,NA,NA,NA,NA,NA,NA,NA,NA,NA,NA,NA,NA,NA
"Alleghany_Virginia_51005","51005",1970,0.0025974025974026,NA,0.00571428571428571,0.00571428571428571,0.00571428571428571,0.00571428571428571,0.00571428571428571,0,0,0,0,0,0,0,NA,NA,NA,NA,NA,NA,NA,NA,NA,NA,NA,NA,NA,NA,NA,NA,NA
"Alleghany_Virginia_51005","51005",2000,0.0647619047619048,0,0,0.0371428571428571,0.131428571428571,0.14,0.14,0.145714285714286,0.108571428571429,0.0142857142857143,0.00571428571428571,0.00571428571428571,0.00857142857142857,0.00857142857142857,0.00857142857142857,0.00857142857142857,0.00857142857142857,0,0.0114285714285714,0.0828571428571429,0.0828571428571429,0.0942857142857143,0.222857142857143,0.211428571428571,0.14,0.14,0.128571428571429,0.00285714285714286,0.0114285714285714,0.02,0.025
"Alleghany_Virginia_51005","51005",2030,0.0428571428571429,NA,0.0428571428571429,0.0428571428571429,NA,NA,NA,NA,NA,NA,NA,NA,NA,NA,NA,NA,NA,NA,NA,NA,NA,NA,NA,NA,NA,NA,NA,NA,NA,NA,NA
"Amelia_Virginia_51007","51007",1970,0,NA,0,0,0,0,0,0,0,0,0,0,0,0,NA,NA,NA,NA,NA,NA,NA,NA,NA,NA,NA,NA,NA,NA,NA,NA,NA
"Amelia_Virginia_51007","51007",2000,0.0730769230769231,0,0,0,0,0,0,0,0,0,0,0,0,0,0.2,0.2,0.211538461538462,0.211538461538462,0.411538461538462,0.238461538461538,0.238461538461538,0.226923076923077,0.226923076923077,0.0269230769230769,0,0,0,0,0,0.2,0.25
"Amelia_Virginia_51007","51007",2030,1,NA,0.5,1,NA,NA,NA,NA,NA,NA,NA,NA,NA,NA,NA,NA,NA,NA,NA,NA,NA,NA,NA,NA,NA,NA,NA,NA,NA,NA,NA
"Amherst_Virginia_51009","51009",1970,0.0707070707070707,NA,0.0527777777777778,0.0555555555555556,0.0555555555555556,0.15,0.127777777777778,0.0972222222222222,0.0944444444444444,0.1,0.00694444444444444,0.00925925925925926,0.0138888888888889,0.0277777777777778,NA,NA,NA,NA,NA,NA,NA,NA,NA,NA,NA,NA,NA,NA,NA,NA,NA
"Amherst_Virginia_51009","51009",2000,0.268518518518518,0.0222222222222222,0.0388888888888889,0.233333333333333,0.330555555555556,0.372222222222222,0.416666666666667,0.472222222222222,0.277777777777778,0.180555555555556,0.133333333333333,0.0722222222222222,0.0388888888888889,0.0388888888888889,0.0611111111111111,0.0611111111111111,0.075,0.0361111111111111,0.166666666666667,0.344444444444444,0.344444444444444,0.505555555555556,0.669444444444444,0.538888888888889,0.338888888888889,0.341666666666667,0.166666666666667,0.180555555555556,0.355555555555556,0.383333333333333,0.475694444444444
"Amherst_Virginia_51009","51009",2030,0.138888888888889,NA,0.506944444444444,0.138888888888889,NA,NA,NA,NA,NA,NA,NA,NA,NA,NA,NA,NA,NA,NA,NA,NA,NA,NA,NA,NA,NA,NA,NA,NA,NA,NA,NA
"Appomattox_Virginia_51011","51011",1970,0,NA,0,0,0,0,0,0,0,0,0,0,0,0,NA,NA,NA,NA,NA,NA,NA,NA,NA,NA,NA,NA,NA,NA,NA,NA,NA
"Appomattox_Virginia_51011","51011",2000,0.100653594771242,0,0,0,0,0,0,0.0862745098039216,0.0862745098039216,0.0862745098039216,0.0862745098039216,0.0862745098039216,0,0,0.00784313725490196,0.00784313725490196,0.0196078431372549,0.0196078431372549,0.219607843137255,0.270588235294118,0.270588235294118,0.313725490196078,0.313725490196078,0.113725490196078,0.0549019607843137,0.0549019607843137,0,0.184313725490196,0.184313725490196,0.384313725490196,0.480392156862745
"Appomattox_Virginia_51011","51011",2030,1,NA,0.5,1,NA,NA,NA,NA,NA,NA,NA,NA,NA,NA,NA,NA,NA,NA,NA,NA,NA,NA,NA,NA,NA,NA,NA,NA,NA,NA,NA
"Arlington_Virginia_51013","51013",1970,0,NA,0,0,0,0,0,0,0,0,0,0,0,0,NA,NA,NA,NA,NA,NA,NA,NA,NA,NA,NA,NA,NA,NA,NA,NA,NA
"Arlington_Virginia_51013","51013",2000,0.133333333333333,0,0,0,0,0,0,0.2,0.2,0.2,0.2,0.2,0,0,0,0,0,0,0,0.15,0.15,0.35,0.35,0.35,0.2,0.25,0.05,0.05,0.25,0.25,0.25
"Arlington_Virginia_51013","51013",2030,0,NA,0.5,0,NA,NA,NA,NA,NA,NA,NA,NA,NA,NA,NA,NA,NA,NA,NA,NA,NA,NA,NA,NA,NA,NA,NA,NA,NA,NA,NA
"Augusta_Virginia_51015","51015",1970,0.0215311004784689,NA,0.0276315789473684,0.0289473684210526,0.0289473684210526,0.0473684210526316,0.0447368421052632,0.0197368421052632,0.0184210526315789,0.0184210526315789,0,0,0,0,NA,NA,NA,NA,NA,NA,NA,NA,NA,NA,NA,NA,NA,NA,NA,NA,NA
"Augusta_Virginia_51015","51015",2000,0.171710526315789,0.00921052631578947,0.0407894736842105,0.0842105263157895,0.218421052631579,0.257894736842105,0.248684210526316,0.382894736842105,0.339473684210526,0.205263157894737,0.165789473684211,0.165789473684211,0.0118421052631579,0.0118421052631579,0.0197368421052632,0.0197368421052632,0.0210526315789474,0.0131578947368421,0.0342105263157895,0.182894736842105,0.182894736842105,0.367105263157895,0.544736842105263,0.526315789473684,0.369736842105263,0.369736842105263,0.184210526315789,0.00789473684210526,0.0342105263157895,0.0513157894736842,0.0641447368421053
"Augusta_Virginia_51015","51015",2030,0.0855263157894737,NA,0.115131578947368,0.0855263157894737,NA,NA,NA,NA,NA,NA,NA,NA,NA,NA,NA,NA,NA,NA,NA,NA,NA,NA,NA,NA,NA,NA,NA,NA,NA,NA,NA
"Bath_Virginia_51017","51017",1970,0.00332594235033259,NA,0,0,0,0,0,0,0,0.00731707317073171,0.00914634146341463,0.0121951219512195,0.0182926829268293,0.0365853658536585,NA,NA,NA,NA,NA,NA,NA,NA,NA,NA,NA,NA,NA,NA,NA,NA,NA
"Bath_Virginia_51017","51017",2000,0.114634146341463,0.0146341463414634,0.0146341463414634,0.0829268292682927,0.214634146341463,0.236585365853659,0.231707317073171,0.231707317073171,0.163414634146341,0.0317073170731707,0.0024390243902439,0,0,0,0,0,0,0,0.00975609756097561,0.192682926829268,0.192682926829268,0.241463414634146,0.441463414634146,0.431707317073171,0.248780487804878,0.248780487804878,0.2,0,0,0,0
"Bath_Virginia_51017","51017",2030,0,NA,0,0,NA,NA,NA,NA,NA,NA,NA,NA,NA,NA,NA,NA,NA,NA,NA,NA,NA,NA,NA,NA,NA,NA,NA,NA,NA,NA,NA
"Bedford_Virginia_51019","51019",1970,0.0269645608628659,NA,0.0152542372881356,0.0152542372881356,0.0152542372881356,0.0508474576271186,0.0440677966101695,0.0355932203389831,0.0355932203389831,0.0440677966101695,0.0105932203389831,0.0141242937853107,0.0211864406779661,0.0423728813559322,NA,NA,NA,NA,NA,NA,NA,NA,NA,NA,NA,NA,NA,NA,NA,NA,NA
"Bedford_Virginia_51019","51019",2000,0.174576271186441,0.00847457627118644,0.00847457627118644,0.144067796610169,0.206779661016949,0.198305084745763,0.213559322033898,0.298305084745763,0.16271186440678,0.1,0.1,0.0847457627118644,0.0135593220338983,0.0135593220338983,0.0135593220338983,0.0135593220338983,0.0338983050847458,0.023728813559322,0.0644067796610169,0.259322033898305,0.259322033898305,0.28135593220339,0.438983050847458,0.398305084745763,0.203389830508475,0.216949152542373,0.174576271186441,0.191525423728814,0.264406779661017,0.350847457627119,0.421610169491525
"Bedford_Virginia_51019","51019",2030,0.432203389830508,NA,0.398305084745763,0.432203389830508,NA,NA,NA,NA,NA,NA,NA,NA,NA,NA,NA,NA,NA,NA,NA,NA,NA,NA,NA,NA,NA,NA,NA,NA,NA,NA,NA
"Bland_Virginia_51021","51021",1970,0.0463121783876501,NA,0.10188679245283,0.10188679245283,0.10188679245283,0.10188679245283,0.10188679245283,0,0,0,0,0,0,0,NA,NA,NA,NA,NA,NA,NA,NA,NA,NA,NA,NA,NA,NA,NA,NA,NA
"Bland_Virginia_51021","51021",2000,0.0547169811320755,0,0,0.0150943396226415,0.0905660377358491,0.0905660377358491,0.0905660377358491,0.132075471698113,0.116981132075472,0.0415094339622642,0.0415094339622642,0.0415094339622642,0.150943396226415,0.150943396226415,0.150943396226415,0.150943396226415,0.150943396226415,0,0,0,0,0,0.0452830188679245,0.0452830188679245,0.0452830188679245,0.0452830188679245,0.0452830188679245,0,0,0,0
"Bland_Virginia_51021","51021",2030,0,NA,0,0,NA,NA,NA,NA,NA,NA,NA,NA,NA,NA,NA,NA,NA,NA,NA,NA,NA,NA,NA,NA,NA,NA,NA,NA,NA,NA,NA
"Botetourt_Virginia_51023","51023",1970,0.0173160173160173,NA,0.0142857142857143,0.0142857142857143,0.0142857142857143,0.0333333333333333,0.0261904761904762,0.019047619047619,0.019047619047619,0.0238095238095238,0.00595238095238095,0.00793650793650794,0.0119047619047619,0.0238095238095238,NA,NA,NA,NA,NA,NA,NA,NA,NA,NA,NA,NA,NA,NA,NA,NA,NA
"Botetourt_Virginia_51023","51023",2000,0.153571428571429,0.00714285714285714,0.00714285714285714,0.133333333333333,0.228571428571429,0.226190476190476,0.230952380952381,0.261904761904762,0.135714285714286,0.0404761904761905,0.0380952380952381,0.030952380952381,0.0690476190476191,0.0690476190476191,0.0690476190476191,0.0690476190476191,0.107142857142857,0.0380952380952381,0.0476190476190476,0.233333333333333,0.233333333333333,0.223809523809524,0.411904761904762,0.402380952380952,0.216666666666667,0.264285714285714,0.235714285714286,0.0785714285714286,0.133333333333333,0.169047619047619,0.151785714285714
"Botetourt_Virginia_51023","51023",2030,0.178571428571429,NA,0.226190476190476,0.178571428571429,NA,NA,NA,NA,NA,NA,NA,NA,NA,NA,NA,NA,NA,NA,NA,NA,NA,NA,NA,NA,NA,NA,NA,NA,NA,NA,NA
"Bristol_Virginia_51520","51520",1970,0,NA,0,0,0,0,0,0,0,0,0,0,0,0,NA,NA,NA,NA,NA,NA,NA,NA,NA,NA,NA,NA,NA,NA,NA,NA,NA
"Bristol_Virginia_51520","51520",2000,0.133333333333333,0,0,0.2,0.4,0.4,0.4,0.4,0.2,0,0,0,0.2,0.2,0.2,0.2,0.2,0,0.2,0.2,0.2,0.2,0.2,0,0,0,0,0,0,0.2,0.25
"Bristol_Virginia_51520","51520",2030,1,NA,0.5,1,NA,NA,NA,NA,NA,NA,NA,NA,NA,NA,NA,NA,NA,NA,NA,NA,NA,NA,NA,NA,NA,NA,NA,NA,NA,NA,NA
"Brunswick_Virginia_51025","51025",1970,0,NA,0,0,0,0,0,0,0,0,0,0,0,0,NA,NA,NA,NA,NA,NA,NA,NA,NA,NA,NA,NA,NA,NA,NA,NA,NA
"Brunswick_Virginia_51025","51025",2000,0.027906976744186,0,0,0,0,0,0,0,0,0,0,0,0,0,0,0,0,0.00465116279069767,0.00930232558139535,0.144186046511628,0.144186046511628,0.144186046511628,0.13953488372093,0.137209302325581,0.00232558139534884,0.0232558139534884,0.0232558139534884,0.0232558139534884,0.0209302325581395,0.22093023255814,0.25
"Brunswick_Virginia_51025","51025",2030,1,NA,0.5,1,NA,NA,NA,NA,NA,NA,NA,NA,NA,NA,NA,NA,NA,NA,NA,NA,NA,NA,NA,NA,NA,NA,NA,NA,NA,NA,NA
"Buchanan_Virginia_51027","51027",1970,0,NA,0,0,0,0,0,0,0,0,0,0,0,0,NA,NA,NA,NA,NA,NA,NA,NA,NA,NA,NA,NA,NA,NA,NA,NA,NA
"Buchanan_Virginia_51027","51027",2000,0.162820512820513,0,0,0.135897435897436,0.135897435897436,0.135897435897436,0.135897435897436,0.135897435897436,0,0,0,0,0.130769230769231,0.130769230769231,0.130769230769231,0.130769230769231,0.130769230769231,0,0.130769230769231,0.130769230769231,0.130769230769231,0.130769230769231,0.233333333333333,0.184615384615385,0.379487179487179,0.379487179487179,0.379487179487179,0.476923076923077,0.394871794871795,0.241025641025641,0.301282051282051
"Buchanan_Virginia_51027","51027",2030,0.205128205128205,NA,0.102564102564103,0.205128205128205,NA,NA,NA,NA,NA,NA,NA,NA,NA,NA,NA,NA,NA,NA,NA,NA,NA,NA,NA,NA,NA,NA,NA,NA,NA,NA,NA
"Buckingham_Virginia_51029","51029",1970,0,NA,0,0,0,0,0,0,0,0,0,0,0,0,NA,NA,NA,NA,NA,NA,NA,NA,NA,NA,NA,NA,NA,NA,NA,NA,NA
"Buckingham_Virginia_51029","51029",2000,0.142696629213483,0,0.049438202247191,0.049438202247191,0.049438202247191,0.049438202247191,0.049438202247191,0.0359550561797753,0.0359550561797753,0.0359550561797753,0.0359550561797753,0.0359550561797753,0,0,0.157303370786517,0.157303370786517,0.168539325842697,0.168539325842697,0.368539325842697,0.242696629213483,0.242696629213483,0.424719101123596,0.426966292134831,0.226966292134831,0.195505617977528,0.195505617977528,0.00224719101123595,0.175280898876404,0.175280898876404,0.321348314606742,0.401685393258427
"Buckingham_Virginia_51029","51029",2030,0.730337078651685,NA,0.365168539325843,0.730337078651685,NA,NA,NA,NA,NA,NA,NA,NA,NA,NA,NA,NA,NA,NA,NA,NA,NA,NA,NA,NA,NA,NA,NA,NA,NA,NA,NA
"BuenaVista_Virginia_51530","51530",1970,0.0909090909090909,NA,0,0,0,0.2,0.2,0.2,0.2,0.2,0,0,0,0,NA,NA,NA,NA,NA,NA,NA,NA,NA,NA,NA,NA,NA,NA,NA,NA,NA
"BuenaVista_Virginia_51530","51530",2000,0.166666666666667,0,0,0,0.2,0.2,0.2,0.2,0.2,0,0,0,0,0,0,0,0,0,0,0.2,0.2,0.4,0.6,0.6,0.4,0.4,0.2,0,0.2,0.2,0.25
"BuenaVista_Virginia_51530","51530",2030,0,NA,0.5,0,NA,NA,NA,NA,NA,NA,NA,NA,NA,NA,NA,NA,NA,NA,NA,NA,NA,NA,NA,NA,NA,NA,NA,NA,NA,NA,NA
"Campbell_Virginia_51031","51031",1970,0,NA,0,0,0,0,0,0,0,0,0,0,0,0,NA,NA,NA,NA,NA,NA,NA,NA,NA,NA,NA,NA,NA,NA,NA,NA,NA
"Campbell_Virginia_51031","51031",2000,0.109090909090909,0,0,0,0,0,0,0.0987012987012987,0.0987012987012987,0.0987012987012987,0.0987012987012987,0.0987012987012987,0,0,0,0,0.0363636363636364,0.0363636363636364,0.2,0.267532467532468,0.267532467532468,0.231168831168831,0.290909090909091,0.127272727272727,0.0597402597402597,0.0727272727272727,0.0727272727272727,0.192207792207792,0.228571428571429,0.428571428571429,0.519480519480519
"Campbell_Virginia_51031","51031",2030,1,NA,0.590909090909091,1,NA,NA,NA,NA,NA,NA,NA,NA,NA,NA,NA,NA,NA,NA,NA,NA,NA,NA,NA,NA,NA,NA,NA,NA,NA,NA,NA
"Caroline_Virginia_51033","51033",1970,0.0886917960088692,NA,0,0,0,0.195121951219512,0.195121951219512,0.195121951219512,0.195121951219512,0.195121951219512,0,0,0,0,NA,NA,NA,NA,NA,NA,NA,NA,NA,NA,NA,NA,NA,NA,NA,NA,NA
"Caroline_Virginia_51033","51033",2000,0.108130081300813,0,0.0024390243902439,0.0024390243902439,0.0024390243902439,0.0024390243902439,0.0024390243902439,0.2,0.2,0.2,0.2,0.2,0,0,0.0975609756097561,0.0975609756097561,0.102439024390244,0.102439024390244,0.217073170731707,0.119512195121951,0.119512195121951,0.221951219512195,0.221951219512195,0.107317073170732,0.107317073170732,0.107317073170732,0,0.121951219512195,0.121951219512195,0.121951219512195,0.152439024390244
"Caroline_Virginia_51033","51033",2030,0,NA,0,0,NA,NA,NA,NA,NA,NA,NA,NA,NA,NA,NA,NA,NA,NA,NA,NA,NA,NA,NA,NA,NA,NA,NA,NA,NA,NA,NA
"Carroll_Virginia_51035","51035",1970,0.0265151515151515,NA,0.0388888888888889,0.0388888888888889,0.0388888888888889,0.0388888888888889,0.0333333333333333,0,0,0.0194444444444444,0.0243055555555556,0.0324074074074074,0.0486111111111111,0.0972222222222222,NA,NA,NA,NA,NA,NA,NA,NA,NA,NA,NA,NA,NA,NA,NA,NA,NA
"Carroll_Virginia_51035","51035",2000,0.323148148148148,0.0666666666666667,0.0666666666666667,0.261111111111111,0.483333333333333,0.463888888888889,0.505555555555556,0.686111111111111,0.497222222222222,0.275,0.275,0.227777777777778,0.175,0.169444444444444,0.211111111111111,0.213888888888889,0.180555555555556,0.0527777777777778,0.158333333333333,0.305555555555556,0.302777777777778,0.391666666666667,0.752777777777778,0.652777777777778,0.463888888888889,0.477777777777778,0.380555555555556,0.116666666666667,0.2,0.413888888888889,0.5
"Carroll_Virginia_51035","51035",2030,1.06944444444444,NA,0.756944444444444,1.06944444444444,NA,NA,NA,NA,NA,NA,NA,NA,NA,NA,NA,NA,NA,NA,NA,NA,NA,NA,NA,NA,NA,NA,NA,NA,NA,NA,NA
"CharlesCity_Virginia_51036","51036",1970,0.0815047021943574,NA,0,0,0,0.179310344827586,0.179310344827586,0.179310344827586,0.179310344827586,0.179310344827586,0,0,0,0,NA,NA,NA,NA,NA,NA,NA,NA,NA,NA,NA,NA,NA,NA,NA,NA,NA
"CharlesCity_Virginia_51036","51036",2000,0.0942528735632184,0,0,0,0,0,0,0.2,0.2,0.2,0.2,0.2,0,0,0,0,0,0,0.2,0.36551724137931,0.36551724137931,0.36551724137931,0.36551724137931,0.16551724137931,0,0,0,0,0,0.2,0.25
"CharlesCity_Virginia_51036","51036",2030,1,NA,0.5,1,NA,NA,NA,NA,NA,NA,NA,NA,NA,NA,NA,NA,NA,NA,NA,NA,NA,NA,NA,NA,NA,NA,NA,NA,NA,NA,NA
"Charlotte_Virginia_51037","51037",1970,0,NA,0,0,0,0,0,0,0,0,0,0,0,0,NA,NA,NA,NA,NA,NA,NA,NA,NA,NA,NA,NA,NA,NA,NA,NA,NA
"Charlotte_Virginia_51037","51037",2000,0.0380281690140845,0,0,0,0,0,0,0,0,0,0,0,0,0,0.0028169014084507,0.0028169014084507,0.0422535211267606,0.0422535211267606,0.202816901408451,0.202816901408451,0.202816901408451,0.163380281690141,0.166197183098592,0.00563380281690141,0.0028169014084507,0.0140845070422535,0.0140845070422535,0.0197183098591549,0.0197183098591549,0.219718309859155,0.26056338028169
"Charlotte_Virginia_51037","51037",2030,1,NA,0.5,1,NA,NA,NA,NA,NA,NA,NA,NA,NA,NA,NA,NA,NA,NA,NA,NA,NA,NA,NA,NA,NA,NA,NA,NA,NA,NA,NA
"Charlottesville_Virginia_51540","51540",1970,0,NA,0,0,0,0,0,0,0,0,0,0,0,0,NA,NA,NA,NA,NA,NA,NA,NA,NA,NA,NA,NA,NA,NA,NA,NA,NA
"Charlottesville_Virginia_51540","51540",2000,0.166666666666667,0,0.2,0.2,0.2,0.2,0.2,0,0,0,0,0,0,0,0,0,0,0,0,0.333333333333333,0.333333333333333,0.533333333333333,0.6,0.6,0.266666666666667,0.266666666666667,0.0666666666666667,0.2,0.2,0.2,0.25
"Charlottesville_Virginia_51540","51540",2030,0,NA,0,0,NA,NA,NA,NA,NA,NA,NA,NA,NA,NA,NA,NA,NA,NA,NA,NA,NA,NA,NA,NA,NA,NA,NA,NA,NA,NA,NA
"Chesapeake_Virginia_51550","51550",1970,0.126929674099485,NA,0,0,0,0.279245283018868,0.279245283018868,0.279245283018868,0.279245283018868,0.279245283018868,0,0,0,0,NA,NA,NA,NA,NA,NA,NA,NA,NA,NA,NA,NA,NA,NA,NA,NA,NA
"Chesapeake_Virginia_51550","51550",2000,0.140251572327044,0,0,0,0,0,0,0.2,0.2,0.2,0.2,0.2,0,0,0,0,0,0.0339622641509434,0.233962264150943,0.418867924528302,0.418867924528302,0.418867924528302,0.4,0.2,0.0150943396226415,0.222641509433962,0.222641509433962,0.207547169811321,0.207547169811321,0.407547169811321,0.25
"Chesapeake_Virginia_51550","51550",2030,1,NA,0.5,1,NA,NA,NA,NA,NA,NA,NA,NA,NA,NA,NA,NA,NA,NA,NA,NA,NA,NA,NA,NA,NA,NA,NA,NA,NA,NA,NA
"Chesterfield_Virginia_51041","51041",1970,0,NA,0,0,0,0,0,0,0,0,0,0,0,0,NA,NA,NA,NA,NA,NA,NA,NA,NA,NA,NA,NA,NA,NA,NA,NA,NA
"Chesterfield_Virginia_51041","51041",2000,0.108695652173913,0,0,0,0,0,0,0.121739130434783,0.121739130434783,0.121739130434783,0.121739130434783,0.121739130434783,0,0,0.139130434782609,0.139130434782609,0.139130434782609,0.139130434782609,0.339130434782609,0.391304347826087,0.391304347826087,0.391304347826087,0.391304347826087,0.191304347826087,0,0,0,0,0,0.171014492753623,0.213768115942029
"Chesterfield_Virginia_51041","51041",2030,0.855072463768116,NA,0.427536231884058,0.855072463768116,NA,NA,NA,NA,NA,NA,NA,NA,NA,NA,NA,NA,NA,NA,NA,NA,NA,NA,NA,NA,NA,NA,NA,NA,NA,NA,NA
"Clarke_Virginia_51043","51043",1970,0.0909090909090909,NA,0.2,0.2,0.2,0.2,0.2,0,0,0,0,0,0,0,NA,NA,NA,NA,NA,NA,NA,NA,NA,NA,NA,NA,NA,NA,NA,NA,NA
"Clarke_Virginia_51043","51043",2000,0.140740740740741,0,0.2,0.2,0.2,0.2,0.2,0.148148148148148,0.148148148148148,0.148148148148148,0.148148148148148,0.148148148148148,0,0,0,0,0,0,0.0518518518518519,0.244444444444444,0.244444444444444,0.266666666666667,0.266666666666667,0.214814814814815,0.0222222222222222,0.118518518518519,0.0962962962962963,0.0962962962962963,0.22962962962963,0.22962962962963,0.166666666666667
"Clarke_Virginia_51043","51043",2030,0,NA,0.333333333333333,0,NA,NA,NA,NA,NA,NA,NA,NA,NA,NA,NA,NA,NA,NA,NA,NA,NA,NA,NA,NA,NA,NA,NA,NA,NA,NA,NA
"ColonialHeights_Virginia_51570","51570",1970,0,NA,0,0,0,0,0,0,0,0,0,0,0,0,NA,NA,NA,NA,NA,NA,NA,NA,NA,NA,NA,NA,NA,NA,NA,NA,NA
"ColonialHeights_Virginia_51570","51570",2000,0.1,0,0,0,0,0,0,0.2,0.2,0.2,0.2,0.2,0,0,0,0,0,0,0.2,0.4,0.4,0.4,0.4,0.2,0,0,0,0,0,0.2,0.25
"ColonialHeights_Virginia_51570","51570",2030,1,NA,0.5,1,NA,NA,NA,NA,NA,NA,NA,NA,NA,NA,NA,NA,NA,NA,NA,NA,NA,NA,NA,NA,NA,NA,NA,NA,NA,NA,NA
"Craig_Virginia_51045","51045",1970,0.00909090909090909,NA,0.012,0.012,0.012,0.012,0.012,0,0,0.008,0.01,0.0133333333333333,0.02,0.04,NA,NA,NA,NA,NA,NA,NA,NA,NA,NA,NA,NA,NA,NA,NA,NA,NA
"Craig_Virginia_51045","51045",2000,0.114,0.052,0.052,0.212,0.3,0.292,0.248,0.256,0.096,0.008,0.008,0.008,0.084,0.084,0.084,0.084,0.084,0,0.052,0.144,0.144,0.144,0.288,0.236,0.144,0.144,0.144,0.004,0.004,0.1,0.125
"Craig_Virginia_51045","51045",2030,0.48,NA,0.24,0.48,NA,NA,NA,NA,NA,NA,NA,NA,NA,NA,NA,NA,NA,NA,NA,NA,NA,NA,NA,NA,NA,NA,NA,NA,NA,NA,NA
"Culpeper_Virginia_51047","51047",1970,0.086286594761171,NA,0.189830508474576,0.189830508474576,0.189830508474576,0.189830508474576,0.189830508474576,0,0,0,0,0,0,0,NA,NA,NA,NA,NA,NA,NA,NA,NA,NA,NA,NA,NA,NA,NA,NA,NA
"Culpeper_Virginia_51047","51047",2000,0.129378531073446,0,0.2,0.2,0.2,0.2,0.2,0.111864406779661,0.111864406779661,0.111864406779661,0.111864406779661,0.111864406779661,0.00677966101694915,0.00677966101694915,0.0542372881355932,0.0542372881355932,0.0542372881355932,0.0474576271186441,0.0474576271186441,0.152542372881356,0.152542372881356,0.349152542372881,0.379661016949153,0.379661016949153,0.227118644067797,0.230508474576271,0.0338983050847458,0.0203389830508475,0.0305084745762712,0.0305084745762712,0.0338983050847458
"Culpeper_Virginia_51047","51047",2030,0,NA,0.0254237288135593,0,NA,NA,NA,NA,NA,NA,NA,NA,NA,NA,NA,NA,NA,NA,NA,NA,NA,NA,NA,NA,NA,NA,NA,NA,NA,NA,NA
"Cumberland_Virginia_51049","51049",1970,0.00967117988394584,NA,0,0,0,0,0,0,0,0.0212765957446809,0.0265957446808511,0.0354609929078014,0.0531914893617021,0.106382978723404,NA,NA,NA,NA,NA,NA,NA,NA,NA,NA,NA,NA,NA,NA,NA,NA,NA
"Cumberland_Virginia_51049","51049",2000,0.102127659574468,0.0212765957446809,0.0212765957446809,0.0212765957446809,0.0212765957446809,0,0,0.00425531914893617,0.00425531914893617,0.00425531914893617,0.00425531914893617,0.00425531914893617,0,0,0.165957446808511,0.165957446808511,0.204255319148936,0.204255319148936,0.404255319148936,0.238297872340426,0.238297872340426,0.327659574468085,0.327659574468085,0.127659574468085,0.127659574468085,0.127659574468085,0,0.0553191489361702,0.0553191489361702,0.2,0.25
"Cumberland_Virginia_51049","51049",2030,0.723404255319149,NA,0.361702127659574,0.723404255319149,NA,NA,NA,NA,NA,NA,NA,NA,NA,NA,NA,NA,NA,NA,NA,NA,NA,NA,NA,NA,NA,NA,NA,NA,NA,NA,NA
"Danville_Virginia_51590","51590",1970,0,NA,0,0,0,0,0,0,0,0,0,0,0,0,NA,NA,NA,NA,NA,NA,NA,NA,NA,NA,NA,NA,NA,NA,NA,NA,NA
"Danville_Virginia_51590","51590",2000,0.14,0.2,0.2,0.2,0.2,0.2,0,0.2,0.2,0.2,0.2,0.2,0,0,0,0,0.2,0.24,0.24,0.24,0.24,0.04,0.2,0.2,0.2,0.2,0.2,0,0,0.2,0.25
"Danville_Virginia_51590","51590",2030,1,NA,0.5,1,NA,NA,NA,NA,NA,NA,NA,NA,NA,NA,NA,NA,NA,NA,NA,NA,NA,NA,NA,NA,NA,NA,NA,NA,NA,NA,NA
"Dickenson_Virginia_51051","51051",1970,0,NA,0,0,0,0,0,0,0,0,0,0,0,0,NA,NA,NA,NA,NA,NA,NA,NA,NA,NA,NA,NA,NA,NA,NA,NA,NA
"Dickenson_Virginia_51051","51051",2000,0.201307189542484,0,0,0.2,0.2,0.2,0.2,0.2,0,0,0,0,0.294117647058824,0.294117647058824,0.294117647058824,0.294117647058824,0.294117647058824,0,0.2,0.2,0.2,0.2,0.305882352941176,0.145098039215686,0.313725490196078,0.313725490196078,0.313725490196078,0.407843137254902,0.368627450980392,0.250980392156863,0.313725490196078
"Dickenson_Virginia_51051","51051",2030,0.254901960784314,NA,0.127450980392157,0.254901960784314,NA,NA,NA,NA,NA,NA,NA,NA,NA,NA,NA,NA,NA,NA,NA,NA,NA,NA,NA,NA,NA,NA,NA,NA,NA,NA,NA
"Dinwiddie_Virginia_51053","51053",1970,0,NA,0,0,0,0,0,0,0,0,0,0,0,0,NA,NA,NA,NA,NA,NA,NA,NA,NA,NA,NA,NA,NA,NA,NA,NA,NA
"Dinwiddie_Virginia_51053","51053",2000,0.0768888888888889,0,0,0,0,0,0,0.0213333333333333,0.0213333333333333,0.0213333333333333,0.0213333333333333,0.0213333333333333,0,0,0.0266666666666667,0.0266666666666667,0.0266666666666667,0.0266666666666667,0.189333333333333,0.36,0.36,0.36,0.389333333333333,0.226666666666667,0.0293333333333333,0.0533333333333333,0.0533333333333333,0.024,0.024,0.224,0.25
"Dinwiddie_Virginia_51053","51053",2030,1,NA,0.5,1,NA,NA,NA,NA,NA,NA,NA,NA,NA,NA,NA,NA,NA,NA,NA,NA,NA,NA,NA,NA,NA,NA,NA,NA,NA,NA,NA
"Emporia_Virginia_51595","51595",1970,0.0909090909090909,NA,0,0,0,0.2,0.2,0.2,0.2,0.2,0,0,0,0,NA,NA,NA,NA,NA,NA,NA,NA,NA,NA,NA,NA,NA,NA,NA,NA,NA
"Emporia_Virginia_51595","51595",2000,0,0,0,0,0,0,0,0,0,0,0,0,0,0,0,0,0,0,0,0,0,0,0,0,0,0,0,0,0,0.2,0.25
"Emporia_Virginia_51595","51595",2030,1,NA,0.5,1,NA,NA,NA,NA,NA,NA,NA,NA,NA,NA,NA,NA,NA,NA,NA,NA,NA,NA,NA,NA,NA,NA,NA,NA,NA,NA,NA
"Essex_Virginia_51057","51057",1970,0.0909090909090909,NA,0,0,0,0.2,0.2,0.2,0.2,0.2,0,0,0,0,NA,NA,NA,NA,NA,NA,NA,NA,NA,NA,NA,NA,NA,NA,NA,NA,NA
"Essex_Virginia_51057","51057",2000,0.0734848484848485,0,0,0,0,0,0,0.2,0.2,0.2,0.2,0.2,0,0,0,0,0,0,0.2,0.2,0.2,0.222727272727273,0.222727272727273,0.0227272727272727,0.0227272727272727,0.0227272727272727,0,0.0181818181818182,0.0181818181818182,0.0181818181818182,0.0227272727272727
"Essex_Virginia_51057","51057",2030,0,NA,0,0,NA,NA,NA,NA,NA,NA,NA,NA,NA,NA,NA,NA,NA,NA,NA,NA,NA,NA,NA,NA,NA,NA,NA,NA,NA,NA,NA
"Fairfax_Virginia_51059","51059",1970,0.00852272727272727,NA,0,0,0,0.01875,0.01875,0.01875,0.01875,0.01875,0,0,0,0,NA,NA,NA,NA,NA,NA,NA,NA,NA,NA,NA,NA,NA,NA,NA,NA,NA
"Fairfax_Virginia_51059","51059",2000,0.134895833333333,0,0.003125,0.003125,0.003125,0.003125,0.003125,0.2,0.2,0.2,0.2,0.2,0,0,0,0,0,0,0,0.175,0.175,0.375,0.375,0.375,0.2,0.2,0,0.03125,0.23125,0.23125,0.2890625
"Fairfax_Virginia_51059","51059",2030,0,NA,0.5,0,NA,NA,NA,NA,NA,NA,NA,NA,NA,NA,NA,NA,NA,NA,NA,NA,NA,NA,NA,NA,NA,NA,NA,NA,NA,NA,NA
"Fairfax_Virginia_51600","51600",1970,0,NA,0,0,0,0,0,0,0,0,0,0,0,0,NA,NA,NA,NA,NA,NA,NA,NA,NA,NA,NA,NA,NA,NA,NA,NA,NA
"Fairfax_Virginia_51600","51600",2000,0.133333333333333,0,0,0,0,0,0,0.2,0.2,0.2,0.2,0.2,0,0,0,0,0,0,0,0.2,0.2,0.4,0.4,0.4,0.2,0.2,0,0,0.2,0.2,0.25
"Fairfax_Virginia_51600","51600",2030,0,NA,0.5,0,NA,NA,NA,NA,NA,NA,NA,NA,NA,NA,NA,NA,NA,NA,NA,NA,NA,NA,NA,NA,NA,NA,NA,NA,NA,NA,NA
"Fauquier_Virginia_51061","51061",1970,0.0801080108010801,NA,0.174257425742574,0.176237623762376,0.176237623762376,0.176237623762376,0.176237623762376,0.00198019801980198,0,0,0,0,0,0,NA,NA,NA,NA,NA,NA,NA,NA,NA,NA,NA,NA,NA,NA,NA,NA,NA
"Fauquier_Virginia_51061","51061",2000,0.167656765676568,0,0.192079207920792,0.192079207920792,0.192079207920792,0.198019801980198,0.198019801980198,0.205940594059406,0.205940594059406,0.205940594059406,0.2,0.2,0.00396039603960396,0.00396039603960396,0.0732673267326733,0.0732673267326733,0.0732673267326733,0.0693069306930693,0.0693069306930693,0.17029702970297,0.17029702970297,0.368316831683168,0.368316831683168,0.368316831683168,0.198019801980198,0.198019801980198,0,0.00792079207920792,0.166336633663366,0.168316831683168,0.21039603960396
"Fauquier_Virginia_51061","51061",2030,0.0099009900990099,NA,0.400990099009901,0.0099009900990099,NA,NA,NA,NA,NA,NA,NA,NA,NA,NA,NA,NA,NA,NA,NA,NA,NA,NA,NA,NA,NA,NA,NA,NA,NA,NA,NA
"Floyd_Virginia_51063","51063",1970,0.0391849529780564,NA,0.0586206896551724,0.0620689655172414,0.0620689655172414,0.0620689655172414,0.0482758620689655,0.00344827586206897,0.00344827586206897,0.0241379310344828,0.0301724137931034,0.0402298850574713,0.0603448275862069,0.103448275862069,NA,NA,NA,NA,NA,NA,NA,NA,NA,NA,NA,NA,NA,NA,NA,NA,NA
"Floyd_Virginia_51063","51063",2000,0.278735632183908,0.193103448275862,0.193103448275862,0.396551724137931,0.603448275862069,0.582758620689655,0.451724137931034,0.479310344827586,0.279310344827586,0.0689655172413793,0.0689655172413793,0.0586206896551724,0.162068965517241,0.158620689655172,0.182758620689655,0.196551724137931,0.189655172413793,0.0689655172413793,0.137931034482759,0.248275862068966,0.23448275862069,0.258620689655172,0.63448275862069,0.572413793103448,0.437931034482759,0.468965517241379,0.43448275862069,0.0793103448275862,0.127586206896552,0.348275862068965,0.396551724137931
"Floyd_Virginia_51063","51063",2030,1.10344827586207,NA,0.689655172413793,1.10344827586207,NA,NA,NA,NA,NA,NA,NA,NA,NA,NA,NA,NA,NA,NA,NA,NA,NA,NA,NA,NA,NA,NA,NA,NA,NA,NA,NA
"Fluvanna_Virginia_51065","51065",1970,0,NA,0,0,0,0,0,0,0,0,0,0,0,0,NA,NA,NA,NA,NA,NA,NA,NA,NA,NA,NA,NA,NA,NA,NA,NA,NA
"Fluvanna_Virginia_51065","51065",2000,0.120454545454545,0,0.15,0.15,0.15,0.15,0.15,0.0636363636363636,0.0636363636363636,0.0636363636363636,0.0636363636363636,0.0636363636363636,0,0,0.0363636363636364,0.0363636363636364,0.0363636363636364,0.0363636363636364,0.109090909090909,0.0727272727272727,0.0727272727272727,0.272727272727273,0.272727272727273,0.2,0.2,0.2,0,0.2,0.2,0.2,0.25
"Fluvanna_Virginia_51065","51065",2030,0,NA,0,0,NA,NA,NA,NA,NA,NA,NA,NA,NA,NA,NA,NA,NA,NA,NA,NA,NA,NA,NA,NA,NA,NA,NA,NA,NA,NA,NA
"Franklin_Virginia_51067","51067",1970,0,NA,0,0,0,0,0,0,0,0,0,0,0,0,NA,NA,NA,NA,NA,NA,NA,NA,NA,NA,NA,NA,NA,NA,NA,NA,NA
"Franklin_Virginia_51067","51067",2000,0.218042813455657,0.168807339449541,0.168807339449541,0.26605504587156,0.339449541284404,0.343119266055046,0.174311926605505,0.28256880733945,0.185321100917431,0.111926605504587,0.108256880733945,0.108256880733945,0.073394495412844,0.073394495412844,0.073394495412844,0.073394495412844,0.0807339449541284,0.0073394495412844,0.0073394495412844,0.203669724770642,0.203669724770642,0.227522935779817,0.429357798165138,0.429357798165138,0.23302752293578,0.354128440366972,0.322935779816514,0.291743119266055,0.346788990825688,0.544954128440367,0.529816513761468
"Franklin_Virginia_51067","51067",2030,0.990825688073395,NA,0.63302752293578,0.990825688073395,NA,NA,NA,NA,NA,NA,NA,NA,NA,NA,NA,NA,NA,NA,NA,NA,NA,NA,NA,NA,NA,NA,NA,NA,NA,NA,NA
"Franklin_Virginia_51620","51620",1970,0.0909090909090909,NA,0,0,0,0.2,0.2,0.2,0.2,0.2,0,0,0,0,NA,NA,NA,NA,NA,NA,NA,NA,NA,NA,NA,NA,NA,NA,NA,NA,NA
"Franklin_Virginia_51620","51620",2000,0.0666666666666667,0,0,0,0,0,0,0.2,0.2,0.2,0.2,0.2,0,0,0,0,0,0,0.2,0.2,0.2,0.2,0.2,0,0,0,0,0,0,0.2,0.25
"Franklin_Virginia_51620","51620",2030,1,NA,0.5,1,NA,NA,NA,NA,NA,NA,NA,NA,NA,NA,NA,NA,NA,NA,NA,NA,NA,NA,NA,NA,NA,NA,NA,NA,NA,NA,NA
"Frederick_Virginia_51069","51069",1970,0.0695187165775401,NA,0.152941176470588,0.152941176470588,0.152941176470588,0.152941176470588,0.152941176470588,0,0,0,0,0,0,0,NA,NA,NA,NA,NA,NA,NA,NA,NA,NA,NA,NA,NA,NA,NA,NA,NA
"Frederick_Virginia_51069","51069",2000,0.120098039215686,0,0.2,0.2,0.2,0.2,0.2,0.173529411764706,0.173529411764706,0.173529411764706,0.173529411764706,0.173529411764706,0.00588235294117647,0.00588235294117647,0.00588235294117647,0.00588235294117647,0.00588235294117647,0,0.147058823529412,0.317647058823529,0.317647058823529,0.317647058823529,0.317647058823529,0.194117647058824,0.0235294117647059,0.0235294117647059,0.0235294117647059,0.0235294117647059,0,0.0117647058823529,0.0147058823529412
"Frederick_Virginia_51069","51069",2030,0.0588235294117647,NA,0.0294117647058824,0.0588235294117647,NA,NA,NA,NA,NA,NA,NA,NA,NA,NA,NA,NA,NA,NA,NA,NA,NA,NA,NA,NA,NA,NA,NA,NA,NA,NA,NA
"Fredericksburg_Virginia_51630","51630",1970,0.0909090909090909,NA,0,0,0,0.2,0.2,0.2,0.2,0.2,0,0,0,0,NA,NA,NA,NA,NA,NA,NA,NA,NA,NA,NA,NA,NA,NA,NA,NA,NA
"Fredericksburg_Virginia_51630","51630",2000,0.111111111111111,0,0,0,0,0,0,0.2,0.2,0.2,0.2,0.2,0,0,0.0666666666666667,0.0666666666666667,0.0666666666666667,0.0666666666666667,0.0666666666666667,0,0,0.2,0.2,0.2,0.2,0.2,0,0.2,0.2,0.2,0.25
"Fredericksburg_Virginia_51630","51630",2030,0,NA,0,0,NA,NA,NA,NA,NA,NA,NA,NA,NA,NA,NA,NA,NA,NA,NA,NA,NA,NA,NA,NA,NA,NA,NA,NA,NA,NA,NA
"Galax_Virginia_51640","51640",1970,0,NA,0,0,0,0,0,0,0,0,0,0,0,0,NA,NA,NA,NA,NA,NA,NA,NA,NA,NA,NA,NA,NA,NA,NA,NA,NA
"Galax_Virginia_51640","51640",2000,0.233333333333333,0,0,0.2,0.4,0.4,0.4,0.6,0.4,0.2,0.2,0.2,0.2,0.2,0.2,0.2,0.2,0,0,0.2,0.2,0.2,0.5,0.5,0.3,0.3,0.3,0,0.1,0.3,0.375
"Galax_Virginia_51640","51640",2030,1,NA,0.75,1,NA,NA,NA,NA,NA,NA,NA,NA,NA,NA,NA,NA,NA,NA,NA,NA,NA,NA,NA,NA,NA,NA,NA,NA,NA,NA,NA
"Giles_Virginia_51071","51071",1970,0.00470219435736677,NA,0.0103448275862069,0.0103448275862069,0.0103448275862069,0.0103448275862069,0.0103448275862069,0,0,0,0,0,0,0,NA,NA,NA,NA,NA,NA,NA,NA,NA,NA,NA,NA,NA,NA,NA,NA,NA
"Giles_Virginia_51071","51071",2000,0.0419540229885058,0,0,0.0862068965517241,0.0862068965517241,0.0862068965517241,0.0862068965517241,0.117241379310345,0.0310344827586207,0.0310344827586207,0.0310344827586207,0.0310344827586207,0.0310344827586207,0.0310344827586207,0.0310344827586207,0.0310344827586207,0.0310344827586207,0,0.0413793103448276,0.0758620689655172,0.0758620689655172,0.0758620689655172,0.103448275862069,0.0620689655172414,0.0275862068965517,0.0275862068965517,0.0275862068965517,0,0,0.0241379310344828,0.0301724137931034
"Giles_Virginia_51071","51071",2030,0.120689655172414,NA,0.0603448275862069,0.120689655172414,NA,NA,NA,NA,NA,NA,NA,NA,NA,NA,NA,NA,NA,NA,NA,NA,NA,NA,NA,NA,NA,NA,NA,NA,NA,NA,NA
"Gloucester_Virginia_51073","51073",1970,0.136363636363636,NA,0.0111111111111111,0.0111111111111111,0.0111111111111111,0.3,0.3,0.288888888888889,0.288888888888889,0.288888888888889,0,0,0,0,NA,NA,NA,NA,NA,NA,NA,NA,NA,NA,NA,NA,NA,NA,NA,NA,NA
"Gloucester_Virginia_51073","51073",2000,0.0787037037037037,0,0,0,0,0,0,0.2,0.2,0.2,0.2,0.2,0,0,0,0,0,0,0.2,0.255555555555556,0.255555555555556,0.255555555555556,0.255555555555556,0.0555555555555556,0,0.0166666666666667,0.0166666666666667,0.0166666666666667,0.0166666666666667,0.161111111111111,0.180555555555556
"Gloucester_Virginia_51073","51073",2030,0.722222222222222,NA,0.361111111111111,0.722222222222222,NA,NA,NA,NA,NA,NA,NA,NA,NA,NA,NA,NA,NA,NA,NA,NA,NA,NA,NA,NA,NA,NA,NA,NA,NA,NA,NA
"Goochland_Virginia_51075","51075",1970,0.00202020202020202,NA,0,0,0,0.00444444444444444,0.00444444444444444,0.00444444444444444,0.00444444444444444,0.00444444444444444,0,0,0,0,NA,NA,NA,NA,NA,NA,NA,NA,NA,NA,NA,NA,NA,NA,NA,NA,NA
"Goochland_Virginia_51075","51075",2000,0.12962962962963,0,0.0133333333333333,0.0133333333333333,0.0133333333333333,0.0133333333333333,0.0133333333333333,0.04,0.04,0.04,0.04,0.04,0,0,0.177777777777778,0.177777777777778,0.253333333333333,0.253333333333333,0.448888888888889,0.311111111111111,0.311111111111111,0.342222222222222,0.342222222222222,0.146666666666667,0.106666666666667,0.106666666666667,0,0.128888888888889,0.128888888888889,0.16,0.2
"Goochland_Virginia_51075","51075",2030,0.155555555555556,NA,0.0777777777777778,0.155555555555556,NA,NA,NA,NA,NA,NA,NA,NA,NA,NA,NA,NA,NA,NA,NA,NA,NA,NA,NA,NA,NA,NA,NA,NA,NA,NA,NA
"Grayson_Virginia_51077","51077",1970,0.0213068181818182,NA,0.04375,0.04375,0.04375,0.04375,0.034375,0,0,0.003125,0.00390625,0.00520833333333333,0.0078125,0.015625,NA,NA,NA,NA,NA,NA,NA,NA,NA,NA,NA,NA,NA,NA,NA,NA,NA
"Grayson_Virginia_51077","51077",2000,0.228645833333333,0.009375,0.009375,0.209375,0.409375,0.40625,0.421875,0.6375,0.4375,0.240625,0.240625,0.221875,0.159375,0.165625,0.165625,0.171875,0.19375,0.040625,0.078125,0.18125,0.178125,0.16875,0.471875,0.43125,0.325,0.325,0.315625,0.0125,0.05,0.253125,0.3125
"Grayson_Virginia_51077","51077",2030,1.015625,NA,0.609375,1.015625,NA,NA,NA,NA,NA,NA,NA,NA,NA,NA,NA,NA,NA,NA,NA,NA,NA,NA,NA,NA,NA,NA,NA,NA,NA,NA,NA
"Greene_Virginia_51079","51079",1970,0.212121212121212,NA,0.241666666666667,0.3,0.3,0.433333333333333,0.433333333333333,0.191666666666667,0.133333333333333,0.166666666666667,0.0416666666666667,0.0555555555555556,0.0833333333333333,0.166666666666667,NA,NA,NA,NA,NA,NA,NA,NA,NA,NA,NA,NA,NA,NA,NA,NA,NA
"Greene_Virginia_51079","51079",2000,0.281944444444444,0.0333333333333333,0.233333333333333,0.233333333333333,0.316666666666667,0.375,0.383333333333333,0.308333333333333,0.308333333333333,0.225,0.133333333333333,0.125,0.0833333333333333,0.141666666666667,0.216666666666667,0.225,0.225,0.175,0.191666666666667,0.425,0.416666666666667,0.616666666666667,0.766666666666667,0.691666666666667,0.383333333333333,0.383333333333333,0.183333333333333,0,0.125,0.15,0.1875
"Greene_Virginia_51079","51079",2030,0.125,NA,0.375,0.125,NA,NA,NA,NA,NA,NA,NA,NA,NA,NA,NA,NA,NA,NA,NA,NA,NA,NA,NA,NA,NA,NA,NA,NA,NA,NA,NA
"Greensville_Virginia_51081","51081",1970,0.041501976284585,NA,0,0,0,0.091304347826087,0.091304347826087,0.091304347826087,0.091304347826087,0.091304347826087,0,0,0,0,NA,NA,NA,NA,NA,NA,NA,NA,NA,NA,NA,NA,NA,NA,NA,NA,NA
"Greensville_Virginia_51081","51081",2000,0.0123188405797101,0,0,0,0,0,0,0,0,0,0,0,0,0,0,0,0,0.0304347826086957,0.0304347826086957,0.0652173913043478,0.0652173913043478,0.0652173913043478,0.0434782608695652,0.0434782608695652,0.00869565217391304,0.00869565217391304,0.00869565217391304,0,0,0.2,0.25
"Greensville_Virginia_51081","51081",2030,1,NA,0.5,1,NA,NA,NA,NA,NA,NA,NA,NA,NA,NA,NA,NA,NA,NA,NA,NA,NA,NA,NA,NA,NA,NA,NA,NA,NA,NA,NA
"Halifax_Virginia_51083","51083",1970,0.00144300144300144,NA,0.00317460317460317,0.00317460317460317,0.00317460317460317,0.00317460317460317,0.00317460317460317,0,0,0,0,0,0,0,NA,NA,NA,NA,NA,NA,NA,NA,NA,NA,NA,NA,NA,NA,NA,NA,NA
"Halifax_Virginia_51083","51083",2000,0.0489417989417989,0.122222222222222,0.122222222222222,0.122222222222222,0.122222222222222,0.122222222222222,0,0.0238095238095238,0.0238095238095238,0.0238095238095238,0.0238095238095238,0.0238095238095238,0,0,0,0,0.0253968253968254,0.0333333333333333,0.0984126984126984,0.101587301587302,0.101587301587302,0.0761904761904762,0.111111111111111,0.046031746031746,0.0428571428571429,0.046031746031746,0.046031746031746,0.00317460317460317,0.00317460317460317,0.203174603174603,0.25
"Halifax_Virginia_51083","51083",2030,1,NA,0.5,1,NA,NA,NA,NA,NA,NA,NA,NA,NA,NA,NA,NA,NA,NA,NA,NA,NA,NA,NA,NA,NA,NA,NA,NA,NA,NA,NA
"Hampton_Virginia_51650","51650",1970,0.0909090909090909,NA,0,0,0,0.2,0.2,0.2,0.2,0.2,0,0,0,0,NA,NA,NA,NA,NA,NA,NA,NA,NA,NA,NA,NA,NA,NA,NA,NA,NA
"Hampton_Virginia_51650","51650",2000,0.125,0,0,0,0,0,0,0.225,0.225,0.225,0.225,0.225,0,0,0,0,0,0,0.2,0.325,0.325,0.325,0.325,0.125,0,0.2,0.2,0.2,0.2,0.45,0.3125
"Hampton_Virginia_51650","51650",2030,1.25,NA,0.625,1.25,NA,NA,NA,NA,NA,NA,NA,NA,NA,NA,NA,NA,NA,NA,NA,NA,NA,NA,NA,NA,NA,NA,NA,NA,NA,NA,NA
"Hanover_Virginia_51085","51085",1970,0.0448318804483188,NA,0,0,0,0.0986301369863014,0.0986301369863014,0.0986301369863014,0.0986301369863014,0.0986301369863014,0,0,0,0,NA,NA,NA,NA,NA,NA,NA,NA,NA,NA,NA,NA,NA,NA,NA,NA,NA
"Hanover_Virginia_51085","51085",2000,0.120547945205479,0,0.00821917808219178,0.00821917808219178,0.00821917808219178,0.00821917808219178,0.00821917808219178,0.2,0.2,0.2,0.2,0.2,0,0,0.0931506849315068,0.0931506849315068,0.167123287671233,0.167123287671233,0.367123287671233,0.336986301369863,0.336986301369863,0.273972602739726,0.273972602739726,0.073972602739726,0.010958904109589,0.010958904109589,0,0.073972602739726,0.073972602739726,0.073972602739726,0.0924657534246575
"Hanover_Virginia_51085","51085",2030,0,NA,0,0,NA,NA,NA,NA,NA,NA,NA,NA,NA,NA,NA,NA,NA,NA,NA,NA,NA,NA,NA,NA,NA,NA,NA,NA,NA,NA,NA
"Harrisonburg_Virginia_51660","51660",1970,0,NA,0,0,0,0,0,0,0,0,0,0,0,0,NA,NA,NA,NA,NA,NA,NA,NA,NA,NA,NA,NA,NA,NA,NA,NA,NA
"Harrisonburg_Virginia_51660","51660",2000,0.0666666666666667,0,0,0,0,0,0,0.133333333333333,0.133333333333333,0.133333333333333,0.133333333333333,0.133333333333333,0,0,0,0,0,0,0,0,0,0.0666666666666667,0.266666666666667,0.266666666666667,0.266666666666667,0.266666666666667,0.2,0,0,0,0
"Harrisonburg_Virginia_51660","51660",2030,0,NA,0,0,NA,NA,NA,NA,NA,NA,NA,NA,NA,NA,NA,NA,NA,NA,NA,NA,NA,NA,NA,NA,NA,NA,NA,NA,NA,NA,NA
"Henrico_Virginia_51087","51087",1970,0,NA,0,0,0,0,0,0,0,0,0,0,0,0,NA,NA,NA,NA,NA,NA,NA,NA,NA,NA,NA,NA,NA,NA,NA,NA,NA
"Henrico_Virginia_51087","51087",2000,0.090990990990991,0,0,0,0,0,0,0.2,0.2,0.2,0.2,0.2,0,0,0.00540540540540541,0.00540540540540541,0.0324324324324324,0.0324324324324324,0.232432432432432,0.340540540540541,0.340540540540541,0.313513513513514,0.313513513513514,0.113513513513514,0,0,0,0,0,0.0540540540540541,0.0675675675675676
"Henrico_Virginia_51087","51087",2030,0.27027027027027,NA,0.135135135135135,0.27027027027027,NA,NA,NA,NA,NA,NA,NA,NA,NA,NA,NA,NA,NA,NA,NA,NA,NA,NA,NA,NA,NA,NA,NA,NA,NA,NA,NA
"Henry_Virginia_51089","51089",1970,0,NA,0,0,0,0,0,0,0,0,0,0,0,0,NA,NA,NA,NA,NA,NA,NA,NA,NA,NA,NA,NA,NA,NA,NA,NA,NA
"Henry_Virginia_51089","51089",2000,0.200564971751412,0.2,0.2,0.2,0.2,0.2,0,0.2,0.2,0.2,0.2,0.2,0.0440677966101695,0.0440677966101695,0.0440677966101695,0.0440677966101695,0.183050847457627,0.138983050847458,0.138983050847458,0.332203389830508,0.332203389830508,0.193220338983051,0.403389830508475,0.403389830508475,0.210169491525424,0.257627118644068,0.257627118644068,0.0813559322033898,0.216949152542373,0.416949152542373,0.461864406779661
"Henry_Virginia_51089","51089",2030,1,NA,0.838983050847458,1,NA,NA,NA,NA,NA,NA,NA,NA,NA,NA,NA,NA,NA,NA,NA,NA,NA,NA,NA,NA,NA,NA,NA,NA,NA,NA,NA
"Highland_Virginia_51091","51091",1970,0,NA,0,0,0,0,0,0,0,0,0,0,0,0,NA,NA,NA,NA,NA,NA,NA,NA,NA,NA,NA,NA,NA,NA,NA,NA,NA
"Highland_Virginia_51091","51091",2000,0.102051282051282,0.0215384615384615,0.0215384615384615,0.101538461538462,0.16,0.16,0.138461538461538,0.138461538461538,0.0584615384615385,0.00615384615384615,0.00615384615384615,0.00615384615384615,0.00615384615384615,0.00615384615384615,0,0,0,0,0.0861538461538462,0.212307692307692,0.212307692307692,0.233846153846154,0.433846153846154,0.353846153846154,0.233846153846154,0.233846153846154,0.212307692307692,0.0123076923076923,0.00615384615384615,0.0215384615384615,0.0269230769230769
"Highland_Virginia_51091","51091",2030,0.107692307692308,NA,0.0538461538461538,0.107692307692308,NA,NA,NA,NA,NA,NA,NA,NA,NA,NA,NA,NA,NA,NA,NA,NA,NA,NA,NA,NA,NA,NA,NA,NA,NA,NA,NA
"Hopewell_Virginia_51670","51670",1970,0,NA,0,0,0,0,0,0,0,0,0,0,0,0,NA,NA,NA,NA,NA,NA,NA,NA,NA,NA,NA,NA,NA,NA,NA,NA,NA
"Hopewell_Virginia_51670","51670",2000,0.166666666666667,0,0,0,0,0,0,0.2,0.2,0.2,0.2,0.2,0,0,0.2,0.2,0.2,0.2,0.4,0.6,0.6,0.6,0.6,0.4,0,0,0,0,0,0.2,0.25
"Hopewell_Virginia_51670","51670",2030,1,NA,0.5,1,NA,NA,NA,NA,NA,NA,NA,NA,NA,NA,NA,NA,NA,NA,NA,NA,NA,NA,NA,NA,NA,NA,NA,NA,NA,NA,NA
"IsleofWight_Virginia_51093","51093",1970,0.0909090909090909,NA,0,0,0,0.2,0.2,0.2,0.2,0.2,0,0,0,0,NA,NA,NA,NA,NA,NA,NA,NA,NA,NA,NA,NA,NA,NA,NA,NA,NA
"IsleofWight_Virginia_51093","51093",2000,0.0714285714285714,0,0,0,0,0,0,0.220408163265306,0.220408163265306,0.220408163265306,0.220408163265306,0.220408163265306,0,0,0,0,0,0,0.2,0.204081632653061,0.204081632653061,0.204081632653061,0.204081632653061,0.00408163265306122,0,0.00408163265306122,0.00408163265306122,0.00408163265306122,0.00408163265306122,0.257142857142857,0.316326530612245
"IsleofWight_Virginia_51093","51093",2030,1.26530612244898,NA,0.63265306122449,1.26530612244898,NA,NA,NA,NA,NA,NA,NA,NA,NA,NA,NA,NA,NA,NA,NA,NA,NA,NA,NA,NA,NA,NA,NA,NA,NA,NA,NA
"JamesCity_Virginia_51095","51095",1970,0.0909090909090909,NA,0,0,0,0.2,0.2,0.2,0.2,0.2,0,0,0,0,NA,NA,NA,NA,NA,NA,NA,NA,NA,NA,NA,NA,NA,NA,NA,NA,NA
"JamesCity_Virginia_51095","51095",2000,0.0694444444444444,0,0,0,0,0,0,0.208333333333333,0.216666666666667,0.216666666666667,0.216666666666667,0.216666666666667,0.00833333333333333,0,0,0,0,0,0.2,0.2,0.2,0.2,0.2,0,0,0,0,0,0,0.2,0.25
"JamesCity_Virginia_51095","51095",2030,1,NA,0.5,1,NA,NA,NA,NA,NA,NA,NA,NA,NA,NA,NA,NA,NA,NA,NA,NA,NA,NA,NA,NA,NA,NA,NA,NA,NA,NA,NA
"KingGeorge_Virginia_51099","51099",1970,0.0909090909090909,NA,0,0,0,0.2,0.2,0.2,0.2,0.2,0,0,0,0,NA,NA,NA,NA,NA,NA,NA,NA,NA,NA,NA,NA,NA,NA,NA,NA,NA
"KingGeorge_Virginia_51099","51099",2000,0.110714285714286,0,0,0,0,0,0,0.2,0.2,0.2,0.2,0.2,0,0,0.00714285714285714,0.00714285714285714,0.00714285714285714,0.00714285714285714,0.0642857142857143,0.0571428571428571,0.0571428571428571,0.257142857142857,0.257142857142857,0.2,0.2,0.2,0,0.2,0.2,0.2,0.25
"KingGeorge_Virginia_51099","51099",2030,0,NA,0,0,NA,NA,NA,NA,NA,NA,NA,NA,NA,NA,NA,NA,NA,NA,NA,NA,NA,NA,NA,NA,NA,NA,NA,NA,NA,NA,NA
"KingWilliam_Virginia_51101","51101",1970,0.0805785123966942,NA,0,0,0,0.177272727272727,0.177272727272727,0.177272727272727,0.177272727272727,0.177272727272727,0,0,0,0,NA,NA,NA,NA,NA,NA,NA,NA,NA,NA,NA,NA,NA,NA,NA,NA,NA
"KingWilliam_Virginia_51101","51101",2000,0.0818181818181818,0,0,0,0,0,0,0.2,0.2,0.2,0.2,0.2,0,0,0,0,0,0,0.2,0.290909090909091,0.290909090909091,0.290909090909091,0.290909090909091,0.0909090909090909,0,0,0,0,0,0.0136363636363636,0.0170454545454545
"KingWilliam_Virginia_51101","51101",2030,0.0681818181818182,NA,0.0340909090909091,0.0681818181818182,NA,NA,NA,NA,NA,NA,NA,NA,NA,NA,NA,NA,NA,NA,NA,NA,NA,NA,NA,NA,NA,NA,NA,NA,NA,NA,NA
"KingandQueen_Virginia_51097","51097",1970,0.104166666666667,NA,0,0,0,0.229166666666667,0.229166666666667,0.229166666666667,0.229166666666667,0.229166666666667,0,0,0,0,NA,NA,NA,NA,NA,NA,NA,NA,NA,NA,NA,NA,NA,NA,NA,NA,NA
"KingandQueen_Virginia_51097","51097",2000,0.0736111111111111,0,0,0,0,0,0,0.2,0.2,0.2,0.2,0.2,0,0,0.0166666666666667,0.0166666666666667,0.0166666666666667,0.0166666666666667,0.216666666666667,0.225,0.225,0.225,0.225,0.025,0,0,0,0,0,0.00833333333333333,0.0104166666666667
"KingandQueen_Virginia_51097","51097",2030,0.0416666666666667,NA,0.0208333333333333,0.0416666666666667,NA,NA,NA,NA,NA,NA,NA,NA,NA,NA,NA,NA,NA,NA,NA,NA,NA,NA,NA,NA,NA,NA,NA,NA,NA,NA,NA
"Lancaster_Virginia_51103","51103",1970,0.260869565217391,NA,0.2,0.2,0.2,0.573913043478261,0.573913043478261,0.373913043478261,0.373913043478261,0.373913043478261,0,0,0,0,NA,NA,NA,NA,NA,NA,NA,NA,NA,NA,NA,NA,NA,NA,NA,NA,NA
"Lancaster_Virginia_51103","51103",2000,0.0927536231884058,0,0.00869565217391304,0.00869565217391304,0.00869565217391304,0.00869565217391304,0.00869565217391304,0.2,0.234782608695652,0.234782608695652,0.234782608695652,0.234782608695652,0.0347826086956522,0,0,0,0,0.121739130434783,0.31304347826087,0.31304347826087,0.31304347826087,0.31304347826087,0.191304347826087,0,0,0,0,0,0,0,0
"Lancaster_Virginia_51103","51103",2030,0,NA,0,0,NA,NA,NA,NA,NA,NA,NA,NA,NA,NA,NA,NA,NA,NA,NA,NA,NA,NA,NA,NA,NA,NA,NA,NA,NA,NA,NA
"Lee_Virginia_51105","51105",1970,0.0207792207792208,NA,0.00857142857142857,0.00857142857142857,0.00857142857142857,0,0.0142857142857143,0.0142857142857143,0.0142857142857143,0.0371428571428571,0.0464285714285714,0.0380952380952381,0.0571428571428571,0.114285714285714,NA,NA,NA,NA,NA,NA,NA,NA,NA,NA,NA,NA,NA,NA,NA,NA,NA
"Lee_Virginia_51105","51105",2000,0.370952380952381,0.365714285714286,0.371428571428571,0.577142857142857,0.611428571428571,0.588571428571429,0.26,0.24,0.0628571428571429,0.0285714285714286,0.0714285714285714,0.108571428571429,0.437142857142857,0.408571428571429,0.525714285714286,0.511428571428571,0.474285714285714,0.171428571428571,0.382857142857143,0.285714285714286,0.268571428571429,0.268571428571429,0.42,0.214285714285714,0.342857142857143,0.342857142857143,0.342857142857143,0.365714285714286,0.58,0.631428571428571,0.775
"Lee_Virginia_51105","51105",2030,1,NA,1.05,1,NA,NA,NA,NA,NA,NA,NA,NA,NA,NA,NA,NA,NA,NA,NA,NA,NA,NA,NA,NA,NA,NA,NA,NA,NA,NA,NA
"Loudoun_Virginia_51107","51107",1970,0.0233100233100233,NA,0.0512820512820513,0.0512820512820513,0.0512820512820513,0.0512820512820513,0.0512820512820513,0,0,0,0,0,0,0,NA,NA,NA,NA,NA,NA,NA,NA,NA,NA,NA,NA,NA,NA,NA,NA,NA
"Loudoun_Virginia_51107","51107",2000,0.15042735042735,0,0.194871794871795,0.194871794871795,0.194871794871795,0.194871794871795,0.194871794871795,0.0846153846153846,0.0846153846153846,0.0846153846153846,0.0846153846153846,0.0846153846153846,0,0,0,0,0,0,0.0230769230769231,0.223076923076923,0.223076923076923,0.423076923076923,0.423076923076923,0.4,0.2,0.2,0,0,0.2,0.2,0.25
"Loudoun_Virginia_51107","51107",2030,0,NA,0.5,0,NA,NA,NA,NA,NA,NA,NA,NA,NA,NA,NA,NA,NA,NA,NA,NA,NA,NA,NA,NA,NA,NA,NA,NA,NA,NA,NA
"Louisa_Virginia_51109","51109",1970,0.025974025974026,NA,0.038961038961039,0.038961038961039,0.038961038961039,0.0415584415584416,0.0415584415584416,0.0025974025974026,0.0025974025974026,0.0181818181818182,0.0194805194805195,0.025974025974026,0.038961038961039,0.0779220779220779,NA,NA,NA,NA,NA,NA,NA,NA,NA,NA,NA,NA,NA,NA,NA,NA,NA
"Louisa_Virginia_51109","51109",2000,0.145021645021645,0.0155844155844156,0.202597402597403,0.202597402597403,0.202597402597403,0.187012987012987,0.187012987012987,0.148051948051948,0.148051948051948,0.148051948051948,0.148051948051948,0.148051948051948,0,0,0.0753246753246753,0.0753246753246753,0.0805194805194805,0.0805194805194805,0.142857142857143,0.0675324675324675,0.0675324675324675,0.254545454545455,0.254545454545455,0.192207792207792,0.192207792207792,0.192207792207792,0,0.184415584415584,0.184415584415584,0.184415584415584,0.230519480519481
"Louisa_Virginia_51109","51109",2030,0,NA,0,0,NA,NA,NA,NA,NA,NA,NA,NA,NA,NA,NA,NA,NA,NA,NA,NA,NA,NA,NA,NA,NA,NA,NA,NA,NA,NA,NA
"Lunenburg_Virginia_51111","51111",1970,0,NA,0,0,0,0,0,0,0,0,0,0,0,0,NA,NA,NA,NA,NA,NA,NA,NA,NA,NA,NA,NA,NA,NA,NA,NA,NA
"Lunenburg_Virginia_51111","51111",2000,0.0401041666666667,0,0,0,0,0,0,0,0,0,0,0,0,0,0.0625,0.0625,0.0625,0.0625,0.16875,0.11875,0.11875,0.11875,0.11875,0.0125,0,0.059375,0.059375,0.059375,0.059375,0.259375,0.25
"Lunenburg_Virginia_51111","51111",2030,1,NA,0.5,1,NA,NA,NA,NA,NA,NA,NA,NA,NA,NA,NA,NA,NA,NA,NA,NA,NA,NA,NA,NA,NA,NA,NA,NA,NA,NA,NA
"Lynchburg_Virginia_51680","51680",1970,0,NA,0,0,0,0,0,0,0,0,0,0,0,0,NA,NA,NA,NA,NA,NA,NA,NA,NA,NA,NA,NA,NA,NA,NA,NA,NA
"Lynchburg_Virginia_51680","51680",2000,0.133333333333333,0,0,0.075,0.075,0.075,0.075,0.075,0,0,0,0,0,0,0,0,0,0,0.2,0.4,0.4,0.4,0.4,0.2,0,0,0,0.2,0.325,0.475,0.59375
"Lynchburg_Virginia_51680","51680",2030,0.75,NA,0.6875,0.75,NA,NA,NA,NA,NA,NA,NA,NA,NA,NA,NA,NA,NA,NA,NA,NA,NA,NA,NA,NA,NA,NA,NA,NA,NA,NA,NA
"Madison_Virginia_51113","51113",1970,0.171122994652406,NA,0.223529411764706,0.282352941176471,0.282352941176471,0.368627450980392,0.36078431372549,0.145098039215686,0.0862745098039216,0.0941176470588235,0.00980392156862745,0.0130718954248366,0.0196078431372549,0.0392156862745098,NA,NA,NA,NA,NA,NA,NA,NA,NA,NA,NA,NA,NA,NA,NA,NA,NA
"Madison_Virginia_51113","51113",2000,0.23921568627451,0.00784313725490196,0.211764705882353,0.211764705882353,0.294117647058823,0.345098039215686,0.345098039215686,0.396078431372549,0.396078431372549,0.313725490196078,0.254901960784314,0.254901960784314,0.0784313725490196,0.0941176470588235,0.113725490196078,0.113725490196078,0.113725490196078,0.0784313725490196,0.0980392156862745,0.427450980392157,0.427450980392157,0.537254901960784,0.63921568627451,0.603921568627451,0.254901960784314,0.254901960784314,0.145098039215686,0,0.0313725490196078,0.0352941176470588,0.0441176470588235
"Madison_Virginia_51113","51113",2030,0.0196078431372549,NA,0.0882352941176471,0.0196078431372549,NA,NA,NA,NA,NA,NA,NA,NA,NA,NA,NA,NA,NA,NA,NA,NA,NA,NA,NA,NA,NA,NA,NA,NA,NA,NA,NA
"ManassasPark_Virginia_51685","51685",1970,0,NA,0,0,0,0,0,0,0,0,0,0,0,0,NA,NA,NA,NA,NA,NA,NA,NA,NA,NA,NA,NA,NA,NA,NA,NA,NA
"ManassasPark_Virginia_51685","51685",2000,0.133333333333333,0,0,0,0,0,0,0.2,0.2,0.2,0.2,0.2,0,0,0,0,0,0,0,0.2,0.2,0.4,0.4,0.4,0.2,0.2,0,0,0.2,0.2,0.25
"ManassasPark_Virginia_51685","51685",2030,0,NA,0.5,0,NA,NA,NA,NA,NA,NA,NA,NA,NA,NA,NA,NA,NA,NA,NA,NA,NA,NA,NA,NA,NA,NA,NA,NA,NA,NA,NA
"Manassas_Virginia_51683","51683",1970,0,NA,0,0,0,0,0,0,0,0,0,0,0,0,NA,NA,NA,NA,NA,NA,NA,NA,NA,NA,NA,NA,NA,NA,NA,NA,NA
"Manassas_Virginia_51683","51683",2000,0.111111111111111,0,0,0,0,0,0,0.2,0.2,0.2,0.2,0.2,0,0,0,0,0,0,0,0.0666666666666667,0.0666666666666667,0.266666666666667,0.266666666666667,0.266666666666667,0.2,0.2,0,0,0.2,0.2,0.25
"Manassas_Virginia_51683","51683",2030,0,NA,0.5,0,NA,NA,NA,NA,NA,NA,NA,NA,NA,NA,NA,NA,NA,NA,NA,NA,NA,NA,NA,NA,NA,NA,NA,NA,NA,NA,NA
"Martinsville_Virginia_51690","51690",1970,0,NA,0,0,0,0,0,0,0,0,0,0,0,0,NA,NA,NA,NA,NA,NA,NA,NA,NA,NA,NA,NA,NA,NA,NA,NA,NA
"Martinsville_Virginia_51690","51690",2000,0.222222222222222,0.2,0.2,0.2,0.2,0.2,0,0.2,0.2,0.2,0.2,0.2,0,0,0,0,0.2,0.2,0.2,0.4,0.4,0.2,0.533333333333333,0.533333333333333,0.333333333333333,0.333333333333333,0.333333333333333,0,0.2,0.4,0.5
"Martinsville_Virginia_51690","51690",2030,1,NA,1,1,NA,NA,NA,NA,NA,NA,NA,NA,NA,NA,NA,NA,NA,NA,NA,NA,NA,NA,NA,NA,NA,NA,NA,NA,NA,NA,NA
"Mathews_Virginia_51115","51115",1970,0.272727272727273,NA,0.2,0.2,0.2,0.6,0.6,0.4,0.4,0.4,0,0,0,0,NA,NA,NA,NA,NA,NA,NA,NA,NA,NA,NA,NA,NA,NA,NA,NA,NA
"Mathews_Virginia_51115","51115",2000,0.125,0,0,0,0,0,0,0.3125,0.3125,0.3125,0.3125,0.3125,0,0,0,0,0,0,0.2,0.35,0.35,0.35,0.35,0.15,0,0.0875,0.0875,0.0875,0.0875,0.1625,0.09375
"Mathews_Virginia_51115","51115",2030,0.375,NA,0.1875,0.375,NA,NA,NA,NA,NA,NA,NA,NA,NA,NA,NA,NA,NA,NA,NA,NA,NA,NA,NA,NA,NA,NA,NA,NA,NA,NA,NA
"Mecklenburg_Virginia_51117","51117",1970,0,NA,0,0,0,0,0,0,0,0,0,0,0,0,NA,NA,NA,NA,NA,NA,NA,NA,NA,NA,NA,NA,NA,NA,NA,NA,NA
"Mecklenburg_Virginia_51117","51117",2000,0.036963696369637,0.0237623762376238,0.0237623762376238,0.0237623762376238,0.0237623762376238,0.0237623762376238,0,0,0,0,0,0,0,0,0,0.0396039603960396,0.0396039603960396,0.0396039603960396,0.0594059405940594,0.164356435643564,0.124752475247525,0.124752475247525,0.124752475247525,0.104950495049505,0,0.0138613861386139,0.0138613861386139,0.0336633663366337,0.0336633663366337,0.227722772277228,0.267326732673267
"Mecklenburg_Virginia_51117","51117",2030,0.97029702970297,NA,0.485148514851485,0.97029702970297,NA,NA,NA,NA,NA,NA,NA,NA,NA,NA,NA,NA,NA,NA,NA,NA,NA,NA,NA,NA,NA,NA,NA,NA,NA,NA,NA
"Middlesex_Virginia_51119","51119",1970,0.209486166007905,NA,0.0695652173913043,0.0695652173913043,0.0695652173913043,0.460869565217391,0.460869565217391,0.391304347826087,0.391304347826087,0.391304347826087,0,0,0,0,NA,NA,NA,NA,NA,NA,NA,NA,NA,NA,NA,NA,NA,NA,NA,NA,NA
"Middlesex_Virginia_51119","51119",2000,0.0826086956521739,0,0,0,0,0,0,0.2,0.217391304347826,0.217391304347826,0.217391304347826,0.217391304347826,0.0173913043478261,0,0,0,0,0,0.2,0.208695652173913,0.208695652173913,0.208695652173913,0.208695652173913,0.00869565217391304,0,0.0695652173913043,0.0695652173913043,0.0695652173913043,0.0695652173913043,0.0695652173913043,0
"Middlesex_Virginia_51119","51119",2030,0,NA,0,0,NA,NA,NA,NA,NA,NA,NA,NA,NA,NA,NA,NA,NA,NA,NA,NA,NA,NA,NA,NA,NA,NA,NA,NA,NA,NA,NA
"Montgomery_Virginia_51121","51121",1970,0,NA,0,0,0,0,0,0,0,0,0,0,0,0,NA,NA,NA,NA,NA,NA,NA,NA,NA,NA,NA,NA,NA,NA,NA,NA,NA
"Montgomery_Virginia_51121","51121",2000,0.0865497076023392,0.0280701754385965,0.0280701754385965,0.228070175438596,0.235087719298246,0.235087719298246,0.207017543859649,0.207017543859649,0.00701754385964912,0,0,0,0.147368421052632,0.147368421052632,0.147368421052632,0.147368421052632,0.147368421052632,0,0.00350877192982456,0.00701754385964912,0.00701754385964912,0.00701754385964912,0.133333333333333,0.129824561403509,0.126315789473684,0.126315789473684,0.126315789473684,0.00350877192982456,0.00350877192982456,0.171929824561403,0.214912280701754
"Montgomery_Virginia_51121","51121",2030,0.842105263157895,NA,0.421052631578947,0.842105263157895,NA,NA,NA,NA,NA,NA,NA,NA,NA,NA,NA,NA,NA,NA,NA,NA,NA,NA,NA,NA,NA,NA,NA,NA,NA,NA,NA
"Nelson_Virginia_51125","51125",1970,0.0946969696969697,NA,0.122222222222222,0.136111111111111,0.136111111111111,0.186111111111111,0.166666666666667,0.0638888888888889,0.05,0.0722222222222222,0.0277777777777778,0.037037037037037,0.0555555555555556,0.111111111111111,NA,NA,NA,NA,NA,NA,NA,NA,NA,NA,NA,NA,NA,NA,NA,NA,NA
"Nelson_Virginia_51125","51125",2000,0.288425925925926,0.05,0.186111111111111,0.35,0.480555555555556,0.541666666666667,0.516666666666667,0.438888888888889,0.275,0.144444444444444,0.0611111111111111,0.0583333333333333,0.0444444444444444,0.0444444444444444,0.108333333333333,0.108333333333333,0.125,0.0805555555555555,0.211111111111111,0.377777777777778,0.377777777777778,0.561111111111111,0.75,0.625,0.394444444444444,0.394444444444444,0.194444444444444,0.113888888888889,0.225,0.272222222222222,0.340277777777778
"Nelson_Virginia_51125","51125",2030,0.236111111111111,NA,0.409722222222222,0.236111111111111,NA,NA,NA,NA,NA,NA,NA,NA,NA,NA,NA,NA,NA,NA,NA,NA,NA,NA,NA,NA,NA,NA,NA,NA,NA,NA,NA
"NewKent_Virginia_51127","51127",1970,0.0523415977961433,NA,0,0,0,0.115151515151515,0.115151515151515,0.115151515151515,0.115151515151515,0.115151515151515,0,0,0,0,NA,NA,NA,NA,NA,NA,NA,NA,NA,NA,NA,NA,NA,NA,NA,NA,NA
"NewKent_Virginia_51127","51127",2000,0.0868686868686869,0,0,0,0,0,0,0.2,0.2,0.2,0.2,0.2,0,0,0,0,0,0,0.2,0.321212121212121,0.321212121212121,0.321212121212121,0.321212121212121,0.121212121212121,0,0,0,0,0,0.16969696969697,0.212121212121212
"NewKent_Virginia_51127","51127",2030,0.848484848484849,NA,0.424242424242424,0.848484848484849,NA,NA,NA,NA,NA,NA,NA,NA,NA,NA,NA,NA,NA,NA,NA,NA,NA,NA,NA,NA,NA,NA,NA,NA,NA,NA,NA
"NewportNews_Virginia_51700","51700",1970,0.0909090909090909,NA,0,0,0,0.2,0.2,0.2,0.2,0.2,0,0,0,0,NA,NA,NA,NA,NA,NA,NA,NA,NA,NA,NA,NA,NA,NA,NA,NA,NA
"NewportNews_Virginia_51700","51700",2000,0.107407407407407,0,0,0,0,0,0,0.377777777777778,0.377777777777778,0.377777777777778,0.377777777777778,0.377777777777778,0,0,0,0,0,0,0.2,0.2,0.2,0.2,0.2,0,0,0.0666666666666667,0.0666666666666667,0.0666666666666667,0.0666666666666667,0.311111111111111,0.305555555555556
"NewportNews_Virginia_51700","51700",2030,1.22222222222222,NA,0.611111111111111,1.22222222222222,NA,NA,NA,NA,NA,NA,NA,NA,NA,NA,NA,NA,NA,NA,NA,NA,NA,NA,NA,NA,NA,NA,NA,NA,NA,NA,NA
"Norfolk_Virginia_51710","51710",1970,0.0909090909090909,NA,0,0,0,0.2,0.2,0.2,0.2,0.2,0,0,0,0,NA,NA,NA,NA,NA,NA,NA,NA,NA,NA,NA,NA,NA,NA,NA,NA,NA
"Norfolk_Virginia_51710","51710",2000,0.151851851851852,0,0,0,0,0,0,0.2,0.2,0.2,0.2,0.2,0,0,0,0,0,0,0.2,0.355555555555556,0.355555555555556,0.355555555555556,0.511111111111111,0.311111111111111,0.155555555555556,0.355555555555556,0.355555555555556,0.2,0.2,0.355555555555556,0.194444444444444
"Norfolk_Virginia_51710","51710",2030,0.777777777777778,NA,0.388888888888889,0.777777777777778,NA,NA,NA,NA,NA,NA,NA,NA,NA,NA,NA,NA,NA,NA,NA,NA,NA,NA,NA,NA,NA,NA,NA,NA,NA,NA,NA
"Northampton_Virginia_51131","51131",1970,0.181818181818182,NA,0.0792452830188679,0.0792452830188679,0.0792452830188679,0.4,0.4,0.320754716981132,0.320754716981132,0.320754716981132,0,0,0,0,NA,NA,NA,NA,NA,NA,NA,NA,NA,NA,NA,NA,NA,NA,NA,NA,NA
"Northampton_Virginia_51131","51131",2000,0.19559748427673,0,0,0,0,0,0,0.30188679245283,0.30188679245283,0.30188679245283,0.30188679245283,0.30188679245283,0,0,0.120754716981132,0.120754716981132,0.120754716981132,0.260377358490566,0.460377358490566,0.339622641509434,0.339622641509434,0.350943396226415,0.411320754716981,0.211320754716981,0.211320754716981,0.411320754716981,0.4,0.2,0.2,0.362264150943396,0.202830188679245
"Northampton_Virginia_51131","51131",2030,0.811320754716981,NA,0.405660377358491,0.811320754716981,NA,NA,NA,NA,NA,NA,NA,NA,NA,NA,NA,NA,NA,NA,NA,NA,NA,NA,NA,NA,NA,NA,NA,NA,NA,NA,NA
"Northumberland_Virginia_51133","51133",1970,0.208211143695015,NA,0.2,0.2,0.2,0.458064516129032,0.458064516129032,0.258064516129032,0.258064516129032,0.258064516129032,0,0,0,0,NA,NA,NA,NA,NA,NA,NA,NA,NA,NA,NA,NA,NA,NA,NA,NA,NA
"Northumberland_Virginia_51133","51133",2000,0.1,0,0.0193548387096774,0.0193548387096774,0.0193548387096774,0.0193548387096774,0.0193548387096774,0.232258064516129,0.290322580645161,0.290322580645161,0.290322580645161,0.290322580645161,0.0580645161290323,0,0,0,0,0.148387096774194,0.290322580645161,0.290322580645161,0.290322580645161,0.290322580645161,0.141935483870968,0,0,0,0,0,0,0,0
"Northumberland_Virginia_51133","51133",2030,0,NA,0,0,NA,NA,NA,NA,NA,NA,NA,NA,NA,NA,NA,NA,NA,NA,NA,NA,NA,NA,NA,NA,NA,NA,NA,NA,NA,NA,NA
"Norton_Virginia_51720","51720",1970,0,NA,0,0,0,0,0,0,0,0,0,0,0,0,NA,NA,NA,NA,NA,NA,NA,NA,NA,NA,NA,NA,NA,NA,NA,NA,NA
"Norton_Virginia_51720","51720",2000,0.25,0,0,0.2,0.4,0.4,0.4,0.4,0.2,0,0.1,0.1,0.5,0.5,0.5,0.4,0.4,0,0.2,0.2,0.2,0.2,0.4,0.2,0.2,0.2,0.2,0.2,0.2,0.4,0.5
"Norton_Virginia_51720","51720",2030,1,NA,0.5,1,NA,NA,NA,NA,NA,NA,NA,NA,NA,NA,NA,NA,NA,NA,NA,NA,NA,NA,NA,NA,NA,NA,NA,NA,NA,NA,NA
"Nottoway_Virginia_51135","51135",1970,0,NA,0,0,0,0,0,0,0,0,0,0,0,0,NA,NA,NA,NA,NA,NA,NA,NA,NA,NA,NA,NA,NA,NA,NA,NA,NA
"Nottoway_Virginia_51135","51135",2000,0.0877551020408163,0,0,0,0,0,0,0,0,0,0,0,0,0,0.179591836734694,0.179591836734694,0.179591836734694,0.179591836734694,0.379591836734694,0.257142857142857,0.257142857142857,0.257142857142857,0.257142857142857,0.0571428571428571,0,0.0897959183673469,0.0897959183673469,0.0897959183673469,0.0897959183673469,0.289795918367347,0.25
"Nottoway_Virginia_51135","51135",2030,1,NA,0.5,1,NA,NA,NA,NA,NA,NA,NA,NA,NA,NA,NA,NA,NA,NA,NA,NA,NA,NA,NA,NA,NA,NA,NA,NA,NA,NA,NA
"Orange_Virginia_51137","51137",1970,0.0891608391608392,NA,0.196153846153846,0.196153846153846,0.196153846153846,0.196153846153846,0.196153846153846,0,0,0,0,0,0,0,NA,NA,NA,NA,NA,NA,NA,NA,NA,NA,NA,NA,NA,NA,NA,NA,NA
"Orange_Virginia_51137","51137",2000,0.124358974358974,0,0.2,0.2,0.2,0.2,0.2,0.0153846153846154,0.0153846153846154,0.0153846153846154,0.0153846153846154,0.0153846153846154,0.0115384615384615,0.0115384615384615,0.0692307692307692,0.0692307692307692,0.0692307692307692,0.0576923076923077,0.0576923076923077,0.0538461538461538,0.0538461538461538,0.253846153846154,0.292307692307692,0.292307692307692,0.238461538461538,0.238461538461538,0.0384615384615385,0.169230769230769,0.169230769230769,0.184615384615385,0.230769230769231
"Orange_Virginia_51137","51137",2030,0.0769230769230769,NA,0.0384615384615385,0.0769230769230769,NA,NA,NA,NA,NA,NA,NA,NA,NA,NA,NA,NA,NA,NA,NA,NA,NA,NA,NA,NA,NA,NA,NA,NA,NA,NA,NA
"Page_Virginia_51139","51139",1970,0.133333333333333,NA,0.2,0.271111111111111,0.271111111111111,0.288888888888889,0.284444444444444,0.0888888888888889,0.0177777777777778,0.0222222222222222,0.00555555555555556,0.00740740740740741,0.0111111111111111,0.0222222222222222,NA,NA,NA,NA,NA,NA,NA,NA,NA,NA,NA,NA,NA,NA,NA,NA,NA
"Page_Virginia_51139","51139",2000,0.200740740740741,0.00444444444444444,0.208888888888889,0.208888888888889,0.364444444444444,0.4,0.4,0.342222222222222,0.342222222222222,0.186666666666667,0.146666666666667,0.146666666666667,0.0355555555555556,0.0444444444444444,0.0488888888888889,0.0488888888888889,0.0488888888888889,0.0311111111111111,0.195555555555556,0.391111111111111,0.391111111111111,0.52,0.582222222222222,0.408888888888889,0.208888888888889,0.208888888888889,0.08,0,0.00444444444444444,0.0355555555555556,0.0444444444444444
"Page_Virginia_51139","51139",2030,0.155555555555556,NA,0.0888888888888889,0.155555555555556,NA,NA,NA,NA,NA,NA,NA,NA,NA,NA,NA,NA,NA,NA,NA,NA,NA,NA,NA,NA,NA,NA,NA,NA,NA,NA,NA
"Patrick_Virginia_51141","51141",1970,0.0798525798525798,NA,0.0648648648648649,0.0675675675675676,0.0675675675675676,0.0675675675675676,0.0378378378378378,0.0027027027027027,0.00540540540540541,0.108108108108108,0.135135135135135,0.18018018018018,0.27027027027027,0.513513513513513,NA,NA,NA,NA,NA,NA,NA,NA,NA,NA,NA,NA,NA,NA,NA,NA,NA
"Patrick_Virginia_51141","51141",2000,0.387837837837838,0.291891891891892,0.291891891891892,0.313513513513514,0.440540540540541,0.337837837837838,0.308108108108108,0.416216216216216,0.413513513513514,0.281081081081081,0.281081081081081,0.191891891891892,0.245945945945946,0.227027027027027,0.267567567567568,0.289189189189189,0.243243243243243,0.0918918918918919,0.197297297297297,0.389189189189189,0.367567567567568,0.47027027027027,0.821621621621622,0.732432432432432,0.5,0.567567567567568,0.483783783783784,0.3,0.443243243243243,0.675675675675676,0.760135135135135
"Patrick_Virginia_51141","51141",2030,1.16216216216216,NA,0.97972972972973,1.16216216216216,NA,NA,NA,NA,NA,NA,NA,NA,NA,NA,NA,NA,NA,NA,NA,NA,NA,NA,NA,NA,NA,NA,NA,NA,NA,NA,NA
"Petersburg_Virginia_51730","51730",1970,0,NA,0,0,0,0,0,0,0,0,0,0,0,0,NA,NA,NA,NA,NA,NA,NA,NA,NA,NA,NA,NA,NA,NA,NA,NA,NA
"Petersburg_Virginia_51730","51730",2000,0.1,0,0,0,0,0,0,0.2,0.2,0.2,0.2,0.2,0,0,0,0,0,0,0.2,0.4,0.4,0.4,0.4,0.2,0,0,0,0,0,0.2,0.25
"Petersburg_Virginia_51730","51730",2030,1,NA,0.5,1,NA,NA,NA,NA,NA,NA,NA,NA,NA,NA,NA,NA,NA,NA,NA,NA,NA,NA,NA,NA,NA,NA,NA,NA,NA,NA,NA
"Pittsylvania_Virginia_51143","51143",1970,0,NA,0,0,0,0,0,0,0,0,0,0,0,0,NA,NA,NA,NA,NA,NA,NA,NA,NA,NA,NA,NA,NA,NA,NA,NA,NA
"Pittsylvania_Virginia_51143","51143",2000,0.147945205479452,0.143835616438356,0.143835616438356,0.143835616438356,0.143835616438356,0.143835616438356,0,0.194520547945205,0.194520547945205,0.194520547945205,0.194520547945205,0.194520547945205,0,0,0,0,0.147945205479452,0.168493150684932,0.176712328767123,0.324657534246575,0.324657534246575,0.176712328767123,0.320547945205479,0.312328767123288,0.164383561643836,0.173972602739726,0.173972602739726,0.0534246575342466,0.0602739726027397,0.26027397260274,0.313356164383562
"Pittsylvania_Virginia_51143","51143",2030,1,NA,0.517123287671233,1,NA,NA,NA,NA,NA,NA,NA,NA,NA,NA,NA,NA,NA,NA,NA,NA,NA,NA,NA,NA,NA,NA,NA,NA,NA,NA,NA
"Poquoson_Virginia_51735","51735",1970,0.0909090909090909,NA,0,0,0,0.2,0.2,0.2,0.2,0.2,0,0,0,0,NA,NA,NA,NA,NA,NA,NA,NA,NA,NA,NA,NA,NA,NA,NA,NA,NA
"Poquoson_Virginia_51735","51735",2000,0.1,0,0,0,0,0,0,0.24,0.28,0.28,0.28,0.28,0.04,0,0,0,0,0,0.2,0.28,0.28,0.28,0.28,0.08,0,0.04,0.04,0.04,0.04,0.4,0.45
"Poquoson_Virginia_51735","51735",2030,1.8,NA,0.9,1.8,NA,NA,NA,NA,NA,NA,NA,NA,NA,NA,NA,NA,NA,NA,NA,NA,NA,NA,NA,NA,NA,NA,NA,NA,NA,NA,NA
"Portsmouth_Virginia_51740","51740",1970,0.0909090909090909,NA,0,0,0,0.2,0.2,0.2,0.2,0.2,0,0,0,0,NA,NA,NA,NA,NA,NA,NA,NA,NA,NA,NA,NA,NA,NA,NA,NA,NA
"Portsmouth_Virginia_51740","51740",2000,0.12,0,0,0,0,0,0,0.2,0.2,0.2,0.2,0.2,0,0,0,0,0,0,0.2,0.4,0.4,0.4,0.4,0.2,0,0.12,0.12,0.12,0.12,0.32,0.25
"Portsmouth_Virginia_51740","51740",2030,1,NA,0.5,1,NA,NA,NA,NA,NA,NA,NA,NA,NA,NA,NA,NA,NA,NA,NA,NA,NA,NA,NA,NA,NA,NA,NA,NA,NA,NA,NA
"Powhatan_Virginia_51145","51145",1970,0,NA,0,0,0,0,0,0,0,0,0,0,0,0,NA,NA,NA,NA,NA,NA,NA,NA,NA,NA,NA,NA,NA,NA,NA,NA,NA
"Powhatan_Virginia_51145","51145",2000,0.0975609756097561,0,0,0,0,0,0,0,0,0,0,0,0,0,0.2,0.2,0.317073170731707,0.317073170731707,0.517073170731707,0.375609756097561,0.375609756097561,0.268292682926829,0.268292682926829,0.0682926829268293,0.00975609756097561,0.00975609756097561,0,0,0,0.121951219512195,0.152439024390244
"Powhatan_Virginia_51145","51145",2030,0.609756097560976,NA,0.304878048780488,0.609756097560976,NA,NA,NA,NA,NA,NA,NA,NA,NA,NA,NA,NA,NA,NA,NA,NA,NA,NA,NA,NA,NA,NA,NA,NA,NA,NA,NA
"PrinceEdward_Virginia_51147","51147",1970,0.0157342657342657,NA,0,0,0,0,0,0,0,0.0346153846153846,0.0432692307692308,0.0576923076923077,0.0865384615384615,0.173076923076923,NA,NA,NA,NA,NA,NA,NA,NA,NA,NA,NA,NA,NA,NA,NA,NA,NA
"PrinceEdward_Virginia_51147","51147",2000,0.0858974358974359,0.0346153846153846,0.0346153846153846,0.0346153846153846,0.0346153846153846,0,0,0,0,0,0,0,0,0,0.142307692307692,0.142307692307692,0.273076923076923,0.273076923076923,0.473076923076923,0.330769230769231,0.330769230769231,0.207692307692308,0.207692307692308,0.00769230769230769,0.00769230769230769,0.00769230769230769,0,0,0,0.2,0.25
"PrinceEdward_Virginia_51147","51147",2030,1,NA,0.5,1,NA,NA,NA,NA,NA,NA,NA,NA,NA,NA,NA,NA,NA,NA,NA,NA,NA,NA,NA,NA,NA,NA,NA,NA,NA,NA,NA
"PrinceGeorge_Virginia_51149","51149",1970,0.0626262626262626,NA,0,0,0,0.137777777777778,0.137777777777778,0.137777777777778,0.137777777777778,0.137777777777778,0,0,0,0,NA,NA,NA,NA,NA,NA,NA,NA,NA,NA,NA,NA,NA,NA,NA,NA,NA
"PrinceGeorge_Virginia_51149","51149",2000,0.111111111111111,0,0,0,0,0,0,0.195555555555556,0.195555555555556,0.195555555555556,0.195555555555556,0.195555555555556,0,0,0.0222222222222222,0.0222222222222222,0.0222222222222222,0.0222222222222222,0.222222222222222,0.44,0.44,0.44,0.448888888888889,0.248888888888889,0.00888888888888889,0.00888888888888889,0.00888888888888889,0,0,0.2,0.25
"PrinceGeorge_Virginia_51149","51149",2030,1,NA,0.5,1,NA,NA,NA,NA,NA,NA,NA,NA,NA,NA,NA,NA,NA,NA,NA,NA,NA,NA,NA,NA,NA,NA,NA,NA,NA,NA,NA
"PrinceWilliam_Virginia_51153","51153",1970,0.0363636363636364,NA,0.0181818181818182,0.0181818181818182,0.0181818181818182,0.08,0.08,0.0618181818181818,0.0618181818181818,0.0618181818181818,0,0,0,0,NA,NA,NA,NA,NA,NA,NA,NA,NA,NA,NA,NA,NA,NA,NA,NA,NA
"PrinceWilliam_Virginia_51153","51153",2000,0.136969696969697,0,0.0509090909090909,0.0509090909090909,0.0509090909090909,0.0509090909090909,0.0509090909090909,0.2,0.2,0.2,0.2,0.2,0.00727272727272727,0.00727272727272727,0.0181818181818182,0.0181818181818182,0.0181818181818182,0.0109090909090909,0.0109090909090909,0.112727272727273,0.112727272727273,0.312727272727273,0.312727272727273,0.312727272727273,0.2,0.2,0,0.0472727272727273,0.24,0.24,0.3
"PrinceWilliam_Virginia_51153","51153",2030,0,NA,0.481818181818182,0,NA,NA,NA,NA,NA,NA,NA,NA,NA,NA,NA,NA,NA,NA,NA,NA,NA,NA,NA,NA,NA,NA,NA,NA,NA,NA,NA
"Pulaski_Virginia_51155","51155",1970,0.0053475935828877,NA,0.0117647058823529,0.0117647058823529,0.0117647058823529,0.0117647058823529,0.0117647058823529,0,0,0,0,0,0,0,NA,NA,NA,NA,NA,NA,NA,NA,NA,NA,NA,NA,NA,NA,NA,NA,NA
"Pulaski_Virginia_51155","51155",2000,0.0888888888888889,0.00392156862745098,0.00392156862745098,0.203921568627451,0.211764705882353,0.211764705882353,0.207843137254902,0.301960784313725,0.101960784313725,0.0941176470588235,0.0941176470588235,0.0941176470588235,0.0784313725490196,0.0784313725490196,0.0784313725490196,0.0784313725490196,0.0784313725490196,0,0.0117647058823529,0.0117647058823529,0.0117647058823529,0.0117647058823529,0.141176470588235,0.129411764705882,0.129411764705882,0.129411764705882,0.129411764705882,0,0.00784313725490196,0.0980392156862745,0.122549019607843
"Pulaski_Virginia_51155","51155",2030,0.450980392156863,NA,0.245098039215686,0.450980392156863,NA,NA,NA,NA,NA,NA,NA,NA,NA,NA,NA,NA,NA,NA,NA,NA,NA,NA,NA,NA,NA,NA,NA,NA,NA,NA,NA
"Radford_Virginia_51750","51750",1970,0,NA,0,0,0,0,0,0,0,0,0,0,0,0,NA,NA,NA,NA,NA,NA,NA,NA,NA,NA,NA,NA,NA,NA,NA,NA,NA
"Radford_Virginia_51750","51750",2000,0.1,0,0,0.2,0.2,0.2,0.2,0.2,0,0,0,0,0.2,0.2,0.2,0.2,0.2,0,0,0,0,0,0,0,0,0,0,0,0.2,0.4,0.5
"Radford_Virginia_51750","51750",2030,1,NA,1,1,NA,NA,NA,NA,NA,NA,NA,NA,NA,NA,NA,NA,NA,NA,NA,NA,NA,NA,NA,NA,NA,NA,NA,NA,NA,NA,NA
"Rappahannock_Virginia_51157","51157",1970,0.16017316017316,NA,0.219047619047619,0.304761904761905,0.304761904761905,0.352380952380952,0.342857142857143,0.133333333333333,0.0476190476190476,0.0476190476190476,0,0,0,0,NA,NA,NA,NA,NA,NA,NA,NA,NA,NA,NA,NA,NA,NA,NA,NA,NA
"Rappahannock_Virginia_51157","51157",2000,0.21984126984127,0,0.157142857142857,0.157142857142857,0.204761904761905,0.252380952380952,0.252380952380952,0.438095238095238,0.438095238095238,0.39047619047619,0.342857142857143,0.342857142857143,0.10952380952381,0.180952380952381,0.20952380952381,0.20952380952381,0.20952380952381,0.1,0.080952380952381,0.223809523809524,0.223809523809524,0.352380952380952,0.438095238095238,0.385714285714286,0.214285714285714,0.223809523809524,0.0952380952380952,0.00952380952380952,0.0761904761904762,0.0904761904761905,0.101190476190476
"Rappahannock_Virginia_51157","51157",2030,0.0714285714285714,NA,0.202380952380952,0.0714285714285714,NA,NA,NA,NA,NA,NA,NA,NA,NA,NA,NA,NA,NA,NA,NA,NA,NA,NA,NA,NA,NA,NA,NA,NA,NA,NA,NA
"Richmond_Virginia_51159","51159",1970,0.115151515151515,NA,0.0533333333333333,0.0533333333333333,0.0533333333333333,0.253333333333333,0.253333333333333,0.2,0.2,0.2,0,0,0,0,NA,NA,NA,NA,NA,NA,NA,NA,NA,NA,NA,NA,NA,NA,NA,NA,NA
"Richmond_Virginia_51159","51159",2000,0.0844444444444444,0,0,0,0,0,0,0.313333333333333,0.346666666666667,0.346666666666667,0.346666666666667,0.346666666666667,0.0333333333333333,0,0,0,0,0.00666666666666667,0.153333333333333,0.153333333333333,0.153333333333333,0.16,0.153333333333333,0.00666666666666667,0.00666666666666667,0.00666666666666667,0,0,0,0,0
"Richmond_Virginia_51159","51159",2030,0,NA,0,0,NA,NA,NA,NA,NA,NA,NA,NA,NA,NA,NA,NA,NA,NA,NA,NA,NA,NA,NA,NA,NA,NA,NA,NA,NA,NA,NA
"Richmond_Virginia_51760","51760",1970,0,NA,0,0,0,0,0,0,0,0,0,0,0,0,NA,NA,NA,NA,NA,NA,NA,NA,NA,NA,NA,NA,NA,NA,NA,NA,NA
"Richmond_Virginia_51760","51760",2000,0.0888888888888889,0,0,0,0,0,0,0.2,0.2,0.2,0.2,0.2,0,0,0,0,0,0,0.2,0.333333333333333,0.333333333333333,0.333333333333333,0.333333333333333,0.133333333333333,0,0,0,0,0,0.0222222222222222,0.0277777777777778
"Richmond_Virginia_51760","51760",2030,0.111111111111111,NA,0.0555555555555556,0.111111111111111,NA,NA,NA,NA,NA,NA,NA,NA,NA,NA,NA,NA,NA,NA,NA,NA,NA,NA,NA,NA,NA,NA,NA,NA,NA,NA,NA
"Roanoke_Virginia_51161","51161",1970,0.00197628458498024,NA,0.00434782608695652,0.00434782608695652,0.00434782608695652,0.00434782608695652,0.00434782608695652,0,0,0,0,0,0,0,NA,NA,NA,NA,NA,NA,NA,NA,NA,NA,NA,NA,NA,NA,NA,NA,NA
"Roanoke_Virginia_51161","51161",2000,0.165217391304348,0.117391304347826,0.117391304347826,0.317391304347826,0.460869565217391,0.460869565217391,0.343478260869565,0.343478260869565,0.143478260869565,0,0,0.00434782608695652,0.2,0.2,0.2,0.2,0.195652173913043,0,0.00434782608695652,0.0478260869565217,0.0478260869565217,0.0478260869565217,0.265217391304348,0.260869565217391,0.217391304347826,0.221739130434783,0.221739130434783,0.0608695652173913,0.0652173913043478,0.126086956521739,0.152173913043478
"Roanoke_Virginia_51161","51161",2030,0.304347826086957,NA,0.16304347826087,0.304347826086957,NA,NA,NA,NA,NA,NA,NA,NA,NA,NA,NA,NA,NA,NA,NA,NA,NA,NA,NA,NA,NA,NA,NA,NA,NA,NA,NA
"Roanoke_Virginia_51770","51770",1970,0,NA,0,0,0,0,0,0,0,0,0,0,0,0,NA,NA,NA,NA,NA,NA,NA,NA,NA,NA,NA,NA,NA,NA,NA,NA,NA
"Roanoke_Virginia_51770","51770",2000,0.144444444444444,0,0,0.2,0.3,0.3,0.3,0.3,0.1,0,0,0,0.2,0.2,0.2,0.2,0.2,0,0,0.0666666666666667,0.0666666666666667,0.0666666666666667,0.266666666666667,0.266666666666667,0.2,0.2,0.2,0.1,0.1,0.1,0.125
"Roanoke_Virginia_51770","51770",2030,0,NA,0,0,NA,NA,NA,NA,NA,NA,NA,NA,NA,NA,NA,NA,NA,NA,NA,NA,NA,NA,NA,NA,NA,NA,NA,NA,NA,NA,NA
"Rockbridge_Virginia_51163","51163",1970,0.040959040959041,NA,0.010989010989011,0.010989010989011,0.010989010989011,0.0637362637362637,0.0571428571428571,0.0527472527472527,0.0527472527472527,0.0791208791208791,0.032967032967033,0.043956043956044,0.0659340659340659,0.131868131868132,NA,NA,NA,NA,NA,NA,NA,NA,NA,NA,NA,NA,NA,NA,NA,NA,NA
"Rockbridge_Virginia_51163","51163",2000,0.268498168498168,0.0285714285714286,0.032967032967033,0.189010989010989,0.389010989010989,0.404395604395604,0.41978021978022,0.567032967032967,0.410989010989011,0.210989010989011,0.169230769230769,0.151648351648352,0.0505494505494506,0.0505494505494506,0.0527472527472527,0.0527472527472527,0.0791208791208791,0.0417582417582418,0.0615384615384615,0.259340659340659,0.259340659340659,0.432967032967033,0.61978021978022,0.6,0.404395604395604,0.454945054945055,0.254945054945055,0.12967032967033,0.298901098901099,0.393406593406593,0.428571428571429
"Rockbridge_Virginia_51163","51163",2030,0.494505494505495,NA,0.67032967032967,0.494505494505495,NA,NA,NA,NA,NA,NA,NA,NA,NA,NA,NA,NA,NA,NA,NA,NA,NA,NA,NA,NA,NA,NA,NA,NA,NA,NA,NA
"Rockingham_Virginia_51165","51165",1970,0.0153743315508021,NA,0.0191176470588235,0.0220588235294118,0.0220588235294118,0.0338235294117647,0.0338235294117647,0.0147058823529412,0.0117647058823529,0.0117647058823529,0,0,0,0,NA,NA,NA,NA,NA,NA,NA,NA,NA,NA,NA,NA,NA,NA,NA,NA,NA
"Rockingham_Virginia_51165","51165",2000,0.0973039215686275,0.00147058823529412,0.0705882352941176,0.0705882352941176,0.110294117647059,0.126470588235294,0.125,0.123529411764706,0.123529411764706,0.0838235294117647,0.0676470588235294,0.0676470588235294,0.0235294117647059,0.0264705882352941,0.0308823529411765,0.0308823529411765,0.0308823529411765,0.00882352941176471,0.0323529411764706,0.102941176470588,0.102941176470588,0.182352941176471,0.347058823529412,0.320588235294118,0.245588235294118,0.245588235294118,0.166176470588235,0,0.0102941176470588,0.0132352941176471,0.0165441176470588
"Rockingham_Virginia_51165","51165",2030,0.0147058823529412,NA,0.0330882352941176,0.0147058823529412,NA,NA,NA,NA,NA,NA,NA,NA,NA,NA,NA,NA,NA,NA,NA,NA,NA,NA,NA,NA,NA,NA,NA,NA,NA,NA,NA
"Russell_Virginia_51167","51167",1970,0.00128040973111396,NA,0.0028169014084507,0.0028169014084507,0.0028169014084507,0.0028169014084507,0.0028169014084507,0,0,0,0,0,0,0,NA,NA,NA,NA,NA,NA,NA,NA,NA,NA,NA,NA,NA,NA,NA,NA,NA
"Russell_Virginia_51167","51167",2000,0.11830985915493,0.00563380281690141,0.00563380281690141,0.202816901408451,0.222535211267606,0.222535211267606,0.216901408450704,0.228169014084507,0.0394366197183099,0.0197183098591549,0.0225352112676056,0.0225352112676056,0.135211267605634,0.126760563380282,0.126760563380282,0.123943661971831,0.123943661971831,0,0.0591549295774648,0.0591549295774648,0.0591549295774648,0.0591549295774648,0.264788732394366,0.205633802816901,0.205633802816901,0.205633802816901,0.205633802816901,0.076056338028169,0.076056338028169,0.219718309859155,0.274647887323944
"Russell_Virginia_51167","51167",2030,0.71830985915493,NA,0.359154929577465,0.71830985915493,NA,NA,NA,NA,NA,NA,NA,NA,NA,NA,NA,NA,NA,NA,NA,NA,NA,NA,NA,NA,NA,NA,NA,NA,NA,NA,NA
"Salem_Virginia_51775","51775",1970,0,NA,0,0,0,0,0,0,0,0,0,0,0,0,NA,NA,NA,NA,NA,NA,NA,NA,NA,NA,NA,NA,NA,NA,NA,NA,NA
"Salem_Virginia_51775","51775",2000,0.133333333333333,0,0,0.2,0.4,0.4,0.4,0.4,0.2,0,0,0,0.2,0.2,0.2,0.2,0.2,0,0,0,0,0,0.2,0.2,0.2,0.2,0.2,0,0,0,0
"Salem_Virginia_51775","51775",2030,0,NA,0,0,NA,NA,NA,NA,NA,NA,NA,NA,NA,NA,NA,NA,NA,NA,NA,NA,NA,NA,NA,NA,NA,NA,NA,NA,NA,NA,NA
"Scott_Virginia_51169","51169",1970,0.00985761226725082,NA,0.00963855421686747,0.00963855421686747,0.00963855421686747,0,0.0120481927710843,0.0120481927710843,0.0120481927710843,0.0120481927710843,0.0150602409638554,0,0,0,NA,NA,NA,NA,NA,NA,NA,NA,NA,NA,NA,NA,NA,NA,NA,NA,NA
"Scott_Virginia_51169","51169",2000,0.271887550200803,0.146987951807229,0.139759036144578,0.339759036144578,0.465060240963855,0.465060240963855,0.334939759036145,0.337349397590361,0.137349397590361,0.0120481927710843,0.036144578313253,0.036144578313253,0.262650602409639,0.262650602409639,0.27710843373494,0.274698795180723,0.27710843373494,0.0746987951807229,0.303614457831325,0.303614457831325,0.320481927710843,0.31566265060241,0.474698795180723,0.265060240963855,0.250602409638554,0.212048192771084,0.209638554216867,0.168674698795181,0.32289156626506,0.52289156626506,0.653614457831325
"Scott_Virginia_51169","51169",2030,1,NA,0.933734939759036,1,NA,NA,NA,NA,NA,NA,NA,NA,NA,NA,NA,NA,NA,NA,NA,NA,NA,NA,NA,NA,NA,NA,NA,NA,NA,NA,NA
"Shenandoah_Virginia_51171","51171",1970,0.0356731875719217,NA,0.0784810126582278,0.0784810126582278,0.0784810126582278,0.0784810126582278,0.0784810126582278,0,0,0,0,0,0,0,NA,NA,NA,NA,NA,NA,NA,NA,NA,NA,NA,NA,NA,NA,NA,NA,NA
"Shenandoah_Virginia_51171","51171",2000,0.114767932489451,0,0.192405063291139,0.192405063291139,0.19493670886076,0.19493670886076,0.19493670886076,0.156962025316456,0.156962025316456,0.154430379746835,0.154430379746835,0.154430379746835,0.0430379746835443,0.0430379746835443,0.0430379746835443,0.0430379746835443,0.0430379746835443,0,0.0582278481012658,0.164556962025316,0.164556962025316,0.172151898734177,0.245569620253165,0.187341772151899,0.0810126582278481,0.131645569620253,0.124050632911392,0.0506329113924051,0.0506329113924051,0.108860759493671,0.0727848101265823
"Shenandoah_Virginia_51171","51171",2030,0.291139240506329,NA,0.145569620253165,0.291139240506329,NA,NA,NA,NA,NA,NA,NA,NA,NA,NA,NA,NA,NA,NA,NA,NA,NA,NA,NA,NA,NA,NA,NA,NA,NA,NA,NA
"Smyth_Virginia_51173","51173",1970,0.0142857142857143,NA,0.0314285714285714,0.0314285714285714,0.0314285714285714,0.0314285714285714,0.0285714285714286,0,0,0,0,0,0,0,NA,NA,NA,NA,NA,NA,NA,NA,NA,NA,NA,NA,NA,NA,NA,NA,NA
"Smyth_Virginia_51173","51173",2000,0.13,0.0114285714285714,0.0114285714285714,0.2,0.402857142857143,0.414285714285714,0.402857142857143,0.491428571428571,0.308571428571429,0.105714285714286,0.111428571428571,0.111428571428571,0.117142857142857,0.111428571428571,0.111428571428571,0.0942857142857143,0.102857142857143,0.00857142857142857,0.06,0.06,0.0628571428571428,0.0571428571428571,0.14,0.0914285714285714,0.0914285714285714,0.0971428571428571,0.0942857142857143,0.0114285714285714,0.00857142857142857,0.04,0.0392857142857143
"Smyth_Virginia_51173","51173",2030,0.157142857142857,NA,0.0785714285714286,0.157142857142857,NA,NA,NA,NA,NA,NA,NA,NA,NA,NA,NA,NA,NA,NA,NA,NA,NA,NA,NA,NA,NA,NA,NA,NA,NA,NA,NA
"Southampton_Virginia_51175","51175",1970,0.0909090909090909,NA,0,0,0,0.2,0.2,0.2,0.2,0.2,0,0,0,0,NA,NA,NA,NA,NA,NA,NA,NA,NA,NA,NA,NA,NA,NA,NA,NA,NA
"Southampton_Virginia_51175","51175",2000,0.0507407407407407,0,0,0,0,0,0,0.186666666666667,0.193333333333333,0.193333333333333,0.193333333333333,0.193333333333333,0.00666666666666667,0,0,0,0,0.00444444444444444,0.108888888888889,0.108888888888889,0.108888888888889,0.108888888888889,0.106666666666667,0.00222222222222222,0.00222222222222222,0.00222222222222222,0.00222222222222222,0,0,0.195555555555556,0.244444444444444
"Southampton_Virginia_51175","51175",2030,0.977777777777778,NA,0.488888888888889,0.977777777777778,NA,NA,NA,NA,NA,NA,NA,NA,NA,NA,NA,NA,NA,NA,NA,NA,NA,NA,NA,NA,NA,NA,NA,NA,NA,NA,NA
"Spotsylvania_Virginia_51177","51177",1970,0.0184659090909091,NA,0.015625,0.015625,0.015625,0.040625,0.040625,0.025,0.025,0.025,0,0,0,0,NA,NA,NA,NA,NA,NA,NA,NA,NA,NA,NA,NA,NA,NA,NA,NA,NA
"Spotsylvania_Virginia_51177","51177",2000,0.1515625,0,0.146875,0.146875,0.146875,0.146875,0.146875,0.18125,0.18125,0.18125,0.18125,0.18125,0.01875,0.01875,0.18125,0.18125,0.18125,0.1625,0.1625,0,0,0.2,0.2,0.2,0.2,0.2,0,0.2,0.2,0.2,0.25
"Spotsylvania_Virginia_51177","51177",2030,0,NA,0,0,NA,NA,NA,NA,NA,NA,NA,NA,NA,NA,NA,NA,NA,NA,NA,NA,NA,NA,NA,NA,NA,NA,NA,NA,NA,NA,NA
"Stafford_Virginia_51179","51179",1970,0.0634249471458774,NA,0,0,0,0.13953488372093,0.13953488372093,0.13953488372093,0.13953488372093,0.13953488372093,0,0,0,0,NA,NA,NA,NA,NA,NA,NA,NA,NA,NA,NA,NA,NA,NA,NA,NA,NA
"Stafford_Virginia_51179","51179",2000,0.134883720930233,0,0.0186046511627907,0.0186046511627907,0.0186046511627907,0.0186046511627907,0.0186046511627907,0.2,0.2,0.2,0.2,0.2,0.00465116279069767,0.00465116279069767,0.12093023255814,0.12093023255814,0.12093023255814,0.116279069767442,0.116279069767442,0.0186046511627907,0.0186046511627907,0.218604651162791,0.218604651162791,0.218604651162791,0.2,0.2,0,0.195348837209302,0.251162790697674,0.251162790697674,0.313953488372093
"Stafford_Virginia_51179","51179",2030,0,NA,0.13953488372093,0,NA,NA,NA,NA,NA,NA,NA,NA,NA,NA,NA,NA,NA,NA,NA,NA,NA,NA,NA,NA,NA,NA,NA,NA,NA,NA,NA
"Staunton_Virginia_51790","51790",1970,0,NA,0,0,0,0,0,0,0,0,0,0,0,0,NA,NA,NA,NA,NA,NA,NA,NA,NA,NA,NA,NA,NA,NA,NA,NA,NA
"Staunton_Virginia_51790","51790",2000,0.0666666666666667,0,0,0,0,0,0,0.2,0.2,0.2,0.2,0.2,0,0,0,0,0,0,0,0,0,0.2,0.2,0.2,0.2,0.2,0,0,0,0,0
"Staunton_Virginia_51790","51790",2030,0,NA,0,0,NA,NA,NA,NA,NA,NA,NA,NA,NA,NA,NA,NA,NA,NA,NA,NA,NA,NA,NA,NA,NA,NA,NA,NA,NA,NA,NA
"Suffolk_Virginia_51800","51800",1970,0.0909090909090909,NA,0,0,0,0.2,0.2,0.2,0.2,0.2,0,0,0,0,NA,NA,NA,NA,NA,NA,NA,NA,NA,NA,NA,NA,NA,NA,NA,NA,NA
"Suffolk_Virginia_51800","51800",2000,0.096875,0,0,0,0,0,0,0.2,0.2,0.2,0.2,0.2,0,0,0,0,0,0.090625,0.290625,0.365625,0.365625,0.365625,0.275,0.075,0,0.009375,0.009375,0.015625,0.015625,0.215625,0.2578125
"Suffolk_Virginia_51800","51800",2030,1,NA,0.5,1,NA,NA,NA,NA,NA,NA,NA,NA,NA,NA,NA,NA,NA,NA,NA,NA,NA,NA,NA,NA,NA,NA,NA,NA,NA,NA,NA
"Surry_Virginia_51181","51181",1970,0.0909090909090909,NA,0,0,0,0.2,0.2,0.2,0.2,0.2,0,0,0,0,NA,NA,NA,NA,NA,NA,NA,NA,NA,NA,NA,NA,NA,NA,NA,NA,NA
"Surry_Virginia_51181","51181",2000,0.0844444444444444,0,0,0,0,0,0,0.257777777777778,0.293333333333333,0.293333333333333,0.293333333333333,0.293333333333333,0.0355555555555556,0,0,0,0,0,0.2,0.213333333333333,0.213333333333333,0.213333333333333,0.213333333333333,0.0133333333333333,0,0,0,0,0,0.213333333333333,0.266666666666667
"Surry_Virginia_51181","51181",2030,1.06666666666667,NA,0.533333333333333,1.06666666666667,NA,NA,NA,NA,NA,NA,NA,NA,NA,NA,NA,NA,NA,NA,NA,NA,NA,NA,NA,NA,NA,NA,NA,NA,NA,NA,NA
"Sussex_Virginia_51183","51183",1970,0.085995085995086,NA,0,0,0,0.189189189189189,0.189189189189189,0.189189189189189,0.189189189189189,0.189189189189189,0,0,0,0,NA,NA,NA,NA,NA,NA,NA,NA,NA,NA,NA,NA,NA,NA,NA,NA,NA
"Sussex_Virginia_51183","51183",2000,0.0801801801801802,0,0,0,0,0,0,0.140540540540541,0.154054054054054,0.154054054054054,0.154054054054054,0.154054054054054,0.0135135135135135,0,0.0135135135135135,0.0135135135135135,0.0135135135135135,0.0135135135135135,0.145945945945946,0.235135135135135,0.235135135135135,0.235135135135135,0.313513513513514,0.181081081081081,0.0783783783783784,0.0783783783783784,0.0783783783783784,0,0,0.2,0.25
"Sussex_Virginia_51183","51183",2030,1,NA,0.5,1,NA,NA,NA,NA,NA,NA,NA,NA,NA,NA,NA,NA,NA,NA,NA,NA,NA,NA,NA,NA,NA,NA,NA,NA,NA,NA,NA
"Tazewell_Virginia_51185","51185",1970,0.0161104718066743,NA,0.030379746835443,0.030379746835443,0.030379746835443,0.0354430379746835,0.0354430379746835,0.00506329113924051,0.00506329113924051,0.00506329113924051,0,0,0,0,NA,NA,NA,NA,NA,NA,NA,NA,NA,NA,NA,NA,NA,NA,NA,NA,NA
"Tazewell_Virginia_51185","51185",2000,0.112236286919831,0.0151898734177215,0.0253164556962025,0.162025316455696,0.286075949367089,0.286075949367089,0.270886075949367,0.270886075949367,0.134177215189873,0.010126582278481,0.010126582278481,0.0151898734177215,0.0911392405063291,0.0911392405063291,0.0911392405063291,0.0911392405063291,0.0860759493670886,0,0.00759493670886076,0.00759493670886076,0.00759493670886076,0.00759493670886076,0.184810126582278,0.177215189873418,0.179746835443038,0.179746835443038,0.179746835443038,0.10126582278481,0.10126582278481,0.134177215189873,0.167721518987342
"Tazewell_Virginia_51185","51185",2030,0.177215189873418,NA,0.0886075949367089,0.177215189873418,NA,NA,NA,NA,NA,NA,NA,NA,NA,NA,NA,NA,NA,NA,NA,NA,NA,NA,NA,NA,NA,NA,NA,NA,NA,NA,NA
"VirginiaBeach_Virginia_51810","51810",1970,0.201581027667984,NA,0,0,0,0.382608695652174,0.382608695652174,0.382608695652174,0.443478260869565,0.443478260869565,0.0760869565217391,0.101449275362319,0.152173913043478,0,NA,NA,NA,NA,NA,NA,NA,NA,NA,NA,NA,NA,NA,NA,NA,NA,NA
"VirginiaBeach_Virginia_51810","51810",2000,0.173188405797101,0.0608695652173913,0.0608695652173913,0.0608695652173913,0,0,0,0.2,0.2,0.2,0.2,0.2,0,0,0,0,0,0.108695652173913,0.308695652173913,0.508695652173913,0.508695652173913,0.508695652173913,0.543478260869565,0.343478260869565,0.143478260869565,0.247826086956522,0.247826086956522,0.126086956521739,0.126086956521739,0.326086956521739,0.277173913043478
"VirginiaBeach_Virginia_51810","51810",2030,1,NA,0.5,1,NA,NA,NA,NA,NA,NA,NA,NA,NA,NA,NA,NA,NA,NA,NA,NA,NA,NA,NA,NA,NA,NA,NA,NA,NA,NA,NA
"Warren_Virginia_51187","51187",1970,0.115702479338843,NA,0.206060606060606,0.236363636363636,0.236363636363636,0.254545454545455,0.248484848484848,0.0484848484848485,0.0181818181818182,0.0181818181818182,0,0,0,0,NA,NA,NA,NA,NA,NA,NA,NA,NA,NA,NA,NA,NA,NA,NA,NA,NA
"Warren_Virginia_51187","51187",2000,0.17979797979798,0,0.2,0.2,0.218181818181818,0.284848484848485,0.284848484848485,0.309090909090909,0.309090909090909,0.290909090909091,0.224242424242424,0.224242424242424,0.0242424242424242,0.0363636363636364,0.0424242424242424,0.0424242424242424,0.0424242424242424,0.0181818181818182,0.163636363636364,0.315151515151515,0.315151515151515,0.412121212121212,0.424242424242424,0.266666666666667,0.109090909090909,0.109090909090909,0.0121212121212121,0,0.103030303030303,0.121212121212121,0.151515151515152
"Warren_Virginia_51187","51187",2030,0.0909090909090909,NA,0.303030303030303,0.0909090909090909,NA,NA,NA,NA,NA,NA,NA,NA,NA,NA,NA,NA,NA,NA,NA,NA,NA,NA,NA,NA,NA,NA,NA,NA,NA,NA,NA
"Washington_Virginia_51191","51191",1970,0.00108225108225108,NA,0.00238095238095238,0.00238095238095238,0.00238095238095238,0.00238095238095238,0.00238095238095238,0,0,0,0,0,0,0,NA,NA,NA,NA,NA,NA,NA,NA,NA,NA,NA,NA,NA,NA,NA,NA,NA
"Washington_Virginia_51191","51191",2000,0.169047619047619,0,0,0.197619047619048,0.373809523809524,0.373809523809524,0.373809523809524,0.416666666666667,0.230952380952381,0.0547619047619048,0.0547619047619048,0.0547619047619048,0.195238095238095,0.183333333333333,0.183333333333333,0.183333333333333,0.183333333333333,0,0.164285714285714,0.164285714285714,0.164285714285714,0.166666666666667,0.395238095238095,0.230952380952381,0.230952380952381,0.238095238095238,0.235714285714286,0.00714285714285714,0.00714285714285714,0.0976190476190476,0.113095238095238
"Washington_Virginia_51191","51191",2030,0.452380952380952,NA,0.226190476190476,0.452380952380952,NA,NA,NA,NA,NA,NA,NA,NA,NA,NA,NA,NA,NA,NA,NA,NA,NA,NA,NA,NA,NA,NA,NA,NA,NA,NA,NA
"Waynesboro_Virginia_51820","51820",1970,0,NA,0,0,0,0,0,0,0,0,0,0,0,0,NA,NA,NA,NA,NA,NA,NA,NA,NA,NA,NA,NA,NA,NA,NA,NA,NA
"Waynesboro_Virginia_51820","51820",2000,0.216666666666667,0,0.2,0.2,0.4,0.4,0.4,0.4,0.4,0.2,0.2,0.2,0,0,0,0,0,0,0.1,0.3,0.3,0.5,0.7,0.6,0.4,0.4,0.2,0,0,0,0
"Waynesboro_Virginia_51820","51820",2030,0,NA,0,0,NA,NA,NA,NA,NA,NA,NA,NA,NA,NA,NA,NA,NA,NA,NA,NA,NA,NA,NA,NA,NA,NA,NA,NA,NA,NA,NA
"Westmoreland_Virginia_51193","51193",1970,0.108585858585859,NA,0.0388888888888889,0.0388888888888889,0.0388888888888889,0.238888888888889,0.238888888888889,0.2,0.2,0.2,0,0,0,0,NA,NA,NA,NA,NA,NA,NA,NA,NA,NA,NA,NA,NA,NA,NA,NA,NA
"Westmoreland_Virginia_51193","51193",2000,0.087037037037037,0,0,0,0,0,0,0.244444444444444,0.244444444444444,0.244444444444444,0.261111111111111,0.261111111111111,0.0166666666666667,0.0166666666666667,0.0166666666666667,0,0,0,0.155555555555556,0.155555555555556,0.155555555555556,0.233333333333333,0.233333333333333,0.0777777777777778,0.0777777777777778,0.0777777777777778,0,0.0277777777777778,0.0277777777777778,0.0277777777777778,0.0347222222222222
"Westmoreland_Virginia_51193","51193",2030,0,NA,0,0,NA,NA,NA,NA,NA,NA,NA,NA,NA,NA,NA,NA,NA,NA,NA,NA,NA,NA,NA,NA,NA,NA,NA,NA,NA,NA,NA
"Williamsburg_Virginia_51830","51830",1970,0.0909090909090909,NA,0,0,0,0.2,0.2,0.2,0.2,0.2,0,0,0,0,NA,NA,NA,NA,NA,NA,NA,NA,NA,NA,NA,NA,NA,NA,NA,NA,NA
"Williamsburg_Virginia_51830","51830",2000,0.1,0,0,0,0,0,0,0.2,0.4,0.4,0.4,0.4,0.2,0,0,0,0,0,0.2,0.2,0.2,0.2,0.2,0,0,0,0,0,0,0.2,0.25
"Williamsburg_Virginia_51830","51830",2030,1,NA,0.5,1,NA,NA,NA,NA,NA,NA,NA,NA,NA,NA,NA,NA,NA,NA,NA,NA,NA,NA,NA,NA,NA,NA,NA,NA,NA,NA,NA
"Winchester_Virginia_51840","51840",1970,0.0909090909090909,NA,0.2,0.2,0.2,0.2,0.2,0,0,0,0,0,0,0,NA,NA,NA,NA,NA,NA,NA,NA,NA,NA,NA,NA,NA,NA,NA,NA,NA
"Winchester_Virginia_51840","51840",2000,0.116666666666667,0,0.2,0.2,0.2,0.2,0.2,0.2,0.2,0.2,0.2,0.2,0,0,0,0,0,0,0.1,0.3,0.3,0.3,0.3,0.2,0,0,0,0,0,0,0
"Winchester_Virginia_51840","51840",2030,0,NA,0,0,NA,NA,NA,NA,NA,NA,NA,NA,NA,NA,NA,NA,NA,NA,NA,NA,NA,NA,NA,NA,NA,NA,NA,NA,NA,NA,NA
"Wise_Virginia_51195","51195",1970,0.0161290322580645,NA,0.0032258064516129,0.0032258064516129,0.0032258064516129,0,0.032258064516129,0.032258064516129,0.032258064516129,0.032258064516129,0.0403225806451613,0,0,0,NA,NA,NA,NA,NA,NA,NA,NA,NA,NA,NA,NA,NA,NA,NA,NA,NA
"Wise_Virginia_51195","51195",2000,0.288709677419355,0.164516129032258,0.141935483870968,0.341935483870968,0.448387096774194,0.448387096774194,0.316129032258064,0.316129032258064,0.125806451612903,0.0193548387096774,0.1,0.1,0.445161290322581,0.435483870967742,0.448387096774194,0.412903225806452,0.412903225806452,0.0838709677419355,0.306451612903226,0.296774193548387,0.264516129032258,0.264516129032258,0.435483870967742,0.22258064516129,0.261290322580645,0.248387096774194,0.248387096774194,0.251612903225806,0.3,0.435483870967742,0.544354838709677
"Wise_Virginia_51195","51195",2030,0.887096774193548,NA,0.588709677419355,0.887096774193548,NA,NA,NA,NA,NA,NA,NA,NA,NA,NA,NA,NA,NA,NA,NA,NA,NA,NA,NA,NA,NA,NA,NA,NA,NA,NA,NA
"Wythe_Virginia_51197","51197",1970,0.0161892901618929,NA,0.0356164383561644,0.0356164383561644,0.0356164383561644,0.0356164383561644,0.0356164383561644,0,0,0,0,0,0,0,NA,NA,NA,NA,NA,NA,NA,NA,NA,NA,NA,NA,NA,NA,NA,NA,NA
"Wythe_Virginia_51197","51197",2000,0.0767123287671233,0,0,0.063013698630137,0.183561643835616,0.183561643835616,0.183561643835616,0.243835616438356,0.180821917808219,0.0602739726027397,0.0602739726027397,0.0602739726027397,0.0794520547945205,0.0794520547945205,0.0794520547945205,0.0794520547945205,0.0794520547945205,0,0,0,0,0,0.128767123287671,0.128767123287671,0.128767123287671,0.128767123287671,0.128767123287671,0.00821917808219178,0.00821917808219178,0.063013698630137,0.0787671232876712
"Wythe_Virginia_51197","51197",2030,0.273972602739726,NA,0.136986301369863,0.273972602739726,NA,NA,NA,NA,NA,NA,NA,NA,NA,NA,NA,NA,NA,NA,NA,NA,NA,NA,NA,NA,NA,NA,NA,NA,NA,NA,NA
"York_Virginia_51199","51199",1970,0.0909090909090909,NA,0,0,0,0.2,0.2,0.2,0.2,0.2,0,0,0,0,NA,NA,NA,NA,NA,NA,NA,NA,NA,NA,NA,NA,NA,NA,NA,NA,NA
"York_Virginia_51199","51199",2000,0.0925925925925926,0,0,0,0,0,0,0.288888888888889,0.311111111111111,0.311111111111111,0.311111111111111,0.311111111111111,0.0222222222222222,0,0,0,0,0,0.2,0.233333333333333,0.233333333333333,0.233333333333333,0.233333333333333,0.0333333333333333,0,0.0111111111111111,0.0111111111111111,0.0111111111111111,0.0111111111111111,0.244444444444444,0.291666666666667
"York_Virginia_51199","51199",2030,1.16666666666667,NA,0.583333333333333,1.16666666666667,NA,NA,NA,NA,NA,NA,NA,NA,NA,NA,NA,NA,NA,NA,NA,NA,NA,NA,NA,NA,NA,NA,NA,NA,NA,NA,NA
